-- MySQL dump 10.13  Distrib 8.0.45, for Linux (x86_64)
--
-- Host: 192.168.110.110    Database: wantong
-- ------------------------------------------------------
-- Server version	8.4.7

/*!40101 SET @OLD_CHARACTER_SET_CLIENT=@@CHARACTER_SET_CLIENT */;
/*!40101 SET @OLD_CHARACTER_SET_RESULTS=@@CHARACTER_SET_RESULTS */;
/*!40101 SET @OLD_COLLATION_CONNECTION=@@COLLATION_CONNECTION */;
/*!50503 SET NAMES utf8mb4 */;
/*!40103 SET @OLD_TIME_ZONE=@@TIME_ZONE */;
/*!40103 SET TIME_ZONE='+00:00' */;
/*!40014 SET @OLD_UNIQUE_CHECKS=@@UNIQUE_CHECKS, UNIQUE_CHECKS=0 */;
/*!40014 SET @OLD_FOREIGN_KEY_CHECKS=@@FOREIGN_KEY_CHECKS, FOREIGN_KEY_CHECKS=0 */;
/*!40101 SET @OLD_SQL_MODE=@@SQL_MODE, SQL_MODE='NO_AUTO_VALUE_ON_ZERO' */;
/*!40111 SET @OLD_SQL_NOTES=@@SQL_NOTES, SQL_NOTES=0 */;

--
-- Table structure for table `app_myapp`
--

DROP TABLE IF EXISTS `app_myapp`;
/*!40101 SET @saved_cs_client     = @@character_set_client */;
/*!50503 SET character_set_client = utf8mb4 */;
CREATE TABLE `app_myapp` (
  `name` varchar(64) COLLATE utf8mb4_unicode_ci NOT NULL COMMENT '应用名称',
  `access_url` varchar(500) COLLATE utf8mb4_unicode_ci NOT NULL COMMENT '访问地址',
  `icon_url` varchar(300) COLLATE utf8mb4_unicode_ci DEFAULT NULL COMMENT '应用图标URL',
  `id` int NOT NULL AUTO_INCREMENT COMMENT '主键ID',
  `uuid` varchar(64) COLLATE utf8mb4_unicode_ci NOT NULL COMMENT 'UUID全局唯一标识',
  `status` varchar(10) COLLATE utf8mb4_unicode_ci NOT NULL COMMENT '是否启用(0:启用 1:禁用)',
  `description` text COLLATE utf8mb4_unicode_ci COMMENT '备注/描述',
  `created_time` datetime NOT NULL COMMENT '创建时间',
  `updated_time` datetime NOT NULL COMMENT '更新时间',
  `created_id` int DEFAULT NULL COMMENT '创建人ID',
  `updated_id` int DEFAULT NULL COMMENT '更新人ID',
  PRIMARY KEY (`id`),
  UNIQUE KEY `ix_app_myapp_uuid` (`uuid`),
  KEY `ix_app_myapp_id` (`id`),
  KEY `ix_app_myapp_updated_id` (`updated_id`),
  KEY `ix_app_myapp_created_id` (`created_id`),
  KEY `ix_app_myapp_created_time` (`created_time`),
  KEY `ix_app_myapp_updated_time` (`updated_time`),
  KEY `ix_app_myapp_status` (`status`),
  CONSTRAINT `app_myapp_ibfk_1` FOREIGN KEY (`created_id`) REFERENCES `sys_user` (`id`) ON DELETE SET NULL ON UPDATE CASCADE,
  CONSTRAINT `app_myapp_ibfk_2` FOREIGN KEY (`updated_id`) REFERENCES `sys_user` (`id`) ON DELETE SET NULL ON UPDATE CASCADE
) ENGINE=InnoDB DEFAULT CHARSET=utf8mb4 COLLATE=utf8mb4_unicode_ci COMMENT='应用系统表';
/*!40101 SET character_set_client = @saved_cs_client */;

--
-- Dumping data for table `app_myapp`
--

/*!40000 ALTER TABLE `app_myapp` DISABLE KEYS */;
/*!40000 ALTER TABLE `app_myapp` ENABLE KEYS */;

--
-- Table structure for table `apscheduler_jobs`
--

DROP TABLE IF EXISTS `apscheduler_jobs`;
/*!40101 SET @saved_cs_client     = @@character_set_client */;
/*!50503 SET character_set_client = utf8mb4 */;
CREATE TABLE `apscheduler_jobs` (
  `id` varchar(191) COLLATE utf8mb4_unicode_ci NOT NULL,
  `next_run_time` double DEFAULT NULL,
  `job_state` blob NOT NULL,
  PRIMARY KEY (`id`),
  KEY `ix_apscheduler_jobs_next_run_time` (`next_run_time`)
) ENGINE=InnoDB DEFAULT CHARSET=utf8mb4 COLLATE=utf8mb4_unicode_ci;
/*!40101 SET character_set_client = @saved_cs_client */;

--
-- Dumping data for table `apscheduler_jobs`
--

/*!40000 ALTER TABLE `apscheduler_jobs` DISABLE KEYS */;
/*!40000 ALTER TABLE `apscheduler_jobs` ENABLE KEYS */;

--
-- Table structure for table `data_bom`
--

DROP TABLE IF EXISTS `data_bom`;
/*!40101 SET @saved_cs_client     = @@character_set_client */;
/*!50503 SET character_set_client = utf8mb4 */;
CREATE TABLE `data_bom` (
  `first_code` varchar(64) COLLATE utf8mb4_unicode_ci NOT NULL COMMENT '根代号',
  `parent_code` varchar(64) COLLATE utf8mb4_unicode_ci NOT NULL COMMENT '父代号',
  `code` varchar(64) COLLATE utf8mb4_unicode_ci DEFAULT NULL COMMENT '代号',
  `spec` varchar(255) COLLATE utf8mb4_unicode_ci NOT NULL COMMENT '名称',
  `count` int NOT NULL COMMENT '数量',
  `material` varchar(255) COLLATE utf8mb4_unicode_ci DEFAULT NULL COMMENT '材质',
  `unit_mass` float DEFAULT NULL COMMENT '单重',
  `total_mass` float DEFAULT NULL COMMENT '总重',
  `remark` varchar(500) COLLATE utf8mb4_unicode_ci DEFAULT NULL COMMENT '备注',
  `borrow` tinyint(1) NOT NULL COMMENT '是否借用',
  `procure` tinyint(1) NOT NULL COMMENT '是否外购',
  `noimage` tinyint(1) NOT NULL COMMENT '是否无图',
  `figure` tinyint(1) NOT NULL COMMENT '是否附图',
  `id` int NOT NULL AUTO_INCREMENT COMMENT '主键ID',
  `uuid` varchar(64) COLLATE utf8mb4_unicode_ci NOT NULL COMMENT 'UUID全局唯一标识',
  `status` varchar(10) COLLATE utf8mb4_unicode_ci NOT NULL COMMENT '是否启用(0:启用 1:禁用)',
  `description` text COLLATE utf8mb4_unicode_ci COMMENT '备注/描述',
  `created_time` datetime NOT NULL COMMENT '创建时间',
  `updated_time` datetime NOT NULL COMMENT '更新时间',
  `created_id` int DEFAULT NULL COMMENT '创建人ID',
  `updated_id` int DEFAULT NULL COMMENT '更新人ID',
  PRIMARY KEY (`id`),
  UNIQUE KEY `ix_data_bom_uuid` (`uuid`),
  KEY `ix_data_bom_updated_time` (`updated_time`),
  KEY `ix_data_bom_created_time` (`created_time`),
  KEY `ix_data_bom_updated_id` (`updated_id`),
  KEY `ix_data_bom_status` (`status`),
  KEY `ix_data_bom_id` (`id`),
  KEY `ix_data_bom_created_id` (`created_id`),
  CONSTRAINT `data_bom_ibfk_1` FOREIGN KEY (`created_id`) REFERENCES `sys_user` (`id`) ON DELETE SET NULL ON UPDATE CASCADE,
  CONSTRAINT `data_bom_ibfk_2` FOREIGN KEY (`updated_id`) REFERENCES `sys_user` (`id`) ON DELETE SET NULL ON UPDATE CASCADE
) ENGINE=InnoDB AUTO_INCREMENT=469 DEFAULT CHARSET=utf8mb4 COLLATE=utf8mb4_unicode_ci COMMENT='BOM清单';
/*!40101 SET character_set_client = @saved_cs_client */;

--
-- Dumping data for table `data_bom`
--

/*!40000 ALTER TABLE `data_bom` DISABLE KEYS */;
INSERT INTO `data_bom` VALUES ('WGWF36DH.2','WGWF36DH','WGWF36DH.2','横向移动车',1,'部件',9177,9177,'',0,0,0,0,313,'8dca2e52-30b7-4dcf-bc46-dc27d785fab9','0',NULL,'2026-03-23 15:11:08','2026-03-23 15:11:08',1,1),('WGWF36DH.2','WGWF36DH.2','WGWF36DH.2.1','车体1',1,'组件',4781.4,4781.4,'',0,0,0,0,314,'3136b0c1-fde1-48f5-ac1c-b581c60ac830','0',NULL,'2026-03-23 15:11:08','2026-03-23 15:11:08',1,1),('WGWF36DH.2','WGWF36DH.2.1','WGWF36DH.2.1.1','旋转辊总成',2,'组件',432.1,864.2,'',0,0,0,0,315,'9084e2c7-f341-4c8d-924b-62f0e4158394','0',NULL,'2026-03-23 15:11:08','2026-03-23 15:11:08',1,1),('WGWF36DH.2','WGWF36DH.2.1.1','WGWF36DH.2.1.1-1','轴承座',2,'ZG340-640',20,40,'',0,0,0,0,316,'62be23d4-f462-4849-b9cc-2ff03dff9946','0',NULL,'2026-03-23 15:11:08','2026-03-23 15:11:08',1,1),('WGWF36DH.2','WGWF36DH.2.1.1','WGWF36DH.2.1.1-2','主轴',1,'45',45.4,45.4,'',0,0,0,0,317,'334522a7-9328-4b33-8cdc-448e61776144','0',NULL,'2026-03-23 15:11:08','2026-03-23 15:11:08',1,1),('WGWF36DH.2','WGWF36DH.2.1.1','WGWF36DH.2.1.1-3','辊轮',1,'ZG45',102,102,'',0,0,0,0,318,'6015e478-ea63-4dc0-b873-efdd679c5b9a','0',NULL,'2026-03-23 15:11:08','2026-03-23 15:11:08',1,1),('WGWF36DH.2','WGWF36DH.2.1.1','WGWF36DH.2.1.1-4','隔套',1,'Q235A',1,1,'',0,0,0,0,319,'8ccee20c-3df4-4cf8-ac89-6025eb91103c','0',NULL,'2026-03-23 15:11:08','2026-03-23 15:11:08',1,1),('WGWF36DH.2','WGWF36DH.2.1.1','WGWF36DH.2.1.1-5','减速机固定板1',1,'Q235A',1.6,1.6,'',0,0,0,0,320,'fd92eaaf-3d34-416c-97b0-7133a35229e1','0',NULL,'2026-03-23 15:11:08','2026-03-23 15:11:08',1,1),('WGWF36DH.2','WGWF36DH.2.1.1','WGWF36DH.2.1.1-6','减速机固定板2',1,'45',0.9,0.9,'',0,0,0,0,321,'909f137f-96ed-4fff-9087-0bf85b7f5a5a','0',NULL,'2026-03-23 15:11:08','2026-03-23 15:11:08',1,1),('WGWF36DH.2','WGWF36DH.2.1.1','WGWF36DH.2.1.1-7','减速机销轴',1,'45',0.9,0.9,'',0,0,0,0,322,'b57cb9e5-9360-4719-8a96-4ec01e28e3c2','0',NULL,'2026-03-23 15:11:08','2026-03-23 15:11:08',1,1),('WGWF36DH.2','WGWF36DH.2.1.1','WGWF36DH.2.1.1-8','端盖',4,'Q235A',5.9,23.6,'',0,0,0,0,323,'6ab9d392-a7b2-409d-b160-6841afe552f7','0',NULL,'2026-03-23 15:11:08','2026-03-23 15:11:08',1,1),('WGWF36DH.2','WGWF36DH.2.1.1','WGWF36DH.2.1.1.1','密封套',1,'焊接件',0.9,0.9,'',0,0,0,0,324,'6f82b4fb-e513-4590-abd2-93f67609ce63','0',NULL,'2026-03-23 15:11:08','2026-03-23 15:11:08',1,1),('WGWF36DH.2','WGWF36DH.2.1.1.1','WGWF36DH.2.1.1.1-1','圆环',1,'Q235A',0.5,0.5,'',0,0,0,0,325,'4466d18a-dfb5-4a8c-bad7-ae29b281052a','0',NULL,'2026-03-23 15:11:08','2026-03-23 15:11:08',1,1),('WGWF36DH.2','WGWF36DH.2.1.1.1','WGWF36DH.2.1.1.1-2','圆板',1,'Q235A',0.4,0.4,'',0,0,0,0,326,'20e00db5-451c-4fbe-a5ea-75f326c5094b','0',NULL,'2026-03-23 15:11:08','2026-03-23 15:11:08',1,1),('WGWF36DH.2','WGWF36DH.2','TKAT98-YV7.5-4P-70.54-M1-II','减速机',1,'外购',NULL,150,'外购',0,1,0,0,327,'e0e7bd89-898e-4e06-a714-34d5bd030bd3','0',NULL,'2026-03-23 15:11:08','2026-03-23 15:11:08',1,1),('WGWF36DH.2','WGWF36DH.2','22316CC/W33','调心滚子轴承',2,'外购',6.3,12.6,'外购',0,1,0,0,328,'7e585e34-e8c1-488e-90c4-c9c1358ffa89','0',NULL,'2026-03-23 15:11:08','2026-03-23 15:11:08',1,1),('WGWF36DH.2','WGWF36DH.2.1','WGWF36DH.2.1.2','滑动座',2,'焊接件',82.1,164.2,'',0,0,0,0,329,'07c08b3f-ebd4-414b-a501-6f10396add6d','0',NULL,'2026-03-23 15:11:08','2026-03-23 15:11:08',1,1),('WGWF36DH.2','WGWF36DH.2.1.2','WGWF36DH.2.1.2-1','钢板1',1,'Q235A',74.9,74.9,'',0,0,0,0,330,'4b6b3935-a919-41cf-8c4d-c8ac3e2a9d26','0',NULL,'2026-03-23 15:11:08','2026-03-23 15:11:08',1,1),('WGWF36DH.2','WGWF36DH.2.1.2','WGWF36DH.2.1.2-2','钢板2',1,'Q235A',4,4,'',0,0,0,0,331,'c3085e51-9916-4f65-b794-d1ab817333ed','0',NULL,'2026-03-23 15:11:08','2026-03-23 15:11:08',1,1),('WGWF36DH.2','WGWF36DH.2.1.2','WGWF36DH.2.1.2-3','筋板',2,'Q235A',1.6,3.2,'',0,0,0,0,332,'650f10ca-4118-468a-ab9c-5a02daaab0c1','0',NULL,'2026-03-23 15:11:08','2026-03-23 15:11:08',1,1),('WGWF36DH.2','WGWF36DH.2.1.2','WGWF36DH.2.1.2-4','平键36X20X200',2,'Q2354-A',1.6,3.2,'无图',0,0,1,0,333,'0baf069b-7c65-4afa-90f0-ac2236ae5bfc','0',NULL,'2026-03-23 15:11:08','2026-03-23 15:11:08',1,1),('WGWF36DH.2','WGWF36DH.2.1','WGWF36DH.2.1.3','架体',1,'焊接件',1859.5,1859.5,'',0,0,0,0,334,'e171d0be-a50d-4816-9d9e-4a94722c204f','0',NULL,'2026-03-23 15:11:08','2026-03-23 15:11:08',1,1),('WGWF36DH.2','WGWF36DH.2.1.3','WGWF36DH.2.1.3-1','攻丝板',1,'Q235A',19.2,19.2,'',0,0,0,0,335,'022d67a8-2c7b-4099-a37d-776256c16369','0',NULL,'2026-03-23 15:11:08','2026-03-23 15:11:08',1,1),('WGWF36DH.2','WGWF36DH.2.1.3','WGWF36DH.2.1.3-2','矩形管150X200X8 L=1870',4,'Q235A',114.9,459.6,'无图',0,0,1,0,336,'8f8e1865-ed39-4559-b6d5-a764f0db7880','0',NULL,'2026-03-23 15:11:08','2026-03-23 15:11:08',1,1),('WGWF36DH.2','WGWF36DH.2.1.3','WGWF36DH.2.1.3-3','钢板1',2,'Q235A',67.1,134.2,'无图',0,0,1,0,337,'8f433d67-83d0-4259-bac1-59394b1393d9','0',NULL,'2026-03-23 15:11:08','2026-03-23 15:11:08',1,1),('WGWF36DH.2','WGWF36DH.2.1.3','WGWF36DH.2.1.3-4','矩形管150X200X8 L=1900',2,'Q235A',116.7,233.4,'无图',0,0,1,0,338,'575f364b-4319-49ed-acaf-73100888b9ea','0',NULL,'2026-03-23 15:11:08','2026-03-23 15:11:08',1,1),('WGWF36DH.2','WGWF36DH.2.1.3','WGWF36DH.2.1.3-5','矩形管150X200X8 L=230',4,'Q235A',9.6,38.4,'无图',0,0,1,0,339,'cf8734c8-a759-46a0-b7d7-d42721c72678','0',NULL,'2026-03-23 15:11:08','2026-03-23 15:11:08',1,1),('WGWF36DH.2','WGWF36DH.2.1.3','WGWF36DH.2.1.3-6','筋板',2,'Q235A',1.65,3.3,'',0,0,0,0,340,'89eb84d8-2d5a-43e1-8451-6b1612955214','0',NULL,'2026-03-23 15:11:08','2026-03-23 15:11:08',1,1),('WGWF36DH.2','WGWF36DH.2.1.3','WGWF36DH.2.1.3-7','钢板2',1,'Q235A',28.4,28.4,'',0,0,0,0,341,'5c8fcb4e-5345-4f7e-b0ba-89789b794478','0',NULL,'2026-03-23 15:11:08','2026-03-23 15:11:08',1,1),('WGWF36DH.2','WGWF36DH.2.1.3','WGWF36DH.2.1.3-8','钢板230X200X30',1,'Q235A',39,39,'无图',0,0,1,0,342,'67d0fa00-a638-4157-b682-9bdb07750bb2','0',NULL,'2026-03-23 15:11:08','2026-03-23 15:11:08',1,1),('WGWF36DH.2','WGWF36DH.2.1.3','WGWF36DH.2.1.3-9','矩形管150X200X8 L=150',10,'Q235A',9.6,96,'无图',0,0,1,0,343,'00ee3e8c-9b6f-4182-8944-ad45717c47d9','0',NULL,'2026-03-23 15:11:08','2026-03-23 15:11:08',1,1),('WGWF36DH.2','WGWF36DH.2.1.3','WGWF36DH.2.1.3-10','矩形管150X200X8 L=2400',4,'Q235A',147,588,'无图',0,0,1,0,344,'945d0531-dd18-469c-9dd2-7e53d3b93f1f','0',NULL,'2026-03-23 15:11:08','2026-03-23 15:11:08',1,1),('WGWF36DH.2','WGWF36DH.2.1.3','WGWF36DH.2.1.3-11','攻丝板',1,'Q235A',7,7,'',0,0,0,0,345,'9dcdbe71-396f-42cc-8897-8c3b2cdd43de','0',NULL,'2026-03-23 15:11:08','2026-03-23 15:11:08',1,1),('WGWF36DH.2','WGWF36DH.2.1.3','WGWF36DH.2.1.3-12','矩形管150X200X8 L=515',1,'Q235A',31.6,31.6,'无图',0,0,1,0,346,'e311c091-d9a0-4aea-9b57-4cea715c8320','0',NULL,'2026-03-23 15:11:08','2026-03-23 15:11:08',1,1),('WGWF36DH.2','WGWF36DH.2.1.3','WGWF36DH.2.1.3-13','堵板',12,'Q235A',1.2,14.4,'',0,0,0,0,347,'cc5c9d27-000e-443a-b3bb-c488c5c1ad88','0',NULL,'2026-03-23 15:11:08','2026-03-23 15:11:08',1,1),('WGWF36DH.2','WGWF36DH.2.1.3','WGWF36DH.2.1.3-14','钢板1000X548X10',1,'Q235A',39,39,'无图',0,0,1,0,348,'5b049957-808e-4a73-96c3-e1a1385856ce','0',NULL,'2026-03-23 15:11:08','2026-03-23 15:11:08',1,1),('WGWF36DH.2','WGWF36DH.2.1.3','WGWF36DH.2.1.3-15','钢板1910X535X5',1,'Q235A',39,39,'无图',0,0,1,0,349,'e24227fe-3d08-420e-841c-abaa43cd83ca','0',NULL,'2026-03-23 15:11:08','2026-03-23 15:11:08',1,1),('WGWF36DH.2','WGWF36DH.2.1.3','WGWF36DH.2.1.3-16','方管50X50X3 L=515',2,'Q235A',2.3,4.6,'无图',0,0,1,0,350,'2d437809-25a7-4827-a73d-57eb143cbc58','0',NULL,'2026-03-23 15:11:08','2026-03-23 15:11:08',1,1),('WGWF36DH.2','WGWF36DH.2.1.3','WGWF36DH.2.1.3-17','14#槽钢 L=548',2,'Q235A',8.1,16.2,'无图',0,0,1,0,351,'2b452907-b65c-4c20-bf41-a0c772283222','0',NULL,'2026-03-23 15:11:08','2026-03-23 15:11:08',1,1),('WGWF36DH.2','WGWF36DH.2.1.3','WGWF36DH.2.1.3-18','14#槽钢 L=492',2,'Q235A',8.1,16.2,'无图',0,0,1,0,352,'f12ed615-3881-45d9-9edb-2d6ffd27c42a','0',NULL,'2026-03-23 15:11:08','2026-03-23 15:11:08',1,1),('WGWF36DH.2','WGWF36DH.2.1.3','WGWF36DH.2.1.3-19','14#槽钢 L=432',2,'Q235A',6.2,12.4,'',0,0,0,0,353,'d66d7f43-7685-4e52-828a-75fb159d0295','0',NULL,'2026-03-23 15:11:08','2026-03-23 15:11:08',1,1),('WGWF36DH.2','WGWF36DH.2.1.3','WGWF36DH.2.1.3-20','14#槽钢 L=884',3,'Q235A',14.4,43.2,'无图',0,0,1,0,354,'478b8248-2d83-4a60-a614-2be4b90dc82c','0',NULL,'2026-03-23 15:11:08','2026-03-23 15:11:08',1,1),('WGWF36DH.2','WGWF36DH.2.1.3','WGWF36DH.2.1.3-21','14#槽钢 L=490',2,'Q235A',7.2,14.4,'无图',0,0,1,0,355,'f8c71e18-bce0-4f9d-8072-abb44e0882db','0',NULL,'2026-03-23 15:11:08','2026-03-23 15:11:08',1,1),('WGWF36DH.2','WGWF36DH.2.1.3','WGWF36DH.2.1.3-22','14#槽钢 L=182',1,'Q235A',39,39,'无图',0,0,1,0,356,'aa15b1ec-9dc6-4107-8184-84b9adae258e','0',NULL,'2026-03-23 15:11:08','2026-03-23 15:11:08',1,1),('WGWF36DH.2','WGWF36DH.2.1.3','WGWF36DH.2.1.3-23','14#槽钢 L=192',1,'Q235A',39,39,'无图',0,0,1,0,357,'387a990d-5ec4-44f4-b329-b63f85dc7cd7','0',NULL,'2026-03-23 15:11:08','2026-03-23 15:11:08',1,1),('WGWF36DH.2','WGWF36DH.2.1.3','WGWF36DH.2.1.3-24','矩形管150X200X8 L=225',2,'Q235A',9.6,19.2,'无图',0,0,1,0,358,'0bb2844e-7e4f-4c1a-98af-420cde059843','0',NULL,'2026-03-23 15:11:08','2026-03-23 15:11:08',1,1),('WGWF36DH.2','WGWF36DH.2.1.3','WGWF36DH.2.1.3-25','钢板1020X160X10',4,'Q235A',12.8,51.2,'无图',0,0,1,0,359,'fad7ebc3-5c4b-4130-a73c-0cdaa69adac0','0',NULL,'2026-03-23 15:11:08','2026-03-23 15:11:08',1,1),('WGWF36DH.2','WGWF36DH.2.1.3','WGWF36DH.2.1.3-26','钢板1020X430X10',4,'Q235A',34,136,'无图',0,0,1,0,360,'8688476b-cd2e-45ea-9673-697eb2443056','0',NULL,'2026-03-23 15:11:08','2026-03-23 15:11:08',1,1),('WGWF36DH.2','WGWF36DH.2.1','WGWF36DH.2.1.4','主动轴总成',1,'组件',284.9,284.9,'',0,0,0,0,361,'d17e0843-0783-4d9b-925f-085e5b6e85e3','0',NULL,'2026-03-23 15:11:08','2026-03-23 15:11:08',1,1),('WGWF36DH.2','WGWF36DH.2.1.4','WGWF36DH.2.1.4-1','减速机固定板',1,'Q235A',18.9,18.9,'',0,0,0,0,362,'18e7fc2d-2857-4e7d-bb39-3dda2744c2de','0',NULL,'2026-03-23 15:11:08','2026-03-23 15:11:08',1,1),('WGWF36DH.2','WGWF36DH.2.1.4','WGWF36DH.2.1.4-2','车轮',2,'ZG45',26,52,'',0,0,0,0,363,'c35674f2-f953-41e3-869b-9f8c910d78a1','0',NULL,'2026-03-23 15:11:08','2026-03-23 15:11:08',1,1),('WGWF36DH.2','WGWF36DH.2.1.4','WGWF36DH.2.1.4-3','主轴',2,'45',33.6,67.2,'',0,0,0,0,364,'a862dbe9-8955-4e0f-8c8d-1aef0ec74c35','0',NULL,'2026-03-23 15:11:08','2026-03-23 15:11:08',1,1),('WGWF36DH.2','WGWF36DH.2.1.4','WGWF36DH.2.1.4-4','轴套',4,'45',4,16,'',0,0,0,0,365,'10ae69db-be1a-40fc-8338-522ff7d51e37','0',NULL,'2026-03-23 15:11:08','2026-03-23 15:11:08',1,1),('WGWF36DH.2','WGWF36DH.2.1.4','WGWF36DH.2.1.4-5','平键14X9X50',8,'Q235A',0.1,0.8,'无图',0,0,1,0,366,'87eb3f6d-7729-4d36-874f-9f02ec441eb9','0',NULL,'2026-03-23 15:11:08','2026-03-23 15:11:08',1,1),('WGWF36DH.2','WGWF36DH.2','TF98-113.61-M1-I','减速箱',1,'外购',NULL,80,'外购',0,1,0,0,367,'be04e314-5a98-4878-84c5-aede48cf4e4f','0',NULL,'2026-03-23 15:11:08','2026-03-23 15:11:08',1,1),('WGWF36DH.2','WGWF36DH.2','SWC150WH-500','万向联轴器',2,'外购',25,50,'外购',0,1,0,0,368,'88b8ce50-c00f-4c0f-a1b7-e6d3bdddf9f5','0',NULL,'2026-03-23 15:11:08','2026-03-23 15:11:08',1,1),('WGWF36DH.2','WGWF36DH.2.1','WGWF36DH.2.1.5','从动轴总成',2,'组件',55.9,111.8,'',0,0,0,0,369,'e3aeea0b-f7f7-4b14-a6e9-fb8e91f83cd3','0',NULL,'2026-03-23 15:11:08','2026-03-23 15:11:08',1,1),('WGWF36DH.2','WGWF36DH.2.1.5','WGWF36DH.2.1.5-1','从动轴',1,'45',29.5,29.5,'',0,0,0,0,370,'4b89d090-e500-4e97-9696-3b146529630e','0',NULL,'2026-03-23 15:11:08','2026-03-23 15:11:08',1,1),('WGWF36DH.2','WGWF36DH.2.1.5','WGWF36DH.2.1.4-2','车轮',1,'ZG45',26,26,'借用2.1.5',1,0,0,0,371,'6766d260-4595-434b-9662-6cb945c0c52a','0',NULL,'2026-03-23 15:11:08','2026-03-23 15:11:08',1,1),('WGWF36DH.2','WGWF36DH.2.1.5','WGWF36DH.2.1.4-5','平键14X9X50',4,'Q235A',0.1,0.4,'无图借用2.1.5',1,0,1,0,372,'809b95fe-e4fa-4ef2-b7a8-9f7a82dfbdac','0',NULL,'2026-03-23 15:11:08','2026-03-23 15:11:08',1,1),('WGWF36DH.2','WGWF36DH.2.1','WGWF36DH.2.1.6','棘轮调整机构',2,'组件',9.5,19,'',0,0,0,0,373,'b62f0748-ce2a-4364-a30f-e82e87619e2a','0',NULL,'2026-03-23 15:11:08','2026-03-23 15:11:08',1,1),('WGWF36DH.2','WGWF36DH.2.1.6','WGWF36DH.2.1.6-1','丝杠',1,'焊接件',2.32,2.32,'',0,0,0,0,374,'c2937ed4-c6f8-4811-94a9-5c0dbfe47114','0',NULL,'2026-03-23 15:11:08','2026-03-23 15:11:08',1,1),('WGWF36DH.2','WGWF36DH.2.1.6-1','WGWF36DH.2.1.6-1/1','梯形螺杆',1,'45',2,2,'',0,0,0,0,375,'9cd3db2a-05db-439a-bca6-3d120257cb7d','0',NULL,'2026-03-23 15:11:08','2026-03-23 15:11:08',1,1),('WGWF36DH.2','WGWF36DH.2.1.6-1','WGWF36DH.2.1.6-1/2','普通螺杆',1,'45',0.4,0.4,'',0,0,0,0,376,'896b00cf-8055-48e0-9f2d-aa72fc915b8e','0',NULL,'2026-03-23 15:11:08','2026-03-23 15:11:08',1,1),('WGWF36DH.2','WGWF36DH.2.1.6','WGWF36DH.2.1.6-2','丝杠螺母',1,'Q235-A',0.5,0.5,'',0,0,0,0,377,'8c61ca0b-8552-47b4-bf77-ce23c18111aa','0',NULL,'2026-03-23 15:11:08','2026-03-23 15:11:08',1,1),('WGWF36DH.2','WGWF36DH.2.1.6','WGWF36DH.2.1.6-3','压盖',1,'Q235-A',0.4,0.4,'',0,0,0,0,378,'e4b4022f-1d81-4842-92c8-aea0afae632d','0',NULL,'2026-03-23 15:11:08','2026-03-23 15:11:08',1,1),('WGWF36DH.2','WGWF36DH.2.1.6','WGWF36DH.2.1.6-4','轴承座',1,'Q235-A',1,1,'',0,0,0,0,379,'2dd23d4d-c051-4f6d-ae55-67b7f5fd36f3','0',NULL,'2026-03-23 15:11:08','2026-03-23 15:11:08',1,1),('WGWF36DH.2','WGWF36DH.2.1.6','WGWF36DH.2.1.6-5','棘轮',1,'组件',3.8,3.8,'',0,0,0,0,380,'1fba4177-c0c7-4313-9752-62954d26775d','0',NULL,'2026-03-23 15:11:08','2026-03-23 15:11:08',1,1),('WGWF36DH.2','WGWF36DH.2.1.6','WGWF36DH.2.1.6-6','固定板',1,'Q235-A',1.5,1.5,'',0,0,0,0,381,'de78f612-8eda-487f-ba5c-d42e8c042d40','0',NULL,'2026-03-23 15:11:08','2026-03-23 15:11:08',1,1),('WGWF36DH.2','WGWF36DH.2','WGWF36DH.2.2','连杆',1,'组件',1261.5,1261.5,'',0,0,0,0,382,'861461bf-bace-4fc6-8508-4d70e1583569','0',NULL,'2026-03-23 15:11:08','2026-03-23 15:11:08',1,1),('WGWF36DH.2','WGWF36DH.2.2','WGWF36DH.2.2.1','连杆1',2,'焊接件',62.2,124.4,'',0,0,0,0,383,'5b63f1e6-3a6b-4963-9ab1-73d8b863e402','0',NULL,'2026-03-23 15:11:08','2026-03-23 15:11:08',1,1),('WGWF36DH.2','WGWF36DH.2.2.1','WGWF36DH.2.2.1-1','连接法兰1',1,'Q235-A',7,7,'',0,0,0,0,384,'f7c8e7c0-948d-4071-a7de-4828650292b4','0',NULL,'2026-03-23 15:11:08','2026-03-23 15:11:08',1,1),('WGWF36DH.2','WGWF36DH.2.2.1','WGWF36DH.2.2.1-2','方管200X200X8--414',1,'Q235-A',20,20,'无图',0,0,1,0,385,'62797b94-5385-4bd7-a632-9ea4cbbec68b','0',NULL,'2026-03-23 15:11:08','2026-03-23 15:11:08',1,1),('WGWF36DH.2','WGWF36DH.2.2.1','WGWF36DH.2.2.1-3','方管200X200X8--585',1,'Q235-A',28.2,28.2,'无图',0,0,1,0,386,'d74ffcf9-08c7-41a5-befb-da899e856628','0',NULL,'2026-03-23 15:11:08','2026-03-23 15:11:08',1,1),('WGWF36DH.2','WGWF36DH.2.2.1','WGWF36DH.2.2.1-4','连接法兰2',1,'Q235-A',7,7,'',0,0,0,0,387,'be1fab34-0e6e-4eaa-adc2-138ea234da1d','0',NULL,'2026-03-23 15:11:08','2026-03-23 15:11:08',1,1),('WGWF36DH.2','WGWF36DH.2.2','WGWF36DH.2.2.2','连杆2',2,'焊接件',36.6,73.2,'',0,0,0,0,388,'eed80005-b702-4e4b-9132-8caacef675bf','0',NULL,'2026-03-23 15:11:08','2026-03-23 15:11:08',1,1),('WGWF36DH.2','WGWF36DH.2.2.2','WGWF36DH.2.2.1-4','连接法兰2',2,'Q235-A',7,14,'借用2.2.2',1,0,0,0,389,'3cb43dc4-72ba-4552-9f7d-d6c6305979a6','0',NULL,'2026-03-23 15:11:08','2026-03-23 15:11:08',1,1),('WGWF36DH.2','WGWF36DH.2.2.2','WGWF36DH.2.2.2-1','方管200X200X8--468',1,'Q235-A',22.6,22.6,'无图',0,0,1,0,390,'9bc48f33-6ad4-4280-9d9a-fec11fc56c50','0',NULL,'2026-03-23 15:11:08','2026-03-23 15:11:08',1,1),('WGWF36DH.2','WGWF36DH.2.2','WGWF36DH.2.2.3','连杆3',4,'焊接件',86.3,345.2,'',0,0,0,0,391,'e7029838-4554-4258-b0a8-8a15ebb74cff','0',NULL,'2026-03-23 15:11:08','2026-03-23 15:11:08',1,1),('WGWF36DH.2','WGWF36DH.2.2.3','WGWF36DH.2.2.1-4','连接法兰2',2,'Q235-A',7,14,'借用2.2.3',1,0,0,0,392,'62765a31-7b40-4cd6-9d45-f69abaf457d5','0',NULL,'2026-03-23 15:11:08','2026-03-23 15:11:08',1,1),('WGWF36DH.2','WGWF36DH.2.2.3','WGWF36DH.2.2.3-1','方管200X200X8--1500',1,'Q235-A',72.3,72.3,'无图',0,0,1,0,393,'dfd44594-61a2-4082-8b68-90d3145380ca','0',NULL,'2026-03-23 15:11:08','2026-03-23 15:11:08',1,1),('WGWF36DH.2','WGWF36DH.2.2','WGWF36DH.2.2.4','连杆4',1,'焊接件',62.2,62.2,'',0,0,0,0,394,'d389c650-9d43-4582-91a8-a114476bc52b','0',NULL,'2026-03-23 15:11:08','2026-03-23 15:11:08',1,1),('WGWF36DH.2','WGWF36DH.2.2.4','WGWF36DH.2.2.1-4','连接法兰2',2,'Q235-A',7,14,'借用2.2.4',1,0,0,0,395,'a2b3663c-3567-407a-951a-a01d2678d7f3','0',NULL,'2026-03-23 15:11:08','2026-03-23 15:11:08',1,1),('WGWF36DH.2','WGWF36DH.2.2.4','WGWF36DH.2.2.4-1','方管200X200X8--1000',1,'Q235-A',48.2,48.2,'无图',0,0,1,0,396,'1ce81bdb-71e8-4d7c-87b3-1015b35660c7','0',NULL,'2026-03-23 15:11:08','2026-03-23 15:11:08',1,1),('WGWF36DH.2','WGWF36DH.2.2','WGWF36DH.2.2.5','连杆5',1,'焊接件',270.7,270.7,'',0,0,0,0,397,'1d5795e6-6789-406f-92a0-318c560f5bca','0',NULL,'2026-03-23 15:11:08','2026-03-23 15:11:08',1,1),('WGWF36DH.2','WGWF36DH.2.2.5','WGWF36DH.2.2.1-4','连接法兰2',2,'Q235-A',7,14,'借用2.2.5',1,0,0,0,398,'6c5feda4-f280-4e7b-974c-5ec89cf1fd70','0',NULL,'2026-03-23 15:11:08','2026-03-23 15:11:08',1,1),('WGWF36DH.2','WGWF36DH.2.2.5','WGWF36DH.2.2.5-1','方管200X200X8--5280',1,'Q235-A',253.1,253.1,'无图',0,0,1,0,399,'597e32c0-014e-495e-aba0-f16b7304fab4','0',NULL,'2026-03-23 15:11:08','2026-03-23 15:11:08',1,1),('WGWF36DH.2','WGWF36DH.2.2.5','WGWF36DH.2.2.5-2','钢板',2,'Q235-A',1.8,3.6,'',0,0,0,0,400,'adcc0bf1-75fe-4303-a708-147ba83f7196','0',NULL,'2026-03-23 15:11:08','2026-03-23 15:11:08',1,1),('WGWF36DH.2','WGWF36DH.2','WGWF36DH.2.2.6','万向脚轮',2,'外购',1.8,3.6,'外购附图',0,1,0,1,401,'7151cb62-9d8a-480a-b69e-72e92d9ed4b8','0',NULL,'2026-03-23 15:11:08','2026-03-23 15:11:08',1,1),('WGWF36DH.2','WGWF36DH.2.2','WGWF36DH.2.2-1','8#角钢 L=570',4,'Q235-A',8.9,35.6,'无图',0,0,1,0,402,'88b7f427-fc79-4aa4-94f1-d8ad306233b2','0',NULL,'2026-03-23 15:11:08','2026-03-23 15:11:08',1,1),('WGWF36DH.2','WGWF36DH.2.2','WGWF36DH.2.2-2','8#角钢 L=468',4,'Q235-A',7.3,29.2,'无图',0,0,1,0,403,'3caf37db-617e-497c-9230-020b41c9658f','0',NULL,'2026-03-23 15:11:08','2026-03-23 15:11:08',1,1),('WGWF36DH.2','WGWF36DH.2.2','WGWF36DH.2.2-3','8#角钢 L=1468',4,'Q235-A',23,92,'无图',0,0,1,0,404,'2e97915a-3854-4744-9fa3-1c36febb9e03','0',NULL,'2026-03-23 15:11:08','2026-03-23 15:11:08',1,1),('WGWF36DH.2','WGWF36DH.2.2','WGWF36DH.2.2-4','8#角钢 L=968',1,'Q235-A',15.2,15.2,'无图',0,0,1,0,405,'7a662cb8-19ad-49f7-bd70-0303346e1074','0',NULL,'2026-03-23 15:11:08','2026-03-23 15:11:08',1,1),('WGWF36DH.2','WGWF36DH.2.2','WGWF36DH.2.2-5','8#角钢 L=5248',2,'Q235-A',82.3,164.6,'无图',0,0,1,0,406,'e1be33a6-bc1c-426b-80f2-df9d79537639','0',NULL,'2026-03-23 15:11:08','2026-03-23 15:11:08',1,1),('WGWF36DH.2','WGWF36DH.2.2','WGWF36DH.2.2-6','筋板',2,'Q235-A',19,38,'',0,0,0,0,407,'f4291ae0-bfef-47f0-83ff-ce424c09cb71','0',NULL,'2026-03-23 15:11:08','2026-03-23 15:11:08',1,1),('WGWF36DH.2','WGWF36DH.2','WGWF36DH.2.3','车体2',1,'组件',3134.4,3134.4,'',0,0,0,0,408,'bdfe8a8f-44fb-4bc9-8374-be2bd07b78b2','0',NULL,'2026-03-23 15:11:08','2026-03-23 15:11:08',1,1),('WGWF36DH.2','WGWF36DH.2.3','WGWF36DH.2.1.1','旋转辊总成',2,'组件',432.1,864.2,'借用2.3',1,0,0,0,409,'614fa4e3-5232-4677-a100-2766428a22e4','0',NULL,'2026-03-23 15:11:08','2026-03-23 15:11:08',1,1),('WGWF36DH.2','WGWF36DH.2.3','WGWF36DH.2.1.2','滑动座',2,'焊接件',82.1,164.2,'借用2.3',1,0,0,0,410,'ca7b63f5-d46d-475b-8a62-cf2def3a6065','0',NULL,'2026-03-23 15:11:08','2026-03-23 15:11:08',1,1),('WGWF36DH.2','WGWF36DH.2.3','WGWF36DH.2.3.1','架体',1,'焊接件',1679.1,1679.1,'',0,0,0,0,411,'1a145376-3fac-437c-ab0f-aa1deab164db','0',NULL,'2026-03-23 15:11:08','2026-03-23 15:11:08',1,1),('WGWF36DH.2','WGWF36DH.2.3.1','WGWF36DH.2.1.3-1','攻丝板',1,'Q235A',19.2,19.2,'借用2.3.1',1,0,0,0,412,'e050e067-f59d-4ec0-85fb-d6187f313152','0',NULL,'2026-03-23 15:11:08','2026-03-23 15:11:08',1,1),('WGWF36DH.2','WGWF36DH.2.3.1','WGWF36DH.2.1.3-2','矩形管150X200X8 L=1870',4,'Q235A',114.9,459.6,'借用2.3.1',1,0,0,0,413,'00381711-7ed0-4a0d-b099-f1d9646fd6a7','0',NULL,'2026-03-23 15:11:08','2026-03-23 15:11:08',1,1),('WGWF36DH.2','WGWF36DH.2.3.1','WGWF36DH.2.1.3-3','钢板1',2,'Q235A',67.1,134.2,'借用2.3.1',1,0,0,0,414,'ef831459-1888-490d-8596-e8a4fd574232','0',NULL,'2026-03-23 15:11:08','2026-03-23 15:11:08',1,1),('WGWF36DH.2','WGWF36DH.2.3.1','WGWF36DH.2.1.3-4','矩形管150X200X8 L=1900',2,'Q235A',116.7,233.4,'借用2.3.1',1,0,0,0,415,'13f9f4ae-5f77-442a-994e-548a66102575','0',NULL,'2026-03-23 15:11:08','2026-03-23 15:11:08',1,1),('WGWF36DH.2','WGWF36DH.2.3.1','WGWF36DH.2.1.3-5','矩形管150X200X8 L=230',4,'Q235A',9.6,38.4,'借用2.3.1',1,0,0,0,416,'019f0861-19ee-427f-9b0a-0d51120a732b','0',NULL,'2026-03-23 15:11:08','2026-03-23 15:11:08',1,1),('WGWF36DH.2','WGWF36DH.2.3.1','WGWF36DH.2.1.3-6','筋板',2,'Q235A',1.65,3.3,'2.3.1借用',1,0,0,0,417,'dc497497-bb71-4590-ac43-d131aa0409ed','0',NULL,'2026-03-23 15:11:08','2026-03-23 15:11:08',1,1),('WGWF36DH.2','WGWF36DH.2.3.1','WGWF36DH.2.1.3-7','钢板2',1,'Q235A',28.4,28.4,'2.3.1借用',1,0,0,0,418,'30737f02-13f1-495f-8567-a37ec26e211c','0',NULL,'2026-03-23 15:11:08','2026-03-23 15:11:08',1,1),('WGWF36DH.2','WGWF36DH.2.3.1','WGWF36DH.2.1.3-8','钢板230X200X30',1,'Q235A',39,39,'2.3.1借用',1,0,0,0,419,'e10102d7-ba83-4ef0-b376-de3e4f955604','0',NULL,'2026-03-23 15:11:08','2026-03-23 15:11:08',1,1),('WGWF36DH.2','WGWF36DH.2.3.1','WGWF36DH.2.1.3-9','矩形管150X200X8 L=150',10,'Q235A',9.6,96,'2.3.1借用',1,0,0,0,420,'c1cb2c0e-d992-47f6-9eac-73c810651fd8','0',NULL,'2026-03-23 15:11:08','2026-03-23 15:11:08',1,1),('WGWF36DH.2','WGWF36DH.2.3.1','WGWF36DH.2.1.3-10','矩形管150X200X8 L=2400',4,'Q235A',147,588,'2.3.1借用',1,0,0,0,421,'ec94bf89-e142-4567-a997-601c40b202a5','0',NULL,'2026-03-23 15:11:08','2026-03-23 15:11:08',1,1),('WGWF36DH.2','WGWF36DH.2.3.1','WGWF36DH.2.1.3-11','攻丝板',1,'Q235A',7,7,'2.3.1借用',1,0,0,0,422,'db8e1d53-949a-4d6b-a648-ff5353fbfc59','0',NULL,'2026-03-23 15:11:08','2026-03-23 15:11:08',1,1),('WGWF36DH.2','WGWF36DH.2.3.1','WGWF36DH.2.1.3-13','堵板',12,'Q235A',1.2,14.4,'2.3.1借用',1,0,0,0,423,'06663a23-d881-433b-a3db-3e41c0d00fce','0',NULL,'2026-03-23 15:11:08','2026-03-23 15:11:08',1,1),('WGWF36DH.2','WGWF36DH.2.3.1','WGWF36DH.2.1.3-12','矩形管150X200X8 L=515',1,'Q235A',31.6,31.6,'2.3.1借用',1,0,0,0,424,'070036e4-2fa8-4b0f-baf7-1f75b0531ce6','0',NULL,'2026-03-23 15:11:08','2026-03-23 15:11:08',1,1),('WGWF36DH.2','WGWF36DH.2.3.1','WGWF36DH.2.1.3-15','钢板1910X535X5',1,'Q235A',39,39,'借用2.3.1',1,0,0,0,425,'16c86826-a702-4238-933a-f6c163e06f20','0',NULL,'2026-03-23 15:11:08','2026-03-23 15:11:08',1,1),('WGWF36DH.2','WGWF36DH.2.3.1','WGWF36DH.2.1.3-16','方管50X50X3 L=515',2,'Q235A',2.3,4.6,'借用2.3.1',1,0,0,0,426,'5c3eeb4a-b1c3-4401-ab25-ea3dcf18949d','0',NULL,'2026-03-23 15:11:08','2026-03-23 15:11:08',1,1),('WGWF36DH.2','WGWF36DH.2.3.1','WGWF36DH.2.1.3-24','矩形管150X200X8 L=225',2,'Q235A',9.6,19.2,'借用2.3.1',1,0,0,0,427,'19df7252-ebdd-4ec4-a94c-fe1bda5f497f','0',NULL,'2026-03-23 15:11:08','2026-03-23 15:11:08',1,1),('WGWF36DH.2','WGWF36DH.2.3.1','WGWF36DH.2.1.3-26','钢板1020X430X10',4,'Q235A',34,136,'借用2.3.1',1,0,0,0,428,'8d6e86df-436c-49ff-88b6-9de9ecc9c2fe','0',NULL,'2026-03-23 15:11:08','2026-03-23 15:11:08',1,1),('WGWF36DH.2','WGWF36DH.2.3.1','WGWF36DH.2.1.3-25','钢板1020X160X10',4,'Q235A',12.8,51.2,'借用2.3.1',1,0,0,0,429,'3a9745db-8a3e-49d0-a9fe-f211a3d28401','0',NULL,'2026-03-23 15:11:08','2026-03-23 15:11:08',1,1),('WGWF36DH.2','WGWF36DH.2.3.1','WGWF36DH.2.1.4','主动轴总成',1,'组件',284.9,284.9,'借用2.3.1',1,0,0,0,430,'0d480d38-3eb5-499e-a3b1-9e28f55dd8a0','0',NULL,'2026-03-23 15:11:08','2026-03-23 15:11:08',1,1),('WGWF36DH.2','WGWF36DH.2.3.1','WGWF36DH.2.1.5','从动轴总成',2,'组件',55.9,111.8,'借用2.3.1',1,0,0,0,431,'fbed944f-1cbe-4254-8e2b-a0de717a31f0','0',NULL,'2026-03-23 15:11:08','2026-03-23 15:11:08',1,1),('WGWF36DH.2','WGWF36DH.2.3.1','WGWF36DH.2.1.6','棘轮调整机构',2,'组件',9.5,19,'借用2.3.1',1,0,0,0,432,'5ac51314-f7ea-44b4-88ec-229f5f5de60f','0',NULL,'2026-03-23 15:11:08','2026-03-23 15:11:08',1,1),('WGWF36DH.2','WGWF36DH.2.3','WGWF36DH.2.3.2','检测支架',1,'焊接件',19,19,'',0,0,0,0,433,'a67419a8-a262-4722-a306-b23826e6f20c','0',NULL,'2026-03-23 15:11:08','2026-03-23 15:11:08',1,1),('WGWF36DH.2','WGWF36DH.2.3.2','WGWF36DH.2.3.2-1','筋板',1,'Q235A',0.1,0.1,'',0,0,0,0,434,'aa9b85f2-5991-4e57-89d8-33f1992e6ed7','0',NULL,'2026-03-23 15:11:08','2026-03-23 15:11:08',1,1),('WGWF36DH.2','WGWF36DH.2.3.2','WGWF36DH.2.3.2-2','折弯板',1,'Q235A',0.4,0.4,'',0,0,0,0,435,'406078d2-80b2-444a-a0ef-898f44e94a16','0',NULL,'2026-03-23 15:11:08','2026-03-23 15:11:08',1,1),('WGWF36DH.2','WGWF36DH.2.3','WGWF36DH.2.3.3','接近开关检测块',4,'焊接件',1,4,'',0,0,0,0,436,'4ca5eb1c-6f1e-44f8-862d-d19376a199e4','0',NULL,'2026-03-23 15:11:08','2026-03-23 15:11:08',1,1),('WGWF36DH.2','WGWF36DH.2.3.3','WGWF36DH.2.3.3-1','8#槽钢 L=150',1,'Q235A',1.2,1.2,'无图',0,0,1,0,437,'4c7209be-0ac2-4f23-b158-1811ab24fe71','0',NULL,'2026-03-23 15:11:08','2026-03-23 15:11:08',1,1),('WGWF36DH.2','WGWF36DH.2.3.3','WGWF36DH.2.3.3-2','钢板50X50X5',2,'Q235A',0.1,0.2,'无图',0,0,1,0,438,'aee8b5c1-2e60-4794-bdd7-f8baef62903e','0',NULL,'2026-03-23 15:11:08','2026-03-23 15:11:08',1,1),('WGWF36DH.2','WGWF36DH.2','WP13C-100×50（GB/T14688）','万向脚轮',2,'外购',NULL,NULL,'外购附图',0,1,0,1,439,'c0d640fe-3471-4142-a5ab-8c65a3e2fda9','0',NULL,'2026-03-23 15:11:08','2026-03-23 15:11:08',1,1),('WGWF36DH.2','WGWF36DH.2','SWC150WH-500','万向联轴器',4,'外购',NULL,NULL,'外购',0,1,0,0,440,'bc651b15-db0b-4ae7-9c2e-0edaf3ddc3b4','0',NULL,'2026-03-23 15:11:08','2026-03-23 15:11:08',1,1),('WGWF36DH.2','WGWF36DH.2','TF98-113.61-M1-I','减速箱',2,'外购',NULL,NULL,'外购',0,1,0,0,441,'88ee0f75-66ae-40d9-87ca-3151563ff1a9','0',NULL,'2026-03-23 15:11:08','2026-03-23 15:11:08',1,1),('WGWF36DH.2','WGWF36DH.2','22316CC/W33','调心滚子轴承',16,'外购',NULL,NULL,'外购',0,1,0,0,442,'3b9bdb06-997a-4dd1-9410-5fe8147f28ab','0',NULL,'2026-03-23 15:11:08','2026-03-23 15:11:08',1,1),('WGWF36DH.2','WGWF36DH.2','TKAT98-YV7.5-4P-70.54-M1-II','减速机',4,'外购',NULL,NULL,'外购',0,1,0,0,443,'bb93ee04-5053-4bf5-8664-7954b7351b51','0',NULL,'2026-03-23 15:11:08','2026-03-23 15:11:08',1,1),('WGWF36DH.2','WGWF36DH.2','TF98-YVE5.5-4P-97.31-M1-I  ','减速机',2,'外购',NULL,NULL,'外购',0,1,0,0,444,'b06536c5-5d4d-4058-adf3-9a599d0b8909','0',NULL,'2026-03-23 15:11:08','2026-03-23 15:11:08',1,1),('WGWF36DH.2','WGWF36DH.2','','UCP316带座轴承',16,'外购',NULL,NULL,'外购',0,1,0,0,445,'2541a152-0225-4913-83ed-fab22a8081a8','0',NULL,'2026-03-23 15:11:08','2026-03-23 15:11:08',1,1),('WGWF36DH.2','WGWF36DH.2','GB301-95','51107单向推力球轴承',4,'外购',NULL,NULL,'外购',0,1,0,0,446,'951c9e07-a50e-4bfe-a87f-6c0aec9b84d1','0',NULL,'2026-03-23 15:11:08','2026-03-23 15:11:08',1,1),('WGWF36DH.2','WGWF36DH.2','GB5783-2000','螺栓M20X75',32,'',NULL,NULL,'含平垫弹垫外购',0,1,0,0,447,'8ba3c88d-12bd-491d-9d3e-3d6e44c4d271','0',NULL,'2026-03-23 15:11:08','2026-03-23 15:11:08',1,1),('WGWF36DH.2','WGWF36DH.2','GB5783-2000','螺栓M20X65',32,'',NULL,NULL,'含平垫弹垫外购',0,1,0,0,448,'8b177bd9-df4e-4a71-8246-ae6a8e397d5c','0',NULL,'2026-03-23 15:11:08','2026-03-23 15:11:08',1,1),('WGWF36DH.2','WGWF36DH.2','GB5783-2000','螺栓M12X40',64,'',NULL,NULL,'含螺母平垫弹垫外购',0,1,0,0,449,'51ddbd1d-d478-43f9-aa5d-9bfce35b5c7a','0',NULL,'2026-03-23 15:11:08','2026-03-23 15:11:08',1,1),('WGWF36DH.2','WGWF36DH.2','GB5783-2000','螺栓M12X40',96,'',NULL,NULL,'含平垫弹垫外购',0,1,0,0,450,'d1eb3c55-2912-48c8-868c-cfbd523aa227','0',NULL,'2026-03-23 15:11:08','2026-03-23 15:11:08',1,1),('WGWF36DH.2','WGWF36DH.2','GB5783-2000','螺栓M20X40',24,'',NULL,NULL,'含平垫弹垫外购',0,1,0,0,451,'444d694d-0a6b-4520-97e9-1306656018f4','0',NULL,'2026-03-23 15:11:08','2026-03-23 15:11:08',1,1),('WGWF36DH.2','WGWF36DH.2','GB5783-2000','螺栓M12X35',4,'',NULL,NULL,'含平垫弹垫外购',0,1,0,0,452,'d4a0523c-3dbd-449d-97ce-1b798ff3fb05','0',NULL,'2026-03-23 15:11:08','2026-03-23 15:11:08',1,1),('WGWF36DH.2','WGWF36DH.2','GB5783-2000','螺栓M10X35',16,'',NULL,NULL,'含平垫弹垫外购',0,1,0,0,453,'36cf1626-ba54-44c6-8ff0-cd40aa95e8ac','0',NULL,'2026-03-23 15:11:08','2026-03-23 15:11:08',1,1),('WGWF36DH.2','WGWF36DH.2','GB5783-2000','螺栓M16X60',40,'',NULL,NULL,'含螺母平垫弹垫外购',0,1,0,0,454,'58a2737e-036d-4595-bd01-1ce40114daa7','0',NULL,'2026-03-23 15:11:08','2026-03-23 15:11:08',1,1),('WGWF36DH.2','WGWF36DH.2','GB5783-2000','螺栓M8X25',16,'',NULL,NULL,'含平垫弹垫外购',0,1,0,0,455,'c8852f2f-b089-4bd5-a1e9-0e30b33c29bd','0',NULL,'2026-03-23 15:11:08','2026-03-23 15:11:08',1,1),('WGWF36DH.2','WGWF36DH.2','GB5783-2000','螺栓M6X20',8,'',NULL,NULL,'含螺母平垫弹垫外购',0,1,0,0,456,'2849ebc5-16f6-4572-9190-63b28873a92c','0',NULL,'2026-03-23 15:11:08','2026-03-23 15:11:08',1,1),('WGWF36DH.2','WGWF36DH.2','GB/T1096-2003','键36X20--50',8,'',NULL,NULL,'外购',0,1,0,0,457,'5a1b223b-2aa6-403c-913a-f3eb68c6ff30','0',NULL,'2026-03-23 15:11:08','2026-03-23 15:11:08',1,1),('WGWF36DH.2','WGWF36DH.2','GB/T1096-2003','键28X16--93',8,'',NULL,NULL,'外购',0,1,0,0,458,'d1e538a4-1b8f-49ca-b298-4a9bc6d2310f','0',NULL,'2026-03-23 15:11:08','2026-03-23 15:11:08',1,1),('WGWF36DH.2','WGWF36DH.2','GB/T1096-2003','键20X12--80',4,'',NULL,NULL,'外购',0,1,0,0,459,'3ea0a38b-e8aa-4030-88cd-0b8a87712fa8','0',NULL,'2026-03-23 15:11:08','2026-03-23 15:11:08',1,1),('WGWF36DH.2','WGWF36DH.2','GB/T1096-2003','键20X12--150',4,'',NULL,NULL,'外购',0,1,0,0,460,'f7ef96ad-5dbc-42da-b4ca-a86596c19f25','0',NULL,'2026-03-23 15:11:08','2026-03-23 15:11:08',1,1),('WGWF36DH.2','WGWF36DH.2','GB13871-1992','唇形密封圈B90X115X12',48,'',NULL,NULL,'外购',0,1,0,0,461,'669a1bcb-b3d9-46dd-af24-279cfa7fe2c6','0',NULL,'2026-03-23 15:11:08','2026-03-23 15:11:08',1,1),('WGWF36DH.2','WGWF36DH.2','','圆螺母用止动垫圈,圆螺母M100X2',12,'',NULL,NULL,'外购',0,1,0,0,462,'d55aaea0-4c22-4a4e-bc73-48a0b1e94413','0',NULL,'2026-03-23 15:11:08','2026-03-23 15:11:08',1,1),('WGWF36DH.2','WGWF36DH.2','GB/T1096-2003','键28X16--48',4,'',NULL,NULL,'外购',0,1,0,0,463,'8cddefab-9fd5-4eb1-832c-b8ba2a904a7b','0',NULL,'2026-03-23 15:11:08','2026-03-23 15:11:08',1,1),('WGWF36DH.2','WGWF36DH.2','GB/T1096-2003','平键14X9X50',16,'',NULL,NULL,'外购',0,1,0,0,464,'fdae48a2-476a-4c38-9064-e4ec2c5ed60d','0',NULL,'2026-03-23 15:11:08','2026-03-23 15:11:08',1,1),('WGWF36DH.2','WGWF36DH.2','GB/T1096-2003','平键36X20X200',8,'',NULL,NULL,'外购',0,1,0,0,465,'37c27e6f-6618-434f-9875-496b39bfb20b','0',NULL,'2026-03-23 15:11:08','2026-03-23 15:11:08',1,1),('WGWF36DH.2','WGWF36DH.2','GB75-85','开槽长圆柱螺钉M6X25',16,'',NULL,NULL,'外购',0,1,0,0,466,'268d2b1b-a3fb-4d05-99f6-0c0fbd5cabcd','0',NULL,'2026-03-23 15:11:08','2026-03-23 15:11:08',1,1),('WGWF36DH.2','WGWF36DH.2','GB75-85','开槽长圆柱螺钉M6X10',8,'',NULL,NULL,'外购',0,1,0,0,467,'c25c6dc0-0bc1-4407-b143-01668c4f0c7e','0',NULL,'2026-03-23 15:11:08','2026-03-23 15:11:08',1,1),('WGWF36DH.2','WGWF36DH.2','GB/T117-2000','圆锥销∅5X32',4,'',NULL,NULL,'外购',0,1,0,0,468,'11310610-7a88-4f28-bf05-34623f6787ec','0',NULL,'2026-03-23 15:11:08','2026-03-23 15:11:08',1,1);
/*!40000 ALTER TABLE `data_bom` ENABLE KEYS */;

--
-- Table structure for table `data_project`
--

DROP TABLE IF EXISTS `data_project`;
/*!40101 SET @saved_cs_client     = @@character_set_client */;
/*!50503 SET character_set_client = utf8mb4 */;
CREATE TABLE `data_project` (
  `code` varchar(64) COLLATE utf8mb4_unicode_ci NOT NULL COMMENT '项目编码',
  `name` varchar(255) COLLATE utf8mb4_unicode_ci NOT NULL COMMENT '项目名称',
  `no` varchar(64) COLLATE utf8mb4_unicode_ci NOT NULL COMMENT '项目编号',
  `id` int NOT NULL AUTO_INCREMENT COMMENT '主键ID',
  `uuid` varchar(64) COLLATE utf8mb4_unicode_ci NOT NULL DEFAULT (uuid()) COMMENT 'UUID全局唯一标识',
  `status` varchar(10) COLLATE utf8mb4_unicode_ci NOT NULL DEFAULT '0' COMMENT '是否启用(0:启用 1:禁用)',
  `description` text COLLATE utf8mb4_unicode_ci COMMENT '备注/描述',
  `created_time` datetime NOT NULL DEFAULT CURRENT_TIMESTAMP COMMENT '创建时间',
  `updated_time` datetime NOT NULL DEFAULT CURRENT_TIMESTAMP ON UPDATE CURRENT_TIMESTAMP COMMENT '更新时间',
  `created_id` int DEFAULT NULL COMMENT '创建人ID',
  `updated_id` int DEFAULT NULL COMMENT '更新人ID',
  PRIMARY KEY (`id`),
  UNIQUE KEY `uk_data_project_uuid` (`uuid`),
  UNIQUE KEY `uk_data_project_code` (`code`),
  UNIQUE KEY `uk_data_project_no` (`no`),
  KEY `ix_data_project_status` (`status`),
  KEY `ix_data_project_created_time` (`created_time`),
  KEY `ix_data_project_updated_time` (`updated_time`),
  KEY `ix_data_project_created_id` (`created_id`),
  KEY `ix_data_project_updated_id` (`updated_id`),
  CONSTRAINT `fk_data_project_created_id` FOREIGN KEY (`created_id`) REFERENCES `sys_user` (`id`) ON DELETE SET NULL ON UPDATE CASCADE,
  CONSTRAINT `fk_data_project_updated_id` FOREIGN KEY (`updated_id`) REFERENCES `sys_user` (`id`) ON DELETE SET NULL ON UPDATE CASCADE
) ENGINE=InnoDB AUTO_INCREMENT=15 DEFAULT CHARSET=utf8mb4 COLLATE=utf8mb4_unicode_ci COMMENT='项目信息表';
/*!40101 SET character_set_client = @saved_cs_client */;

--
-- Dumping data for table `data_project`
--

/*!40000 ALTER TABLE `data_project` DISABLE KEYS */;
INSERT INTO `data_project` VALUES ('ABC33EE','测试项目','WS27-28',1,'5be6fa6d-226a-11f1-9e3e-d8bbc1939216','0',NULL,'2026-03-18 09:32:42','2026-03-18 09:34:17',NULL,1),('1','1','1',2,'327216a5-c0a2-428b-8ad2-db2c6fa66943','0',NULL,'2026-03-18 09:35:31','2026-03-18 10:02:51',1,1),('WGRO32JD','2026年Q3光伏支架项目','WT26-01',4,'f34dc093-226a-11f1-9e3e-d8bbc1939216','0',NULL,'2026-03-18 09:36:56','2026-03-18 09:36:56',NULL,NULL),('2','2','2',5,'fd8353f8-63b1-4d98-a750-dafce12e3fd0','0',NULL,'2026-03-18 10:07:28','2026-03-18 10:07:28',1,1),('7','7','7',7,'e6394bbb-25fd-4684-9b56-ab5152488ca7','0',NULL,'2026-03-18 10:09:20','2026-03-18 10:09:20',1,1),('3','3','3',8,'9b1ea26a-72a7-45fa-888c-c50376243916','0',NULL,'2026-03-18 10:09:26','2026-03-18 10:09:26',1,1),('4','4','4',9,'c09c4e37-a88d-40bd-8bd9-24aeed01cf2b','0',NULL,'2026-03-18 10:09:30','2026-03-18 10:09:30',1,1),('5','5','5',10,'ee55abfe-8b7e-4abb-bf41-2af2a8cf9d3a','0',NULL,'2026-03-18 10:09:37','2026-03-18 10:09:37',1,1),('6','6','6',11,'240567e7-e050-4214-811b-9ab575524a79','0',NULL,'2026-03-18 10:09:42','2026-03-18 10:09:42',1,1),('8','8','8',12,'b799bdda-92ad-480f-a9c2-063eaa9c52f2','0',NULL,'2026-03-18 10:09:48','2026-03-18 10:09:48',1,1),('9','9','9',13,'550dc275-2a55-4a2b-bc9d-2113a000ee2f','0',NULL,'2026-03-18 10:09:53','2026-03-18 10:09:53',1,1),('WGWF36DH','曲阜东宏3620钢管防腐铺机','WS24-19',14,'7378687b-a8c1-46c6-9c64-41e485d07e2b','0',NULL,'2026-03-20 13:52:24','2026-03-20 13:52:24',NULL,NULL);
/*!40000 ALTER TABLE `data_project` ENABLE KEYS */;

--
-- Table structure for table `gen_demo`
--

DROP TABLE IF EXISTS `gen_demo`;
/*!40101 SET @saved_cs_client     = @@character_set_client */;
/*!50503 SET character_set_client = utf8mb4 */;
CREATE TABLE `gen_demo` (
  `name` varchar(64) COLLATE utf8mb4_unicode_ci NOT NULL COMMENT '名称',
  `a` int DEFAULT NULL COMMENT '整数',
  `b` bigint DEFAULT NULL COMMENT '大整数',
  `c` float DEFAULT NULL COMMENT '浮点数',
  `d` tinyint(1) NOT NULL COMMENT '布尔型',
  `e` date DEFAULT NULL COMMENT '日期',
  `f` time DEFAULT NULL COMMENT '时间',
  `g` datetime DEFAULT NULL COMMENT '日期时间',
  `h` text COLLATE utf8mb4_unicode_ci COMMENT '长文本',
  `i` json DEFAULT NULL COMMENT '元数据(JSON格式)',
  `id` int NOT NULL AUTO_INCREMENT COMMENT '主键ID',
  `uuid` varchar(64) COLLATE utf8mb4_unicode_ci NOT NULL COMMENT 'UUID全局唯一标识',
  `status` varchar(10) COLLATE utf8mb4_unicode_ci NOT NULL COMMENT '是否启用(0:启用 1:禁用)',
  `description` text COLLATE utf8mb4_unicode_ci COMMENT '备注/描述',
  `created_time` datetime NOT NULL COMMENT '创建时间',
  `updated_time` datetime NOT NULL COMMENT '更新时间',
  `created_id` int DEFAULT NULL COMMENT '创建人ID',
  `updated_id` int DEFAULT NULL COMMENT '更新人ID',
  PRIMARY KEY (`id`),
  UNIQUE KEY `ix_gen_demo_uuid` (`uuid`),
  KEY `ix_gen_demo_created_id` (`created_id`),
  KEY `ix_gen_demo_id` (`id`),
  KEY `ix_gen_demo_status` (`status`),
  KEY `ix_gen_demo_updated_id` (`updated_id`),
  KEY `ix_gen_demo_updated_time` (`updated_time`),
  KEY `ix_gen_demo_created_time` (`created_time`),
  CONSTRAINT `gen_demo_ibfk_1` FOREIGN KEY (`created_id`) REFERENCES `sys_user` (`id`) ON DELETE SET NULL ON UPDATE CASCADE,
  CONSTRAINT `gen_demo_ibfk_2` FOREIGN KEY (`updated_id`) REFERENCES `sys_user` (`id`) ON DELETE SET NULL ON UPDATE CASCADE
) ENGINE=InnoDB DEFAULT CHARSET=utf8mb4 COLLATE=utf8mb4_unicode_ci COMMENT='示例表';
/*!40101 SET character_set_client = @saved_cs_client */;

--
-- Dumping data for table `gen_demo`
--

/*!40000 ALTER TABLE `gen_demo` DISABLE KEYS */;
/*!40000 ALTER TABLE `gen_demo` ENABLE KEYS */;

--
-- Table structure for table `gen_table`
--

DROP TABLE IF EXISTS `gen_table`;
/*!40101 SET @saved_cs_client     = @@character_set_client */;
/*!50503 SET character_set_client = utf8mb4 */;
CREATE TABLE `gen_table` (
  `table_name` varchar(200) COLLATE utf8mb4_unicode_ci NOT NULL COMMENT '表名称',
  `table_comment` varchar(500) COLLATE utf8mb4_unicode_ci DEFAULT NULL COMMENT '表描述',
  `class_name` varchar(100) COLLATE utf8mb4_unicode_ci NOT NULL COMMENT '实体类名称',
  `package_name` varchar(100) COLLATE utf8mb4_unicode_ci DEFAULT NULL COMMENT '生成包路径',
  `module_name` varchar(30) COLLATE utf8mb4_unicode_ci DEFAULT NULL COMMENT '生成模块名',
  `business_name` varchar(30) COLLATE utf8mb4_unicode_ci DEFAULT NULL COMMENT '生成业务名',
  `function_name` varchar(100) COLLATE utf8mb4_unicode_ci DEFAULT NULL COMMENT '生成功能名',
  `sub_table_name` varchar(64) COLLATE utf8mb4_unicode_ci DEFAULT NULL COMMENT '关联子表的表名',
  `sub_table_fk_name` varchar(64) COLLATE utf8mb4_unicode_ci DEFAULT NULL COMMENT '子表关联的外键名',
  `parent_menu_id` int DEFAULT NULL COMMENT '父菜单ID',
  `id` int NOT NULL AUTO_INCREMENT COMMENT '主键ID',
  `uuid` varchar(64) COLLATE utf8mb4_unicode_ci NOT NULL COMMENT 'UUID全局唯一标识',
  `status` varchar(10) COLLATE utf8mb4_unicode_ci NOT NULL COMMENT '是否启用(0:启用 1:禁用)',
  `description` text COLLATE utf8mb4_unicode_ci COMMENT '备注/描述',
  `created_time` datetime NOT NULL COMMENT '创建时间',
  `updated_time` datetime NOT NULL COMMENT '更新时间',
  `created_id` int DEFAULT NULL COMMENT '创建人ID',
  `updated_id` int DEFAULT NULL COMMENT '更新人ID',
  PRIMARY KEY (`id`),
  UNIQUE KEY `ix_gen_table_uuid` (`uuid`),
  KEY `ix_gen_table_status` (`status`),
  KEY `ix_gen_table_created_id` (`created_id`),
  KEY `ix_gen_table_updated_time` (`updated_time`),
  KEY `ix_gen_table_id` (`id`),
  KEY `ix_gen_table_created_time` (`created_time`),
  KEY `ix_gen_table_updated_id` (`updated_id`),
  CONSTRAINT `gen_table_ibfk_1` FOREIGN KEY (`created_id`) REFERENCES `sys_user` (`id`) ON DELETE SET NULL ON UPDATE CASCADE,
  CONSTRAINT `gen_table_ibfk_2` FOREIGN KEY (`updated_id`) REFERENCES `sys_user` (`id`) ON DELETE SET NULL ON UPDATE CASCADE
) ENGINE=InnoDB AUTO_INCREMENT=9 DEFAULT CHARSET=utf8mb4 COLLATE=utf8mb4_unicode_ci COMMENT='代码生成表';
/*!40101 SET character_set_client = @saved_cs_client */;

--
-- Dumping data for table `gen_table`
--

/*!40000 ALTER TABLE `gen_table` DISABLE KEYS */;
INSERT INTO `gen_table` VALUES ('data_project','项目信息表','DataProject','gencode','module_data','project','项目信息',NULL,NULL,157,2,'2105dace-78b8-4fa4-b8b2-1f5789c86374','0',NULL,'2026-03-18 09:02:38','2026-03-18 09:04:35',1,1),('data_bom','BOM清单','DataBom','gencode','module_data','bom','BOM清单',NULL,NULL,158,3,'d3383e8d-98b2-401c-9315-dd7f186095f5','0',NULL,'2026-03-18 10:41:35','2026-03-18 10:42:09',1,1),('produce_craft','工艺字典表','ProduceCraft','gencode','module_produce','craft','工艺字典',NULL,NULL,162,4,'7b0c61d4-0c86-4872-b03a-eb66b300426f','0',NULL,'2026-03-21 14:06:57','2026-03-21 14:14:17',1,1),('produce_craft_route','工艺路线表','ProduceCraftRoute','gencode','module_produce','craftroute','工艺路线',NULL,NULL,163,5,'ad0b7ff2-60f0-4c91-b0cb-c6cbc75f54f1','0',NULL,'2026-03-21 14:45:18','2026-03-21 14:46:30',1,1),('produce_bom_route','BOM路线关联表','ProduceBomRoute','gencode','module_produce','bomroute','BOM路线关联',NULL,NULL,165,6,'819a63fa-0839-4711-85e2-253f8884ee97','0',NULL,'2026-03-23 14:47:36','2026-03-23 14:49:58',1,1),('produce_bom_manhour','BOM工时关联表','ProduceBomManhour','module_produce','module_produce','bommanhour','BOM工时关联',NULL,NULL,164,7,'b0ab5771-a81d-4fb6-a667-97290762c090','0',NULL,'2026-04-07 13:54:06','2026-04-07 13:56:41',1,1),('produce_order','工单表','ProduceOrder','module_produce','module_produce','order','工单',NULL,NULL,161,8,'bfd057a1-8f09-45b2-afa4-e339d0d15598','0',NULL,'2026-04-09 10:58:33','2026-04-09 11:02:37',1,1);
/*!40000 ALTER TABLE `gen_table` ENABLE KEYS */;

--
-- Table structure for table `gen_table_column`
--

DROP TABLE IF EXISTS `gen_table_column`;
/*!40101 SET @saved_cs_client     = @@character_set_client */;
/*!50503 SET character_set_client = utf8mb4 */;
CREATE TABLE `gen_table_column` (
  `column_name` varchar(200) COLLATE utf8mb4_unicode_ci NOT NULL COMMENT '列名称',
  `column_comment` varchar(500) COLLATE utf8mb4_unicode_ci DEFAULT NULL COMMENT '列描述',
  `column_type` varchar(100) COLLATE utf8mb4_unicode_ci NOT NULL COMMENT '列类型',
  `column_length` varchar(50) COLLATE utf8mb4_unicode_ci DEFAULT NULL COMMENT '列长度',
  `column_default` varchar(200) COLLATE utf8mb4_unicode_ci DEFAULT NULL COMMENT '列默认值',
  `is_pk` tinyint(1) NOT NULL DEFAULT '0' COMMENT '是否主键',
  `is_increment` tinyint(1) NOT NULL DEFAULT '0' COMMENT '是否自增',
  `is_nullable` tinyint(1) NOT NULL DEFAULT '1' COMMENT '是否允许为空',
  `is_unique` tinyint(1) NOT NULL DEFAULT '0' COMMENT '是否唯一',
  `python_type` varchar(100) COLLATE utf8mb4_unicode_ci DEFAULT NULL COMMENT 'Python类型',
  `python_field` varchar(200) COLLATE utf8mb4_unicode_ci DEFAULT NULL COMMENT 'Python字段名',
  `is_insert` tinyint(1) NOT NULL DEFAULT '1' COMMENT '是否为新增字段',
  `is_edit` tinyint(1) NOT NULL DEFAULT '1' COMMENT '是否编辑字段',
  `is_list` tinyint(1) NOT NULL DEFAULT '1' COMMENT '是否列表字段',
  `is_query` tinyint(1) NOT NULL DEFAULT '0' COMMENT '是否查询字段',
  `query_type` varchar(50) COLLATE utf8mb4_unicode_ci DEFAULT NULL COMMENT '查询方式',
  `html_type` varchar(100) COLLATE utf8mb4_unicode_ci DEFAULT NULL COMMENT '显示类型',
  `dict_type` varchar(200) COLLATE utf8mb4_unicode_ci DEFAULT NULL COMMENT '字典类型',
  `sort` int NOT NULL COMMENT '排序',
  `table_id` int NOT NULL COMMENT '归属表编号',
  `id` int NOT NULL AUTO_INCREMENT COMMENT '主键ID',
  `uuid` varchar(64) COLLATE utf8mb4_unicode_ci NOT NULL COMMENT 'UUID全局唯一标识',
  `status` varchar(10) COLLATE utf8mb4_unicode_ci NOT NULL COMMENT '是否启用(0:启用 1:禁用)',
  `description` text COLLATE utf8mb4_unicode_ci COMMENT '备注/描述',
  `created_time` datetime NOT NULL COMMENT '创建时间',
  `updated_time` datetime NOT NULL COMMENT '更新时间',
  `created_id` int DEFAULT NULL COMMENT '创建人ID',
  `updated_id` int DEFAULT NULL COMMENT '更新人ID',
  PRIMARY KEY (`id`),
  UNIQUE KEY `ix_gen_table_column_uuid` (`uuid`),
  KEY `ix_gen_table_column_status` (`status`),
  KEY `ix_gen_table_column_table_id` (`table_id`),
  KEY `ix_gen_table_column_created_id` (`created_id`),
  KEY `ix_gen_table_column_id` (`id`),
  KEY `ix_gen_table_column_updated_id` (`updated_id`),
  KEY `ix_gen_table_column_created_time` (`created_time`),
  KEY `ix_gen_table_column_updated_time` (`updated_time`),
  CONSTRAINT `gen_table_column_ibfk_1` FOREIGN KEY (`table_id`) REFERENCES `gen_table` (`id`) ON DELETE CASCADE,
  CONSTRAINT `gen_table_column_ibfk_2` FOREIGN KEY (`created_id`) REFERENCES `sys_user` (`id`) ON DELETE SET NULL ON UPDATE CASCADE,
  CONSTRAINT `gen_table_column_ibfk_3` FOREIGN KEY (`updated_id`) REFERENCES `sys_user` (`id`) ON DELETE SET NULL ON UPDATE CASCADE
) ENGINE=InnoDB AUTO_INCREMENT=57 DEFAULT CHARSET=utf8mb4 COLLATE=utf8mb4_unicode_ci COMMENT='代码生成表字段';
/*!40101 SET character_set_client = @saved_cs_client */;

--
-- Dumping data for table `gen_table_column`
--

/*!40000 ALTER TABLE `gen_table_column` DISABLE KEYS */;
INSERT INTO `gen_table_column` VALUES ('code','项目编码','VARCHAR(64) COLLATE \"utf8mb4_unicode_ci\"','64','',1,0,0,0,'str','code',1,1,1,1,NULL,'input','',1,2,4,'56295d6f-d4df-41f2-a042-9753fba50d23','0',NULL,'2026-03-18 09:02:38','2026-03-18 09:06:54',1,1),('name','项目名称','VARCHAR(255) COLLATE \"utf8mb4_unicode_ci\"','255','',0,0,0,0,'str','name',1,1,1,1,'LIKE','input','',2,2,5,'c305608e-2b99-4ef8-8ece-2a2c4a400f69','0',NULL,'2026-03-18 09:02:38','2026-03-18 09:02:38',1,1),('no','项目编号','VARCHAR(64) COLLATE \"utf8mb4_unicode_ci\"','64','',0,0,0,1,'str','no',1,1,1,1,'EQ','input','',3,2,6,'fa344105-ace0-4076-b76f-c7987e93093d','0',NULL,'2026-03-18 09:02:38','2026-03-18 09:02:38',1,1),('id','主键ID','INTEGER','','',1,1,0,0,'int','id',1,0,0,0,NULL,'input','',1,3,7,'6f18307e-e146-41a9-9fd1-541d9d2399a0','0',NULL,'2026-03-18 10:41:35','2026-03-18 10:41:35',1,1),('parent_code','父代号（关联data_project.code）','VARCHAR(64) COLLATE \"utf8mb4_unicode_ci\"','64','',0,0,0,0,'str','parentCode',1,1,1,1,'EQ','input','',2,3,8,'0c47cfd1-a931-4ce5-a0d6-c0220ec934c3','0',NULL,'2026-03-18 10:41:35','2026-03-18 10:41:35',1,1),('code','代号','VARCHAR(64) COLLATE \"utf8mb4_unicode_ci\"','64','',0,0,1,0,'str','code',1,1,1,1,'EQ','input','',3,3,9,'cca83eac-3c55-47e8-ba63-787274110d94','0',NULL,'2026-03-18 10:41:35','2026-03-18 10:41:35',1,1),('spec','名称','VARCHAR(255) COLLATE \"utf8mb4_unicode_ci\"','255','',0,0,0,0,'str','spec',1,1,1,1,'LIKE','input','',4,3,10,'0a23e3c2-338a-4ae2-834f-75e42f848c5c','0',NULL,'2026-03-18 10:41:35','2026-03-18 10:49:59',1,1),('count','数量','INTEGER','','',0,0,0,0,'int','count',1,1,1,1,'EQ','input','',5,3,11,'618c79bf-31ee-447d-a2c1-de0976d0869a','0',NULL,'2026-03-18 10:41:35','2026-03-18 10:41:35',1,1),('material','材质','VARCHAR(255) COLLATE \"utf8mb4_unicode_ci\"','255','',0,0,1,0,'str','material',1,1,1,1,'LIKE','input','',6,3,12,'4237d1bb-0b2b-4df7-975c-c513b0050faf','0',NULL,'2026-03-18 10:41:35','2026-03-18 10:49:59',1,1),('unit_mass','单重','FLOAT','','',0,0,1,0,'float','unitMass',1,1,1,1,'EQ','input','',7,3,13,'e7214e26-deac-42df-9fb7-0b43fb60c2ac','0',NULL,'2026-03-18 10:41:35','2026-03-18 10:41:35',1,1),('total_mass','总重','FLOAT','','',0,0,1,0,'float','totalMass',1,1,1,1,'EQ','input','',8,3,14,'59f969e9-6f5e-4700-bf27-896653ad1ec9','0',NULL,'2026-03-18 10:41:35','2026-03-18 10:41:35',1,1),('remark','备注','VARCHAR(500) COLLATE \"utf8mb4_unicode_ci\"','500','',0,0,1,0,'str','remark',1,1,1,1,'LIKE','input','',9,3,15,'f696ac50-f28c-4a0a-858d-043b9e72cc08','0',NULL,'2026-03-18 10:41:35','2026-03-18 10:49:59',1,1),('uuid','UUID全局唯一标识','VARCHAR(64) COLLATE \"utf8mb4_unicode_ci\"','64','(uuid())',0,0,0,0,'str','uuid',1,0,0,0,NULL,'input','',10,3,16,'949ffdea-889d-43cb-99d5-4131502d4717','0',NULL,'2026-03-18 10:41:35','2026-03-18 10:41:35',1,1),('status','是否启用(0:启用 1:禁用)','VARCHAR(10) COLLATE \"utf8mb4_unicode_ci\"','10','\'0\'',0,0,0,0,'str','status',1,1,1,1,'EQ','radio','',11,3,17,'cc1851c7-7568-4b3f-a4db-9f40db995c77','0',NULL,'2026-03-18 10:41:35','2026-03-18 10:49:59',1,1),('description','备注/描述','TEXT COLLATE \"utf8mb4_unicode_ci\"','','',0,0,1,0,'str','description',1,1,1,0,NULL,'input','',12,3,18,'ea5422a9-b365-40f2-a59a-c0cc8ddfec34','0',NULL,'2026-03-18 10:41:35','2026-03-18 10:41:35',1,1),('created_time','创建时间','DATETIME','','CURRENT_TIMESTAMP',0,0,0,0,'datetime','createdTime',1,0,1,1,'EQ','input','',13,3,19,'85bb6f41-3ef6-49b5-967b-08a6185eeab9','0',NULL,'2026-03-18 10:41:35','2026-03-18 10:41:35',1,1),('updated_time','更新时间','DATETIME','','CURRENT_TIMESTAMP ON UPDATE CURRENT_TIMESTAMP',0,0,0,0,'datetime','updatedTime',1,0,1,1,'EQ','input','',14,3,20,'46629006-7095-4b72-ad5b-b7d468460580','0',NULL,'2026-03-18 10:41:35','2026-03-18 10:41:35',1,1),('created_id','创建人ID','INTEGER','','',0,0,1,0,'int','createdId',1,1,1,1,'EQ','input','',15,3,21,'c537fd0f-9737-46f4-bac4-31ec2adb7efb','0',NULL,'2026-03-18 10:41:35','2026-03-18 10:41:35',1,1),('updated_id','更新人ID','INTEGER','','',0,0,1,0,'int','updatedId',1,1,1,1,'EQ','input','',16,3,22,'f86b9a4a-0a5f-4fec-ae41-a4090e0c58d2','0',NULL,'2026-03-18 10:41:35','2026-03-18 10:41:35',1,1),('id','工艺ID','INTEGER','','',1,1,0,0,'int','id',1,0,0,0,NULL,'input','',1,4,23,'624b29fb-9d50-4b4c-8ca0-5d15bcba6246','0',NULL,'2026-03-21 14:06:57','2026-03-21 14:06:57',1,1),('name','工艺名称','VARCHAR(30)','30','',0,0,0,1,'str','name',1,1,1,1,'LIKE','input','',2,4,24,'1908af78-4f02-4ca2-8254-b82501947d24','0',NULL,'2026-03-21 14:06:57','2026-03-21 14:06:57',1,1),('id','工艺路线ID','INTEGER','','',1,1,0,0,'int','id',1,0,0,0,NULL,'input','',1,5,25,'10d4ecdb-b3e4-477b-af47-7da4db989ad2','0',NULL,'2026-03-21 14:45:18','2026-03-21 14:45:18',1,1),('type','工艺路线','INTEGER','','',0,0,0,0,'int','type',1,1,1,1,'EQ','input','',2,5,26,'af5255ce-6dac-4a33-8c6a-f357eab5feab','0',NULL,'2026-03-21 14:45:18','2026-03-21 14:45:18',1,1),('sort','排序','INTEGER','','',0,0,0,0,'int','sort',1,1,1,1,'EQ','input','',3,5,27,'2cd11813-9e94-4ac0-a940-da804e3b2197','0',NULL,'2026-03-21 14:45:18','2026-03-21 14:45:18',1,1),('craft_id','工艺ID','INTEGER','','',0,0,0,0,'int','craftId',1,1,1,1,'EQ','input','',4,5,28,'177976eb-4569-4841-95d5-71ba98b94d9b','0',NULL,'2026-03-21 14:45:18','2026-03-21 14:45:18',1,1),('uuid','UUID全局唯一标识','VARCHAR(64)','64','(uuid())',0,0,0,1,'str','uuid',1,0,0,0,NULL,'input','',5,5,29,'df903b80-7f2b-4803-860c-54129a13e8fa','0',NULL,'2026-03-21 14:45:18','2026-03-21 14:45:18',1,1),('status','是否启用(0:启用 1:禁用)','VARCHAR(10)','10','\'0\'',0,0,0,0,'str','status',1,1,1,1,'EQ','radio','',6,5,30,'d1c391f4-4010-40bb-a0b8-b55e311c0e1a','0',NULL,'2026-03-21 14:45:18','2026-03-21 14:48:56',1,1),('description','备注/描述','TEXT','','',0,0,1,0,'str','description',1,1,1,0,NULL,'input','',7,5,31,'3e05a8d0-52c1-4438-8d02-e1e28c50ac1a','0',NULL,'2026-03-21 14:45:18','2026-03-21 14:45:18',1,1),('created_time','创建时间','DATETIME','','CURRENT_TIMESTAMP',0,0,0,0,'datetime','createdTime',1,0,1,1,'EQ','datetime','',8,5,32,'4dfb4bb4-5504-4e50-9af6-9a83e950d6d9','0',NULL,'2026-03-21 14:45:18','2026-03-21 14:48:56',1,1),('updated_time','更新时间','DATETIME','','CURRENT_TIMESTAMP ON UPDATE CURRENT_TIMESTAMP',0,0,0,0,'datetime','updatedTime',1,0,1,1,'EQ','datetime','',9,5,33,'be9406fd-ac3a-47f0-95c2-e91338a3b435','0',NULL,'2026-03-21 14:45:18','2026-03-21 14:48:57',1,1),('created_id','创建人ID','INTEGER','','',0,0,1,0,'int','createdId',1,1,1,1,'EQ','select','',10,5,34,'01ec2e54-d210-4329-826a-50302a902304','0',NULL,'2026-03-21 14:45:18','2026-03-21 14:48:57',1,1),('updated_id','更新人ID','INTEGER','','',0,0,1,0,'int','updatedId',1,1,1,1,'EQ','select','',11,5,35,'96b27399-1d8d-4083-924d-98daa7389363','0',NULL,'2026-03-21 14:45:18','2026-03-21 14:48:57',1,1),('bom_id','BOMID','INTEGER','','',1,0,0,0,'int','bomId',1,0,0,0,NULL,'input','',1,6,36,'23132d9a-a879-4413-9bd7-d98738220d49','0',NULL,'2026-03-23 14:47:36','2026-03-23 14:47:36',1,1),('route','工艺路线','INTEGER','','',1,0,0,0,'int','route',1,0,0,0,NULL,'input','',2,6,37,'85109c08-b833-41ad-9a6d-12a45ca6ed5c','0',NULL,'2026-03-23 14:47:36','2026-03-23 14:47:36',1,1),('id','主键ID','INTEGER','','',1,1,0,0,'int','id',1,0,0,0,NULL,'input','',1,7,38,'293529be-46ac-4741-a55b-80d36a3bea39','0',NULL,'2026-04-07 13:54:06','2026-04-07 13:54:06',1,1),('bom_id','BOM ID','INTEGER','','',0,0,0,1,'int','bomId',1,1,1,1,'EQ','input','',2,7,39,'408ce004-e2ab-47f7-be07-e689dbe5722d','0',NULL,'2026-04-07 13:54:07','2026-04-07 13:54:07',1,1),('craft_id','工序ID','INTEGER','','',0,0,0,1,'int','craftId',1,1,1,1,'EQ','input','',3,7,40,'c664d97a-972d-4656-8109-c8de17cc9085','0',NULL,'2026-04-07 13:54:07','2026-04-07 13:54:07',1,1),('manhour','工时','INTEGER','','\'0\'',0,0,0,0,'int','manhour',1,1,1,1,'EQ','input','',4,7,41,'b4b52aa2-22d7-459f-8520-593c8f0c7b55','0',NULL,'2026-04-07 13:54:07','2026-04-07 13:54:07',1,1),('bom_id','BOM ID','INTEGER','','',0,0,0,1,'int','bomId',1,1,1,1,'EQ','input','',1,8,42,'362d21ab-96c1-4f85-99f8-3808013bd41f','0',NULL,'2026-04-09 10:58:33','2026-04-09 10:58:33',1,1),('craft_id','子工艺ID','INTEGER','','',0,0,0,1,'int','craftId',1,1,1,1,'EQ','input','',2,8,43,'655ebd04-4b94-4000-9856-f3348c1e02ac','0',NULL,'2026-04-09 10:58:33','2026-04-09 10:58:33',1,1),('man_hour','工时','INTEGER','','\'0\'',0,0,0,0,'int','manHour',1,1,1,1,'EQ','input','',3,8,44,'ccb0393c-05df-4095-9265-6c3e1abb6777','0',NULL,'2026-04-09 10:58:33','2026-04-09 10:58:33',1,1),('plan_count','计划数量','INTEGER','','\'1\'',0,0,0,0,'int','planCount',1,1,1,1,'EQ','input','',4,8,45,'82a9165a-89d8-4dd4-80f4-c2859b1e2b6d','0',NULL,'2026-04-09 10:58:33','2026-04-09 10:58:33',1,1),('real_count','实际数量','INTEGER','','\'0\'',0,0,1,0,'int','realCount',1,1,1,1,'EQ','input','',5,8,46,'9448615a-1d15-41c6-9ff1-ca4206aa04a2','0',NULL,'2026-04-09 10:58:33','2026-04-09 10:58:33',1,1),('plan_date','计划日期','DATE','','',0,0,0,0,'date','planDate',1,1,1,1,'EQ','datetime','',6,8,47,'a5bd994f-cef9-479d-b1a5-d7f6130d84ce','0',NULL,'2026-04-09 10:58:33','2026-04-09 11:06:01',1,1),('real_date','实际日期','DATE','','',0,0,1,0,'date','realDate',1,1,1,1,'EQ','datetime','',7,8,48,'9b4b74a4-1b8a-48c3-8837-ebca62b7b3c0','0',NULL,'2026-04-09 10:58:33','2026-04-09 11:06:01',1,1),('id','工单ID','INTEGER','','',1,1,0,0,'int','id',1,0,0,0,NULL,'input','',8,8,49,'a10440b1-afbf-454a-9a02-cb8c30ee2f1b','0',NULL,'2026-04-09 10:58:33','2026-04-09 10:58:33',1,1),('uuid','UUID','VARCHAR(64) COLLATE \"utf8mb4_unicode_ci\"','64','(uuid())',0,0,0,1,'str','uuid',1,0,0,0,NULL,'input','',9,8,50,'6b54c277-9933-4d84-8dff-179a66b36356','0',NULL,'2026-04-09 10:58:34','2026-04-09 10:58:34',1,1),('status','状态 0=待生产 1=生产中 2=已完成 3=已取消 4=已暂停','VARCHAR(10) COLLATE \"utf8mb4_unicode_ci\"','10','\'0\'',0,0,0,0,'str','status',1,1,1,1,'EQ','input','',10,8,51,'72c5c18f-14a3-4049-bb49-1a2fadc9426b','0',NULL,'2026-04-09 10:58:34','2026-04-09 10:58:34',1,1),('description','备注/描述','TEXT COLLATE \"utf8mb4_unicode_ci\"','','',0,0,1,0,'str','description',1,1,1,0,NULL,'input','',11,8,52,'1d76bebe-6091-4760-94d5-04ad3a4da10a','0',NULL,'2026-04-09 10:58:34','2026-04-09 10:58:34',1,1),('created_time','创建时间','DATETIME','','CURRENT_TIMESTAMP',0,0,0,0,'datetime','createdTime',1,0,1,1,'EQ','datetime','',12,8,53,'5894ec49-9c19-4a5f-b49c-395eb087e02d','0',NULL,'2026-04-09 10:58:34','2026-04-09 11:06:01',1,1),('updated_time','更新时间','DATETIME','','CURRENT_TIMESTAMP ON UPDATE CURRENT_TIMESTAMP',0,0,0,0,'datetime','updatedTime',1,0,1,1,'EQ','datetime','',13,8,54,'a7683a75-ab99-4e99-9dc1-31749e028c5a','0',NULL,'2026-04-09 10:58:34','2026-04-09 11:06:01',1,1),('created_id','创建人ID','INTEGER','','',0,0,1,0,'int','createdId',1,1,1,1,'EQ','input','',14,8,55,'4b28baa6-dfc6-495d-abaa-7bc8bce0b576','0',NULL,'2026-04-09 10:58:34','2026-04-09 10:58:34',1,1),('updated_id','更新人ID','INTEGER','','',0,0,1,0,'int','updatedId',1,1,1,1,'EQ','input','',15,8,56,'a6841636-b72a-420f-b619-5aab758e7efc','0',NULL,'2026-04-09 10:58:34','2026-04-09 10:58:34',1,1);
/*!40000 ALTER TABLE `gen_table_column` ENABLE KEYS */;

--
-- Table structure for table `produce_bom_manhour`
--

DROP TABLE IF EXISTS `produce_bom_manhour`;
/*!40101 SET @saved_cs_client     = @@character_set_client */;
/*!50503 SET character_set_client = utf8mb4 */;
CREATE TABLE `produce_bom_manhour` (
  `id` int NOT NULL AUTO_INCREMENT COMMENT '主键ID',
  `bom_id` int NOT NULL COMMENT 'BOMID',
  `craft_id` int NOT NULL COMMENT '工艺ID',
  `manhour` int NOT NULL DEFAULT '0' COMMENT '工时',
  `uuid` varchar(64) NOT NULL DEFAULT (uuid()) COMMENT 'UUID全局唯一标识',
  `status` varchar(10) NOT NULL DEFAULT '0' COMMENT '是否启用(0:启用 1:禁用)',
  `description` text COMMENT '备注/描述',
  `created_time` datetime NOT NULL DEFAULT CURRENT_TIMESTAMP COMMENT '创建时间',
  `updated_time` datetime NOT NULL DEFAULT CURRENT_TIMESTAMP ON UPDATE CURRENT_TIMESTAMP COMMENT '更新时间',
  `created_id` int DEFAULT NULL COMMENT '创建人ID',
  `updated_id` int DEFAULT NULL COMMENT '更新人ID',
  PRIMARY KEY (`id`),
  KEY `fk_manhour_bom` (`bom_id`),
  KEY `fk_manhour_craft` (`craft_id`),
  CONSTRAINT `fk_manhour_bom` FOREIGN KEY (`bom_id`) REFERENCES `data_bom` (`id`) ON DELETE CASCADE,
  CONSTRAINT `fk_manhour_craft` FOREIGN KEY (`craft_id`) REFERENCES `produce_craft` (`id`) ON DELETE CASCADE
) ENGINE=InnoDB AUTO_INCREMENT=24 DEFAULT CHARSET=utf8mb4 COLLATE=utf8mb4_0900_ai_ci COMMENT='BOM工时关联';
/*!40101 SET character_set_client = @saved_cs_client */;

--
-- Dumping data for table `produce_bom_manhour`
--

/*!40000 ALTER TABLE `produce_bom_manhour` DISABLE KEYS */;
INSERT INTO `produce_bom_manhour` VALUES (1,313,11,12345678,'9488ff15-44b5-4748-ab5e-e9220a10407f','0',NULL,'2026-04-08 15:56:18','2026-04-10 09:16:00',1,1),(2,313,12,2,'7a4409e4-a3b1-43e7-8490-1c726280b7b8','0',NULL,'2026-04-08 15:56:18','2026-04-08 15:56:18',1,1),(3,313,6,3,'3b506609-5690-412a-b958-e11dc8628fd2','0',NULL,'2026-04-08 15:56:18','2026-04-08 15:56:18',1,1),(4,313,7,4,'53f69508-7084-4f0f-a2fd-8f7643f0150f','0',NULL,'2026-04-08 15:56:18','2026-04-08 15:56:18',1,1),(5,313,8,5,'6b3af654-1fa4-4d39-9fd2-efe7daa42348','0',NULL,'2026-04-08 15:56:18','2026-04-08 15:56:18',1,1),(6,313,9,6,'62d373af-b727-4d0e-83b0-1d2459689a3a','0',NULL,'2026-04-08 15:56:18','2026-04-08 15:56:18',1,1),(7,313,10,7,'eed4627b-25aa-4207-890d-79c892cf10c0','0',NULL,'2026-04-08 15:56:18','2026-04-08 15:56:18',1,1),(8,313,2,8,'9320beea-4cb4-4df9-a2be-850f3f1a9593','0',NULL,'2026-04-08 15:56:18','2026-04-09 14:29:42',1,1),(9,313,5,9,'1dd2ea0e-631d-4972-9ec1-05feeb7bfe32','0',NULL,'2026-04-08 15:56:18','2026-04-08 15:56:18',1,1),(10,313,13,10,'8cba28d0-ab6c-4434-afb6-2e3ec1371184','0',NULL,'2026-04-08 15:56:18','2026-04-08 15:56:18',1,1),(11,313,14,11,'7c7c5758-8a68-4c5d-8969-866b31c563ee','0',NULL,'2026-04-08 15:56:18','2026-04-08 15:56:18',1,1),(12,313,15,12,'89509051-c039-4d06-9060-23c5c100d9d3','0',NULL,'2026-04-08 15:56:18','2026-04-08 15:56:18',1,1);
/*!40000 ALTER TABLE `produce_bom_manhour` ENABLE KEYS */;

--
-- Table structure for table `produce_bom_route`
--

DROP TABLE IF EXISTS `produce_bom_route`;
/*!40101 SET @saved_cs_client     = @@character_set_client */;
/*!50503 SET character_set_client = utf8mb4 */;
CREATE TABLE `produce_bom_route` (
  `bom_id` int NOT NULL COMMENT 'BOMID',
  `route` int NOT NULL COMMENT '路线编号',
  PRIMARY KEY (`bom_id`),
  KEY `idx_route` (`route`),
  CONSTRAINT `fk_bom_route_bom` FOREIGN KEY (`bom_id`) REFERENCES `data_bom` (`id`) ON DELETE CASCADE,
  CONSTRAINT `fk_bom_route_route` FOREIGN KEY (`route`) REFERENCES `produce_route_name` (`route`) ON DELETE CASCADE
) ENGINE=InnoDB DEFAULT CHARSET=utf8mb4 COLLATE=utf8mb4_unicode_ci COMMENT='BOM路线关联';
/*!40101 SET character_set_client = @saved_cs_client */;

--
-- Dumping data for table `produce_bom_route`
--

/*!40000 ALTER TABLE `produce_bom_route` DISABLE KEYS */;
INSERT INTO `produce_bom_route` VALUES (315,1),(329,2),(334,3),(361,4),(369,5),(373,6),(402,7),(403,8),(404,9),(405,10),(406,11),(407,12),(409,13),(410,14),(411,15),(433,16),(436,17),(434,18),(435,19),(313,22),(314,22),(317,22),(318,22),(319,22),(320,22),(321,22),(322,22),(323,22),(324,22),(325,22),(326,22),(330,22),(331,22),(332,22),(333,22),(335,22),(336,22),(337,22),(338,22),(339,22),(340,22),(341,22),(342,22),(343,22),(344,22),(345,22),(346,22),(347,22),(348,22),(349,22),(350,22),(351,22),(352,22),(353,22),(354,22),(355,22),(356,22),(357,22),(358,22),(359,22),(360,22),(362,22),(363,22),(364,22),(365,22),(366,22),(370,22),(371,22),(372,22),(374,22),(375,22),(376,22),(377,22),(378,22),(379,22),(380,22),(381,22),(382,22),(383,22),(384,22),(385,22),(386,22),(387,22),(388,22),(389,22),(390,22),(391,22),(392,22),(393,22),(394,22),(395,22),(396,22),(397,22),(398,22),(399,22),(400,22),(408,22),(412,22),(413,22),(414,22),(415,22),(416,22),(417,22),(418,22),(419,22),(420,22),(421,22),(422,22),(423,22),(424,22),(425,22),(426,22),(427,22),(428,22),(429,22),(430,22),(431,22),(432,22),(437,23),(438,24),(316,31);
/*!40000 ALTER TABLE `produce_bom_route` ENABLE KEYS */;

--
-- Table structure for table `produce_craft`
--

DROP TABLE IF EXISTS `produce_craft`;
/*!40101 SET @saved_cs_client     = @@character_set_client */;
/*!50503 SET character_set_client = utf8mb4 */;
CREATE TABLE `produce_craft` (
  `id` int NOT NULL AUTO_INCREMENT COMMENT '工艺ID',
  `parent_id` int NOT NULL DEFAULT '0' COMMENT '父工艺ID',
  `has_child` tinyint(1) NOT NULL DEFAULT '0' COMMENT '子工艺',
  `name` varchar(64) NOT NULL COMMENT '工艺名称',
  PRIMARY KEY (`id`),
  UNIQUE KEY `uk_name` (`name`)
) ENGINE=InnoDB AUTO_INCREMENT=16 DEFAULT CHARSET=utf8mb4 COLLATE=utf8mb4_0900_ai_ci COMMENT='工艺表';
/*!40101 SET character_set_client = @saved_cs_client */;

--
-- Dumping data for table `produce_craft`
--

/*!40000 ALTER TABLE `produce_craft` DISABLE KEYS */;
INSERT INTO `produce_craft` VALUES (1,0,1,'下料'),(2,0,0,'铆焊'),(3,0,1,'机加'),(4,0,1,'喷漆'),(5,0,0,'装配'),(6,3,0,'车削'),(7,3,0,'铣削'),(8,3,0,'钻削'),(9,3,0,'镗削'),(10,3,0,'刨削'),(11,1,0,'板材'),(12,1,0,'型材'),(13,4,0,'打磨'),(14,4,0,'底漆'),(15,4,0,'面漆');
/*!40000 ALTER TABLE `produce_craft` ENABLE KEYS */;

--
-- Table structure for table `produce_craft_route`
--

DROP TABLE IF EXISTS `produce_craft_route`;
/*!40101 SET @saved_cs_client     = @@character_set_client */;
/*!50503 SET character_set_client = utf8mb4 */;
CREATE TABLE `produce_craft_route` (
  `id` int NOT NULL AUTO_INCREMENT COMMENT '主键ID',
  `route` int NOT NULL COMMENT '路线编号',
  `sort` int NOT NULL COMMENT '工序顺序',
  `craft_id` int NOT NULL COMMENT '工艺ID',
  PRIMARY KEY (`id`),
  KEY `idx_route` (`route`),
  KEY `fk_craft` (`craft_id`),
  CONSTRAINT `fk_route_craft` FOREIGN KEY (`craft_id`) REFERENCES `produce_craft` (`id`) ON DELETE CASCADE
) ENGINE=InnoDB AUTO_INCREMENT=193 DEFAULT CHARSET=utf8mb4 COLLATE=utf8mb4_0900_ai_ci COMMENT='工艺路线明细';
/*!40101 SET character_set_client = @saved_cs_client */;

--
-- Dumping data for table `produce_craft_route`
--

/*!40000 ALTER TABLE `produce_craft_route` DISABLE KEYS */;
INSERT INTO `produce_craft_route` VALUES (1,1,1,1),(2,2,1,1),(3,2,2,2),(4,3,1,1),(5,3,2,2),(6,3,3,3),(7,4,1,1),(8,4,2,2),(9,4,3,3),(10,4,4,4),(11,5,1,1),(12,5,2,2),(13,5,3,3),(14,5,4,4),(15,5,5,5),(16,6,1,1),(17,6,2,2),(18,6,3,3),(19,6,4,5),(20,7,1,1),(21,7,2,2),(22,7,3,3),(23,7,4,5),(24,7,5,4),(25,8,1,1),(26,8,2,2),(27,8,3,4),(28,9,1,1),(29,9,2,2),(30,9,3,4),(31,9,4,5),(32,10,1,1),(33,10,2,2),(34,10,3,5),(35,11,1,1),(36,11,2,2),(37,11,3,5),(38,11,4,4),(39,12,1,1),(40,12,2,3),(41,13,1,1),(42,13,2,3),(43,13,3,2),(44,14,1,1),(45,14,2,3),(46,14,3,2),(47,14,4,4),(48,15,1,1),(49,15,2,3),(50,15,3,2),(51,15,4,4),(52,15,5,5),(53,16,1,1),(54,16,2,3),(55,16,3,2),(56,16,4,5),(57,17,1,1),(58,17,2,3),(59,17,3,2),(60,17,4,5),(61,17,5,4),(62,18,1,1),(63,18,2,3),(64,18,3,2),(65,18,4,3),(66,19,1,1),(67,19,2,3),(68,19,3,2),(69,19,4,3),(70,19,5,4),(71,20,1,1),(72,20,2,3),(73,20,3,2),(74,20,4,3),(75,20,5,5),(76,21,1,1),(77,21,2,3),(78,21,3,2),(79,21,4,3),(80,21,5,4),(81,21,6,5),(82,22,1,1),(83,22,2,3),(84,22,3,2),(85,22,4,3),(86,22,5,5),(87,22,6,4),(88,23,1,1),(89,23,2,3),(90,23,3,4),(91,24,1,1),(92,24,2,3),(93,24,3,4),(94,24,4,5),(95,25,1,1),(96,25,2,3),(97,25,3,5),(98,26,1,1),(99,26,2,3),(100,26,3,5),(101,26,4,4),(102,27,1,1),(103,27,2,4),(104,28,1,1),(105,28,2,4),(106,28,3,5),(107,29,1,1),(108,29,2,5),(109,30,1,1),(110,30,2,5),(111,30,3,4),(112,31,1,2),(113,32,1,2),(114,32,2,3),(115,33,1,2),(116,33,2,3),(117,33,3,4),(118,34,1,2),(119,34,2,3),(120,34,3,4),(121,34,4,5),(122,35,1,2),(123,35,2,3),(124,35,3,5),(125,36,1,2),(126,36,2,3),(127,36,3,5),(128,36,4,4),(129,37,1,2),(130,37,2,4),(131,38,1,2),(132,38,2,4),(133,38,3,5),(134,39,1,2),(135,39,2,5),(136,40,1,2),(137,40,2,5),(138,40,3,4),(139,41,1,3),(140,42,1,3),(141,42,2,2),(142,43,1,3),(143,43,2,2),(144,43,3,3),(145,44,1,3),(146,44,2,2),(147,44,3,3),(148,44,4,4),(149,45,1,3),(150,45,2,2),(151,45,3,3),(152,45,4,5),(153,46,1,3),(154,46,2,2),(155,46,3,3),(156,46,4,4),(157,46,5,5),(158,47,1,3),(159,47,2,2),(160,47,3,3),(161,47,4,5),(162,47,5,4),(163,48,1,3),(164,48,2,2),(165,48,3,4),(166,49,1,3),(167,49,2,2),(168,49,3,4),(169,49,4,5),(170,50,1,3),(171,50,2,2),(172,50,3,5),(173,51,1,3),(174,51,2,2),(175,51,3,5),(176,51,4,4),(177,52,1,3),(178,52,2,4),(179,53,1,3),(180,52,2,4),(181,53,3,5),(182,54,1,3),(183,54,2,5),(184,55,1,3),(185,54,2,5),(186,55,3,4),(187,56,1,4),(188,57,1,4),(189,57,2,5),(190,58,1,5),(191,59,1,5),(192,59,2,4);
/*!40000 ALTER TABLE `produce_craft_route` ENABLE KEYS */;

--
-- Table structure for table `produce_order`
--

DROP TABLE IF EXISTS `produce_order`;
/*!40101 SET @saved_cs_client     = @@character_set_client */;
/*!50503 SET character_set_client = utf8mb4 */;
CREATE TABLE `produce_order` (
  `bom_id` int NOT NULL COMMENT 'BOM ID',
  `craft_id` int NOT NULL COMMENT '子工艺ID',
  `man_hour` int NOT NULL DEFAULT '0' COMMENT '工时',
  `plan_count` int NOT NULL DEFAULT '1' COMMENT '计划数量',
  `real_count` int DEFAULT '0' COMMENT '实际数量',
  `plan_date` date NOT NULL COMMENT '计划日期',
  `real_date` date DEFAULT NULL COMMENT '实际日期',
  `plan_user` int NOT NULL COMMENT '计划用户',
  `real_user` int DEFAULT NULL COMMENT '实际用户',
  `id` int NOT NULL AUTO_INCREMENT COMMENT '工单ID',
  `uuid` varchar(64) COLLATE utf8mb4_unicode_ci NOT NULL DEFAULT (uuid()) COMMENT 'UUID',
  `status` varchar(10) COLLATE utf8mb4_unicode_ci NOT NULL DEFAULT '0' COMMENT '状态 0=待生产 1=生产中 2=已完成 3=已取消 4=已暂停',
  `description` text COLLATE utf8mb4_unicode_ci COMMENT '备注/描述',
  `created_time` datetime NOT NULL DEFAULT CURRENT_TIMESTAMP COMMENT '创建时间',
  `updated_time` datetime NOT NULL DEFAULT CURRENT_TIMESTAMP ON UPDATE CURRENT_TIMESTAMP COMMENT '更新时间',
  `created_id` int DEFAULT NULL COMMENT '创建人ID',
  `updated_id` int DEFAULT NULL COMMENT '更新人ID',
  PRIMARY KEY (`id`),
  UNIQUE KEY `uk_order_uuid` (`uuid`),
  UNIQUE KEY `uk_order_bom_craft` (`bom_id`,`craft_id`),
  KEY `idx_bom` (`bom_id`),
  KEY `idx_craft` (`craft_id`),
  KEY `ix_order_status` (`status`),
  KEY `ix_order_created_time` (`created_time`),
  KEY `ix_order_updated_time` (`updated_time`),
  KEY `ix_order_created_id` (`created_id`),
  KEY `ix_order_updated_id` (`updated_id`),
  KEY `fk_order_plan_user` (`plan_user`),
  KEY `fk_order_real_user` (`real_user`),
  CONSTRAINT `fk_order_bom` FOREIGN KEY (`bom_id`) REFERENCES `data_bom` (`id`) ON DELETE RESTRICT ON UPDATE CASCADE,
  CONSTRAINT `fk_order_craft` FOREIGN KEY (`craft_id`) REFERENCES `produce_craft` (`id`) ON DELETE RESTRICT ON UPDATE CASCADE,
  CONSTRAINT `fk_order_created_id` FOREIGN KEY (`created_id`) REFERENCES `sys_user` (`id`) ON DELETE RESTRICT ON UPDATE CASCADE,
  CONSTRAINT `fk_order_plan_user` FOREIGN KEY (`plan_user`) REFERENCES `sys_user` (`id`) ON DELETE RESTRICT ON UPDATE CASCADE,
  CONSTRAINT `fk_order_real_user` FOREIGN KEY (`real_user`) REFERENCES `sys_user` (`id`) ON DELETE RESTRICT ON UPDATE CASCADE,
  CONSTRAINT `fk_order_updated_id` FOREIGN KEY (`updated_id`) REFERENCES `sys_user` (`id`) ON DELETE RESTRICT ON UPDATE CASCADE
) ENGINE=InnoDB DEFAULT CHARSET=utf8mb4 COLLATE=utf8mb4_unicode_ci COMMENT='工单表';
/*!40101 SET character_set_client = @saved_cs_client */;

--
-- Dumping data for table `produce_order`
--

/*!40000 ALTER TABLE `produce_order` DISABLE KEYS */;
/*!40000 ALTER TABLE `produce_order` ENABLE KEYS */;

--
-- Table structure for table `produce_route_name`
--

DROP TABLE IF EXISTS `produce_route_name`;
/*!40101 SET @saved_cs_client     = @@character_set_client */;
/*!50503 SET character_set_client = utf8mb4 */;
CREATE TABLE `produce_route_name` (
  `route` int NOT NULL COMMENT '路线编号',
  `name` varchar(512) NOT NULL,
  PRIMARY KEY (`route`),
  UNIQUE KEY `name` (`name`)
) ENGINE=InnoDB DEFAULT CHARSET=utf8mb4 COLLATE=utf8mb4_0900_ai_ci COMMENT='工艺路线名称';
/*!40101 SET character_set_client = @saved_cs_client */;

--
-- Dumping data for table `produce_route_name`
--

/*!40000 ALTER TABLE `produce_route_name` DISABLE KEYS */;
INSERT INTO `produce_route_name` VALUES (1,'下料'),(27,'下料 → 喷漆'),(28,'下料 → 喷漆 → 装配'),(12,'下料 → 机加'),(23,'下料 → 机加 → 喷漆'),(24,'下料 → 机加 → 喷漆 → 装配'),(25,'下料 → 机加 → 装配'),(26,'下料 → 机加 → 装配 → 喷漆'),(13,'下料 → 机加 → 铆焊'),(14,'下料 → 机加 → 铆焊 → 喷漆'),(15,'下料 → 机加 → 铆焊 → 喷漆 → 装配'),(18,'下料 → 机加 → 铆焊 → 机加'),(19,'下料 → 机加 → 铆焊 → 机加 → 喷漆'),(21,'下料 → 机加 → 铆焊 → 机加 → 喷漆 → 装配'),(20,'下料 → 机加 → 铆焊 → 机加 → 装配'),(22,'下料 → 机加 → 铆焊 → 机加 → 装配 → 喷漆'),(16,'下料 → 机加 → 铆焊 → 装配'),(17,'下料 → 机加 → 铆焊 → 装配 → 喷漆'),(29,'下料 → 装配'),(30,'下料 → 装配 → 喷漆'),(2,'下料 → 铆焊'),(8,'下料 → 铆焊 → 喷漆'),(9,'下料 → 铆焊 → 喷漆 → 装配'),(3,'下料 → 铆焊 → 机加'),(4,'下料 → 铆焊 → 机加 → 喷漆'),(5,'下料 → 铆焊 → 机加 → 喷漆 → 装配'),(6,'下料 → 铆焊 → 机加 → 装配'),(7,'下料 → 铆焊 → 机加 → 装配 → 喷漆'),(10,'下料 → 铆焊 → 装配'),(11,'下料 → 铆焊 → 装配 → 喷漆'),(56,'喷漆'),(57,'喷漆 → 装配'),(41,'机加'),(55,'机加 → 喷漆'),(52,'机加 → 喷漆 → 喷漆'),(53,'机加 → 装配'),(54,'机加 → 装配 → 装配'),(42,'机加 → 铆焊'),(48,'机加 → 铆焊 → 喷漆'),(49,'机加 → 铆焊 → 喷漆 → 装配'),(43,'机加 → 铆焊 → 机加'),(44,'机加 → 铆焊 → 机加 → 喷漆'),(46,'机加 → 铆焊 → 机加 → 喷漆 → 装配'),(45,'机加 → 铆焊 → 机加 → 装配'),(47,'机加 → 铆焊 → 机加 → 装配 → 喷漆'),(50,'机加 → 铆焊 → 装配'),(51,'机加 → 铆焊 → 装配 → 喷漆'),(58,'装配'),(59,'装配 → 喷漆'),(31,'铆焊'),(37,'铆焊 → 喷漆'),(38,'铆焊 → 喷漆 → 装配'),(32,'铆焊 → 机加'),(33,'铆焊 → 机加 → 喷漆'),(34,'铆焊 → 机加 → 喷漆 → 装配'),(35,'铆焊 → 机加 → 装配'),(36,'铆焊 → 机加 → 装配 → 喷漆'),(39,'铆焊 → 装配'),(40,'铆焊 → 装配 → 喷漆');
/*!40000 ALTER TABLE `produce_route_name` ENABLE KEYS */;

--
-- Table structure for table `sys_dept`
--

DROP TABLE IF EXISTS `sys_dept`;
/*!40101 SET @saved_cs_client     = @@character_set_client */;
/*!50503 SET character_set_client = utf8mb4 */;
CREATE TABLE `sys_dept` (
  `name` varchar(64) COLLATE utf8mb4_unicode_ci NOT NULL COMMENT '部门名称',
  `order` int NOT NULL COMMENT '显示排序',
  `code` varchar(16) COLLATE utf8mb4_unicode_ci DEFAULT NULL COMMENT '部门编码',
  `leader` varchar(32) COLLATE utf8mb4_unicode_ci DEFAULT NULL COMMENT '部门负责人',
  `phone` varchar(11) COLLATE utf8mb4_unicode_ci DEFAULT NULL COMMENT '手机',
  `email` varchar(64) COLLATE utf8mb4_unicode_ci DEFAULT NULL COMMENT '邮箱',
  `parent_id` int DEFAULT NULL COMMENT '父级部门ID',
  `id` int NOT NULL AUTO_INCREMENT COMMENT '主键ID',
  `uuid` varchar(64) COLLATE utf8mb4_unicode_ci NOT NULL COMMENT 'UUID全局唯一标识',
  `status` varchar(10) COLLATE utf8mb4_unicode_ci NOT NULL COMMENT '是否启用(0:启用 1:禁用)',
  `description` text COLLATE utf8mb4_unicode_ci COMMENT '备注/描述',
  `created_time` datetime NOT NULL COMMENT '创建时间',
  `updated_time` datetime NOT NULL COMMENT '更新时间',
  PRIMARY KEY (`id`),
  UNIQUE KEY `ix_sys_dept_uuid` (`uuid`),
  KEY `ix_sys_dept_created_time` (`created_time`),
  KEY `ix_sys_dept_status` (`status`),
  KEY `ix_sys_dept_code` (`code`),
  KEY `ix_sys_dept_parent_id` (`parent_id`),
  KEY `ix_sys_dept_id` (`id`),
  KEY `ix_sys_dept_updated_time` (`updated_time`),
  CONSTRAINT `sys_dept_ibfk_1` FOREIGN KEY (`parent_id`) REFERENCES `sys_dept` (`id`) ON DELETE SET NULL ON UPDATE CASCADE
) ENGINE=InnoDB AUTO_INCREMENT=3 DEFAULT CHARSET=utf8mb4 COLLATE=utf8mb4_unicode_ci COMMENT='部门表';
/*!40101 SET character_set_client = @saved_cs_client */;

--
-- Dumping data for table `sys_dept`
--

/*!40000 ALTER TABLE `sys_dept` DISABLE KEYS */;
INSERT INTO `sys_dept` VALUES ('集团总公司',1,'GROUP','部门负责人','1582112620','deptadmin@example.com',NULL,1,'2fbf0747-aa1d-4203-a4a4-f3a49a3db938','0','集团总公司','2026-03-17 10:31:18','2026-03-17 10:31:18'),('制造部',1,'PRODUCE',NULL,NULL,NULL,1,2,'bbea1449-dfb0-4348-9bf2-f18d57eb2a00','0',NULL,'2026-04-10 10:19:40','2026-04-10 10:19:40');
/*!40000 ALTER TABLE `sys_dept` ENABLE KEYS */;

--
-- Table structure for table `sys_dict_data`
--

DROP TABLE IF EXISTS `sys_dict_data`;
/*!40101 SET @saved_cs_client     = @@character_set_client */;
/*!50503 SET character_set_client = utf8mb4 */;
CREATE TABLE `sys_dict_data` (
  `dict_sort` int NOT NULL COMMENT '字典排序',
  `dict_label` varchar(255) COLLATE utf8mb4_unicode_ci NOT NULL COMMENT '字典标签',
  `dict_value` varchar(255) COLLATE utf8mb4_unicode_ci NOT NULL COMMENT '字典键值',
  `css_class` varchar(255) COLLATE utf8mb4_unicode_ci DEFAULT NULL COMMENT '样式属性（其他样式扩展）',
  `list_class` varchar(255) COLLATE utf8mb4_unicode_ci DEFAULT NULL COMMENT '表格回显样式',
  `is_default` tinyint(1) NOT NULL COMMENT '是否默认（True是 False否）',
  `dict_type` varchar(255) COLLATE utf8mb4_unicode_ci NOT NULL COMMENT '字典类型',
  `dict_type_id` int NOT NULL COMMENT '字典类型ID',
  `id` int NOT NULL AUTO_INCREMENT COMMENT '主键ID',
  `uuid` varchar(64) COLLATE utf8mb4_unicode_ci NOT NULL COMMENT 'UUID全局唯一标识',
  `status` varchar(10) COLLATE utf8mb4_unicode_ci NOT NULL COMMENT '是否启用(0:启用 1:禁用)',
  `description` text COLLATE utf8mb4_unicode_ci COMMENT '备注/描述',
  `created_time` datetime NOT NULL COMMENT '创建时间',
  `updated_time` datetime NOT NULL COMMENT '更新时间',
  PRIMARY KEY (`id`),
  UNIQUE KEY `ix_sys_dict_data_uuid` (`uuid`),
  KEY `dict_type_id` (`dict_type_id`),
  KEY `ix_sys_dict_data_created_time` (`created_time`),
  KEY `ix_sys_dict_data_id` (`id`),
  KEY `ix_sys_dict_data_updated_time` (`updated_time`),
  KEY `ix_sys_dict_data_status` (`status`),
  CONSTRAINT `sys_dict_data_ibfk_1` FOREIGN KEY (`dict_type_id`) REFERENCES `sys_dict_type` (`id`) ON DELETE CASCADE
) ENGINE=InnoDB AUTO_INCREMENT=35 DEFAULT CHARSET=utf8mb4 COLLATE=utf8mb4_unicode_ci COMMENT='字典数据表';
/*!40101 SET character_set_client = @saved_cs_client */;

--
-- Dumping data for table `sys_dict_data`
--

/*!40000 ALTER TABLE `sys_dict_data` DISABLE KEYS */;
INSERT INTO `sys_dict_data` VALUES (1,'男','0','blue',NULL,1,'sys_user_sex',1,1,'f513a96b-2fec-4944-997d-eb3d64255be5','0','性别男','2026-03-17 10:31:18','2026-03-17 10:31:18'),(2,'女','1','pink',NULL,0,'sys_user_sex',1,2,'2ffc0e82-ef0c-474d-957a-6f5c62b7a3af','0','性别女','2026-03-17 10:31:18','2026-03-17 10:31:18'),(3,'未知','2','red',NULL,0,'sys_user_sex',1,3,'c4f42dc3-482c-4034-a9a2-f7c6f46de34e','0','性别未知','2026-03-17 10:31:18','2026-03-17 10:31:18'),(1,'是','1','','primary',1,'sys_yes_no',2,4,'22403539-11f0-47d8-8bad-1abef42918e1','0','是','2026-03-17 10:31:18','2026-03-17 10:31:18'),(2,'否','0','','danger',0,'sys_yes_no',2,5,'0cd5e146-8543-416a-b043-afc6f8ba2835','0','否','2026-03-17 10:31:18','2026-03-17 10:31:18'),(1,'启用','1','','primary',0,'sys_common_status',3,6,'c8917133-af3d-4d75-bc94-96b6eba859d5','0','启用状态','2026-03-17 10:31:18','2026-03-17 10:31:18'),(2,'停用','0','','danger',0,'sys_common_status',3,7,'415b281f-3bc6-4d08-95a9-aa26972ea3b7','0','停用状态','2026-03-17 10:31:18','2026-03-17 10:31:18'),(1,'通知','1','blue','warning',1,'sys_notice_type',4,8,'80953450-0cac-4836-b179-549fde5b5e59','0','通知','2026-03-17 10:31:18','2026-03-17 10:31:18'),(2,'公告','2','orange','success',0,'sys_notice_type',4,9,'fa128f9b-66f8-4fd0-9b13-0ecbaca1c128','0','公告','2026-03-17 10:31:18','2026-03-17 10:31:18'),(99,'其他','0','','info',0,'sys_oper_type',5,10,'509d040d-6d7e-473d-af3b-1fe5aebb18a7','0','其他操作','2026-03-17 10:31:18','2026-03-17 10:31:18'),(1,'新增','1','','info',0,'sys_oper_type',5,11,'1744f8d9-251d-41c4-98bf-821d677ca01e','0','新增操作','2026-03-17 10:31:18','2026-03-17 10:31:18'),(2,'修改','2','','info',0,'sys_oper_type',5,12,'60e4e593-fa79-4999-8088-538d312cb328','0','修改操作','2026-03-17 10:31:18','2026-03-17 10:31:18'),(3,'删除','3','','danger',0,'sys_oper_type',5,13,'1465de5f-7b16-49c2-abef-12b21ad8b0ec','0','删除操作','2026-03-17 10:31:18','2026-03-17 10:31:18'),(4,'分配权限','4','','primary',0,'sys_oper_type',5,14,'9e682205-54a5-429c-96cf-4e0d5f008613','0','授权操作','2026-03-17 10:31:18','2026-03-17 10:31:18'),(5,'导出','5','','warning',0,'sys_oper_type',5,15,'23e4c6e2-cea5-4d75-88c9-33cd7e5679be','0','导出操作','2026-03-17 10:31:18','2026-03-17 10:31:18'),(6,'导入','6','','warning',0,'sys_oper_type',5,16,'6bebfaa5-e014-46e9-90d2-c9165f92c257','0','导入操作','2026-03-17 10:31:18','2026-03-17 10:31:18'),(7,'强退','7','','danger',0,'sys_oper_type',5,17,'0a046c06-9125-4a47-80e3-5fba5d919b70','0','强退操作','2026-03-17 10:31:18','2026-03-17 10:31:18'),(8,'生成代码','8','','warning',0,'sys_oper_type',5,18,'aa3cade8-a723-40ca-aa9c-91f1c06a4316','0','生成操作','2026-03-17 10:31:18','2026-03-17 10:31:18'),(9,'清空数据','9','','danger',0,'sys_oper_type',5,19,'6e1a86fe-a601-4f68-895a-580ec4d65780','0','清空操作','2026-03-17 10:31:18','2026-03-17 10:31:18'),(1,'默认(Memory)','default','',NULL,1,'sys_job_store',6,20,'95e5e99c-b367-42ec-bea2-8ad90e63e4f7','0','默认分组','2026-03-17 10:31:18','2026-03-17 10:31:18'),(2,'数据库(Sqlalchemy)','sqlalchemy','',NULL,0,'sys_job_store',6,21,'0390b4eb-74ad-4d6c-92a8-d7e01824a1cf','0','数据库分组','2026-03-17 10:31:18','2026-03-17 10:31:18'),(3,'数据库(Redis)','redis','',NULL,0,'sys_job_store',6,22,'9231b4ad-5c34-4003-8788-f46e883690fa','0','reids分组','2026-03-17 10:31:18','2026-03-17 10:31:18'),(1,'线程池','default','',NULL,0,'sys_job_executor',7,23,'462beb8d-d5fe-4183-b72b-103121214797','0','线程池','2026-03-17 10:31:18','2026-03-17 10:31:18'),(2,'进程池','processpool','',NULL,0,'sys_job_executor',7,24,'5641bd4c-7eaf-4e69-9d8a-846ecc03861d','0','进程池','2026-03-17 10:31:18','2026-03-17 10:31:18'),(1,'演示函数','scheduler_test.job','',NULL,1,'sys_job_function',8,25,'eb28abf2-714d-4c29-baa5-2340416152c7','0','演示函数','2026-03-17 10:31:18','2026-03-17 10:31:18'),(1,'指定日期(date)','date','',NULL,1,'sys_job_trigger',9,26,'6d4a5bff-5be1-405b-bd02-19fe2e8099ed','0','指定日期任务触发器','2026-03-17 10:31:18','2026-03-17 10:31:18'),(2,'间隔触发器(interval)','interval','',NULL,0,'sys_job_trigger',9,27,'7622b3ab-a6f9-460c-bf14-fd69a6f04f74','0','间隔触发器任务触发器','2026-03-17 10:31:18','2026-03-17 10:31:18'),(3,'cron表达式','cron','',NULL,0,'sys_job_trigger',9,28,'46abd9e9-0b72-4a2b-9ea3-57277ca6f6e5','0','间隔触发器任务触发器','2026-03-17 10:31:18','2026-03-17 10:31:18'),(1,'默认(default)','default','',NULL,1,'sys_list_class',10,29,'875b52ef-2b9b-4049-bb2e-d14c15504f2c','0','默认表格回显样式','2026-03-17 10:31:18','2026-03-17 10:31:18'),(2,'主要(primary)','primary','',NULL,0,'sys_list_class',10,30,'61626058-c249-41b7-aa46-6a1544808ea6','0','主要表格回显样式','2026-03-17 10:31:18','2026-03-17 10:31:18'),(3,'成功(success)','success','',NULL,0,'sys_list_class',10,31,'6fa38dc6-e477-4fa6-bc7f-2b871c808147','0','成功表格回显样式','2026-03-17 10:31:18','2026-03-17 10:31:18'),(4,'信息(info)','info','',NULL,0,'sys_list_class',10,32,'f309e9c6-494b-400b-86e5-e2f817eb5b3b','0','信息表格回显样式','2026-03-17 10:31:18','2026-03-17 10:31:18'),(5,'警告(warning)','warning','',NULL,0,'sys_list_class',10,33,'c9477ee3-c3c8-4c56-943b-2d24d5555925','0','警告表格回显样式','2026-03-17 10:31:18','2026-03-17 10:31:18'),(6,'危险(danger)','danger','',NULL,0,'sys_list_class',10,34,'ee407f17-c4ba-4c55-bc25-ac1c9b73f3f8','0','危险表格回显样式','2026-03-17 10:31:18','2026-03-17 10:31:18');
/*!40000 ALTER TABLE `sys_dict_data` ENABLE KEYS */;

--
-- Table structure for table `sys_dict_type`
--

DROP TABLE IF EXISTS `sys_dict_type`;
/*!40101 SET @saved_cs_client     = @@character_set_client */;
/*!50503 SET character_set_client = utf8mb4 */;
CREATE TABLE `sys_dict_type` (
  `dict_name` varchar(64) COLLATE utf8mb4_unicode_ci NOT NULL COMMENT '字典名称',
  `dict_type` varchar(255) COLLATE utf8mb4_unicode_ci NOT NULL COMMENT '字典类型',
  `id` int NOT NULL AUTO_INCREMENT COMMENT '主键ID',
  `uuid` varchar(64) COLLATE utf8mb4_unicode_ci NOT NULL COMMENT 'UUID全局唯一标识',
  `status` varchar(10) COLLATE utf8mb4_unicode_ci NOT NULL COMMENT '是否启用(0:启用 1:禁用)',
  `description` text COLLATE utf8mb4_unicode_ci COMMENT '备注/描述',
  `created_time` datetime NOT NULL COMMENT '创建时间',
  `updated_time` datetime NOT NULL COMMENT '更新时间',
  PRIMARY KEY (`id`),
  UNIQUE KEY `dict_type` (`dict_type`),
  UNIQUE KEY `ix_sys_dict_type_uuid` (`uuid`),
  KEY `ix_sys_dict_type_updated_time` (`updated_time`),
  KEY `ix_sys_dict_type_created_time` (`created_time`),
  KEY `ix_sys_dict_type_status` (`status`),
  KEY `ix_sys_dict_type_id` (`id`)
) ENGINE=InnoDB AUTO_INCREMENT=11 DEFAULT CHARSET=utf8mb4 COLLATE=utf8mb4_unicode_ci COMMENT='字典类型表';
/*!40101 SET character_set_client = @saved_cs_client */;

--
-- Dumping data for table `sys_dict_type`
--

/*!40000 ALTER TABLE `sys_dict_type` DISABLE KEYS */;
INSERT INTO `sys_dict_type` VALUES ('用户性别','sys_user_sex',1,'dc51998f-0600-4f6a-8290-ea40440eccd9','0','用户性别列表','2026-03-17 10:31:18','2026-03-17 10:31:18'),('系统是否','sys_yes_no',2,'b3e348c1-6303-4c9a-af8b-eff6ab4a6250','0','系统是否列表','2026-03-17 10:31:18','2026-03-17 10:31:18'),('系统状态','sys_common_status',3,'4a348f2d-c7f2-4983-8038-355a3098be87','0','系统状态','2026-03-17 10:31:18','2026-03-17 10:31:18'),('通知类型','sys_notice_type',4,'eb110fc9-1b29-442a-9d6b-fda636807a0a','0','通知类型列表','2026-03-17 10:31:18','2026-03-17 10:31:18'),('操作类型','sys_oper_type',5,'4234c15c-cc10-4211-820d-acd8d8d48fb1','0','操作类型列表','2026-03-17 10:31:18','2026-03-17 10:31:18'),('任务存储器','sys_job_store',6,'f899a74c-dbbe-4a62-be74-ae46b87512ca','0','任务分组列表','2026-03-17 10:31:18','2026-03-17 10:31:18'),('任务执行器','sys_job_executor',7,'512e12b1-1b90-4388-b416-d2259ed7e186','0','任务执行器列表','2026-03-17 10:31:18','2026-03-17 10:31:18'),('任务函数','sys_job_function',8,'be1ee807-ab60-43a9-992c-d3a06c10dc6a','0','任务函数列表','2026-03-17 10:31:18','2026-03-17 10:31:18'),('任务触发器','sys_job_trigger',9,'bd9d8e46-b1b6-4d94-8b71-4076af1b04f7','0','任务触发器列表','2026-03-17 10:31:18','2026-03-17 10:31:18'),('表格回显样式','sys_list_class',10,'70aaab76-9549-44fb-85f6-84f59f445899','0','表格回显样式列表','2026-03-17 10:31:18','2026-03-17 10:31:18');
/*!40000 ALTER TABLE `sys_dict_type` ENABLE KEYS */;

--
-- Table structure for table `sys_log`
--

DROP TABLE IF EXISTS `sys_log`;
/*!40101 SET @saved_cs_client     = @@character_set_client */;
/*!50503 SET character_set_client = utf8mb4 */;
CREATE TABLE `sys_log` (
  `type` int NOT NULL COMMENT '日志类型(1登录日志 2操作日志)',
  `request_path` varchar(255) COLLATE utf8mb4_unicode_ci NOT NULL COMMENT '请求路径',
  `request_method` varchar(10) COLLATE utf8mb4_unicode_ci NOT NULL COMMENT '请求方式',
  `request_payload` longtext COLLATE utf8mb4_unicode_ci COMMENT '请求体',
  `request_ip` varchar(50) COLLATE utf8mb4_unicode_ci DEFAULT NULL COMMENT '请求IP地址',
  `login_location` varchar(255) COLLATE utf8mb4_unicode_ci DEFAULT NULL COMMENT '登录位置',
  `request_os` varchar(64) COLLATE utf8mb4_unicode_ci DEFAULT NULL COMMENT '操作系统',
  `request_browser` varchar(64) COLLATE utf8mb4_unicode_ci DEFAULT NULL COMMENT '浏览器',
  `response_code` int NOT NULL COMMENT '响应状态码',
  `response_json` longtext COLLATE utf8mb4_unicode_ci COMMENT '响应体',
  `process_time` varchar(20) COLLATE utf8mb4_unicode_ci DEFAULT NULL COMMENT '处理时间',
  `id` int NOT NULL AUTO_INCREMENT COMMENT '主键ID',
  `uuid` varchar(64) COLLATE utf8mb4_unicode_ci NOT NULL COMMENT 'UUID全局唯一标识',
  `status` varchar(10) COLLATE utf8mb4_unicode_ci NOT NULL COMMENT '是否启用(0:启用 1:禁用)',
  `description` text COLLATE utf8mb4_unicode_ci COMMENT '备注/描述',
  `created_time` datetime NOT NULL COMMENT '创建时间',
  `updated_time` datetime NOT NULL COMMENT '更新时间',
  `created_id` int DEFAULT NULL COMMENT '创建人ID',
  `updated_id` int DEFAULT NULL COMMENT '更新人ID',
  PRIMARY KEY (`id`),
  UNIQUE KEY `ix_sys_log_uuid` (`uuid`),
  KEY `ix_sys_log_updated_id` (`updated_id`),
  KEY `ix_sys_log_status` (`status`),
  KEY `ix_sys_log_updated_time` (`updated_time`),
  KEY `ix_sys_log_id` (`id`),
  KEY `ix_sys_log_created_id` (`created_id`),
  KEY `ix_sys_log_created_time` (`created_time`),
  CONSTRAINT `sys_log_ibfk_1` FOREIGN KEY (`created_id`) REFERENCES `sys_user` (`id`) ON DELETE SET NULL ON UPDATE CASCADE,
  CONSTRAINT `sys_log_ibfk_2` FOREIGN KEY (`updated_id`) REFERENCES `sys_user` (`id`) ON DELETE SET NULL ON UPDATE CASCADE
) ENGINE=InnoDB AUTO_INCREMENT=167 DEFAULT CHARSET=utf8mb4 COLLATE=utf8mb4_unicode_ci COMMENT='系统日志表';
/*!40101 SET character_set_client = @saved_cs_client */;

--
-- Dumping data for table `sys_log`
--

/*!40000 ALTER TABLE `sys_log` DISABLE KEYS */;
INSERT INTO `sys_log` VALUES (1,'/api/v1/system/auth/login','POST','username: admin\npassword: 123456\ncaptcha: 3\ncaptcha_key: 0470518572fc4391983e00cb27c7ea9d\nremember: true\nlogin_type: PC端','127.0.0.1','内网IP','Windows','Edge',200,'{\"code\":0,\"msg\":\"登录成功\",\"data\":{\"access_token\":\"eyJhbGciOiJIUzI1NiIsInR5cCI6IkpXVCJ9.eyJzdWIiOiJ7XCJuYW1lXCI6XCJcdThkODVcdTdlYTdcdTdiYTFcdTc0MDZcdTU0NThcIixcInNlc3Npb25faWRcIjpcIjE0MmYzZTY4LTNlMWYtNDExZS04MDI2LTFmM2M4ZjM4M2ZhZFwiLFwidXNlcl9pZFwiOjEsXCJ1c2VyX25hbWVcIjpcImFkbWluXCIsXCJpcGFkZHJcIjpcIjEyNy4wLjAuMVwiLFwibG9naW5fbG9jYXRpb25cIjpcIlx1NTE4NVx1N2Y1MUlQXCIsXCJvc1wiOlwiV2luZG93c1wiLFwiYnJvd3NlclwiOlwiRWRnZVwiLFwibG9naW5fdGltZVwiOlwiMjAyNi0wMy0xNyAxMDozOTo0N1wiLFwibG9naW5fdHlwZVwiOlwiUENcdTdhZWZcIn0iLCJpc19yZWZyZXNoIjpmYWxzZSwiZXhwIjoxNzczNzQ1Nzg2fQ.U3tQ1EWT1E4Ak5reod0VJNIFPkL-_vaMZcRkfuL6Zf0\",\"refresh_token\":\"eyJhbGciOiJIUzI1NiIsInR5cCI6IkpXVCJ9.eyJzdWIiOiJ7XCJuYW1lXCI6XCJcdThkODVcdTdlYTdcdTdiYTFcdTc0MDZcdTU0NThcIixcInNlc3Npb25faWRcIjpcIjE0MmYzZTY4LTNlMWYtNDExZS04MDI2LTFmM2M4ZjM4M2ZhZFwiLFwidXNlcl9pZFwiOjEsXCJ1c2VyX25hbWVcIjpcImFkbWluXCIsXCJpcGFkZHJcIjpcIjEyNy4wLjAuMVwiLFwibG9naW5fbG9jYXRpb25cIjpcIlx1NTE4NVx1N2Y1MUlQXCIsXCJvc1wiOlwiV2luZG93c1wiLFwiYnJvd3NlclwiOlwiRWRnZVwiLFwibG9naW5fdGltZVwiOlwiMjAyNi0wMy0xNyAxMDozOTo0N1wiLFwibG9naW5fdHlwZVwiOlwiUENcdTdhZWZcIn0iLCJpc19yZWZyZXNoIjp0cnVlLCJleHAiOjE3NzM3NDU3ODZ9.1upgQboXoBwpwDrbEeY90Txs9SeyM9dCxUri2zdLrMQ\",\"token_type\":\"bearer\",\"expires_in\":1800},\"status_code\":200,\"success\":true}','0.33s',1,'b2e73264-801b-40c9-a085-52cd8d8ac207','0','登录','2026-03-17 10:39:47','2026-03-17 10:39:47',NULL,NULL),(1,'/api/v1/system/auth/login','POST','username: admin\npassword: 123456\ncaptcha: 2\ncaptcha_key: 166f7507db164801a60c3af8f3bc817c\nremember: true\nlogin_type: PC端','127.0.0.1','内网IP','Windows','Edge',200,'{\"code\":0,\"msg\":\"登录成功\",\"data\":{\"access_token\":\"eyJhbGciOiJIUzI1NiIsInR5cCI6IkpXVCJ9.eyJzdWIiOiJ7XCJuYW1lXCI6XCJcdThkODVcdTdlYTdcdTdiYTFcdTc0MDZcdTU0NThcIixcInNlc3Npb25faWRcIjpcImRjMzExNWU4LTBmZDUtNGViNC1iNzhiLTVmODUwYjUwNTA5ZFwiLFwidXNlcl9pZFwiOjEsXCJ1c2VyX25hbWVcIjpcImFkbWluXCIsXCJpcGFkZHJcIjpcIjEyNy4wLjAuMVwiLFwibG9naW5fbG9jYXRpb25cIjpcIlx1NTE4NVx1N2Y1MUlQXCIsXCJvc1wiOlwiV2luZG93c1wiLFwiYnJvd3NlclwiOlwiRWRnZVwiLFwibG9naW5fdGltZVwiOlwiMjAyNi0wMy0xNyAxMzoyMjo1OVwiLFwibG9naW5fdHlwZVwiOlwiUENcdTdhZWZcIn0iLCJpc19yZWZyZXNoIjpmYWxzZSwiZXhwIjoxNzczNzU1NTc5fQ.WspOwpWa9mitChO9pByZe3sJInH6Y57tvJucdlcue8Y\",\"refresh_token\":\"eyJhbGciOiJIUzI1NiIsInR5cCI6IkpXVCJ9.eyJzdWIiOiJ7XCJuYW1lXCI6XCJcdThkODVcdTdlYTdcdTdiYTFcdTc0MDZcdTU0NThcIixcInNlc3Npb25faWRcIjpcImRjMzExNWU4LTBmZDUtNGViNC1iNzhiLTVmODUwYjUwNTA5ZFwiLFwidXNlcl9pZFwiOjEsXCJ1c2VyX25hbWVcIjpcImFkbWluXCIsXCJpcGFkZHJcIjpcIjEyNy4wLjAuMVwiLFwibG9naW5fbG9jYXRpb25cIjpcIlx1NTE4NVx1N2Y1MUlQXCIsXCJvc1wiOlwiV2luZG93c1wiLFwiYnJvd3NlclwiOlwiRWRnZVwiLFwibG9naW5fdGltZVwiOlwiMjAyNi0wMy0xNyAxMzoyMjo1OVwiLFwibG9naW5fdHlwZVwiOlwiUENcdTdhZWZcIn0iLCJpc19yZWZyZXNoIjp0cnVlLCJleHAiOjE3NzM3NTU1Nzl9.QNlonFnvb9fWddzFyNpFaj8UKmJggpBzW9yYXgJR3Cc\",\"token_type\":\"bearer\",\"expires_in\":1800},\"status_code\":200,\"success\":true}','0.34s',2,'fdc0c298-4056-444b-90ca-ea694e2392b4','0','登录','2026-03-17 13:22:59','2026-03-17 13:22:59',NULL,NULL),(2,'/api/v1/system/auth/logout','POST','{\"body\": {\"token\": \"eyJhbGciOiJIUzI1NiIsInR5cCI6IkpXVCJ9.eyJzdWIiOiJ7XCJuYW1lXCI6XCJcdThkODVcdTdlYTdcdTdiYTFcdTc0MDZcdTU0NThcIixcInNlc3Npb25faWRcIjpcImRjMzExNWU4LTBmZDUtNGViNC1iNzhiLTVmODUwYjUwNTA5ZFwiLFwidXNlcl9pZFwiOjEsXCJ1c2VyX25hbWVcIjpcImFkbWluXCIsXCJpcGFkZHJcIjpcIjEyNy4wLjAuMVwiLFwibG9naW5fbG9jYXRpb25cIjpcIlx1NTE4NVx1N2Y1MUlQXCIsXCJvc1wiOlwiV2luZG93c1wiLFwiYnJvd3NlclwiOlwiRWRnZVwiLFwibG9naW5fdGltZVwiOlwiMjAyNi0wMy0xNyAxMzoyMjo1OVwiLFwibG9naW5fdHlwZVwiOlwiUENcdTdhZWZcIn0iLCJpc19yZWZyZXNoIjpmYWxzZSwiZXhwIjoxNzczNzU1NTc5fQ.WspOwpWa9mitChO9pByZe3sJInH6Y57tvJucdlcue8Y\"}}','127.0.0.1','内网IP','Windows','Edge',200,'{\"code\":0,\"msg\":\"退出成功\",\"data\":null,\"status_code\":200,\"success\":true}','0.02s',3,'daf1e4e7-84b7-4b11-86e6-a59fb2c4b253','0','退出登录','2026-03-17 13:23:03','2026-03-17 13:23:03',1,1),(1,'/api/v1/system/auth/auto-login/token','POST','{}','127.0.0.1','内网IP','Windows','Edge',200,'{\"code\":0,\"msg\":\"获取成功\",\"data\":{\"token\":\"f98b1266-2c37-4948-be3d-7a1cc0cd1152\",\"user\":{\"id\":1,\"username\":\"admin\",\"name\":\"超级管理员\",\"avatar\":\"https://service.fastapiadmin.com/api/v1/static/image/avatar.png\"}},\"status_code\":200,\"success\":true}','0.02s',4,'7b44a121-54ec-4537-bb6a-7b8da9991bab','0','获取免登录Token','2026-03-17 13:23:10','2026-03-17 13:23:10',NULL,NULL),(1,'/api/v1/system/auth/auto-login','POST','{}','127.0.0.1','内网IP','Windows','Edge',200,'{\"code\":0,\"msg\":\"登录成功\",\"data\":{\"access_token\":\"eyJhbGciOiJIUzI1NiIsInR5cCI6IkpXVCJ9.eyJzdWIiOiJ7XCJuYW1lXCI6XCJcdThkODVcdTdlYTdcdTdiYTFcdTc0MDZcdTU0NThcIixcInNlc3Npb25faWRcIjpcIjFjNWM5YjE3LWEzZTYtNDFkZi05YmRmLWRhNDZhZDgyYmExNVwiLFwidXNlcl9pZFwiOjEsXCJ1c2VyX25hbWVcIjpcImFkbWluXCIsXCJpcGFkZHJcIjpcIjEyNy4wLjAuMVwiLFwibG9naW5fbG9jYXRpb25cIjpcIlx1NTE4NVx1N2Y1MUlQXCIsXCJvc1wiOlwiV2luZG93c1wiLFwiYnJvd3NlclwiOlwiRWRnZVwiLFwibG9naW5fdGltZVwiOlwiMjAyNi0wMy0xNyAxMzoyMjo1OVwiLFwibG9naW5fdHlwZVwiOlwiUENcdTdhZWZcIn0iLCJpc19yZWZyZXNoIjpmYWxzZSwiZXhwIjoxNzczNzU1NTg5fQ.OHC7IUfoynkNMSfObgxLXlrK0hsjoaDEQ3W5crqlel0\",\"refresh_token\":\"eyJhbGciOiJIUzI1NiIsInR5cCI6IkpXVCJ9.eyJzdWIiOiJ7XCJuYW1lXCI6XCJcdThkODVcdTdlYTdcdTdiYTFcdTc0MDZcdTU0NThcIixcInNlc3Npb25faWRcIjpcIjFjNWM5YjE3LWEzZTYtNDFkZi05YmRmLWRhNDZhZDgyYmExNVwiLFwidXNlcl9pZFwiOjEsXCJ1c2VyX25hbWVcIjpcImFkbWluXCIsXCJpcGFkZHJcIjpcIjEyNy4wLjAuMVwiLFwibG9naW5fbG9jYXRpb25cIjpcIlx1NTE4NVx1N2Y1MUlQXCIsXCJvc1wiOlwiV2luZG93c1wiLFwiYnJvd3NlclwiOlwiRWRnZVwiLFwibG9naW5fdGltZVwiOlwiMjAyNi0wMy0xNyAxMzoyMjo1OVwiLFwibG9naW5fdHlwZVwiOlwiUENcdTdhZWZcIn0iLCJpc19yZWZyZXNoIjp0cnVlLCJleHAiOjE3NzM3NTU1ODl9.ZxuH7wuK214brfLsA0tqAZ8j2b0j3z90HCDWbItbWZ4\",\"token_type\":\"bearer\",\"expires_in\":1800},\"status_code\":200,\"success\":true}','0.02s',5,'b8dc0a47-496b-45c6-886f-4af843245819','0','免登录','2026-03-17 13:23:10','2026-03-17 13:23:10',NULL,NULL),(1,'/api/v1/system/auth/login','POST','username: admin\npassword: 123456\ncaptcha: 5\ncaptcha_key: 461c97a2e11549e09956020d9669023a\nremember: true\nlogin_type: PC端','127.0.0.1','内网IP','Windows','Edge',200,'{\"code\":0,\"msg\":\"登录成功\",\"data\":{\"access_token\":\"eyJhbGciOiJIUzI1NiIsInR5cCI6IkpXVCJ9.eyJzdWIiOiJ7XCJuYW1lXCI6XCJcdThkODVcdTdlYTdcdTdiYTFcdTc0MDZcdTU0NThcIixcInNlc3Npb25faWRcIjpcIjYyM2NkM2IzLTZmYzktNDY1Ni1iYWNmLTg5YmVjYzIwYzc4ZFwiLFwidXNlcl9pZFwiOjEsXCJ1c2VyX25hbWVcIjpcImFkbWluXCIsXCJpcGFkZHJcIjpcIjEyNy4wLjAuMVwiLFwibG9naW5fbG9jYXRpb25cIjpcIlx1NTE4NVx1N2Y1MUlQXCIsXCJvc1wiOlwiV2luZG93c1wiLFwiYnJvd3NlclwiOlwiRWRnZVwiLFwibG9naW5fdGltZVwiOlwiMjAyNi0wMy0xNyAxNDowNDo1NFwiLFwibG9naW5fdHlwZVwiOlwiUENcdTdhZWZcIn0iLCJpc19yZWZyZXNoIjpmYWxzZSwiZXhwIjoxNzczNzU4MDk0fQ.N9-xLWYwIGvJA8A7n9Kk8RSbOibEnJyShjFJUOjRhmI\",\"refresh_token\":\"eyJhbGciOiJIUzI1NiIsInR5cCI6IkpXVCJ9.eyJzdWIiOiJ7XCJuYW1lXCI6XCJcdThkODVcdTdlYTdcdTdiYTFcdTc0MDZcdTU0NThcIixcInNlc3Npb25faWRcIjpcIjYyM2NkM2IzLTZmYzktNDY1Ni1iYWNmLTg5YmVjYzIwYzc4ZFwiLFwidXNlcl9pZFwiOjEsXCJ1c2VyX25hbWVcIjpcImFkbWluXCIsXCJpcGFkZHJcIjpcIjEyNy4wLjAuMVwiLFwibG9naW5fbG9jYXRpb25cIjpcIlx1NTE4NVx1N2Y1MUlQXCIsXCJvc1wiOlwiV2luZG93c1wiLFwiYnJvd3NlclwiOlwiRWRnZVwiLFwibG9naW5fdGltZVwiOlwiMjAyNi0wMy0xNyAxNDowNDo1NFwiLFwibG9naW5fdHlwZVwiOlwiUENcdTdhZWZcIn0iLCJpc19yZWZyZXNoIjp0cnVlLCJleHAiOjE3NzM3NTgwOTR9.cL35N-4PbHq5x1CeIHo4GHgDHLY_dmR69FTJRMxZWpQ\",\"token_type\":\"bearer\",\"expires_in\":1800},\"status_code\":200,\"success\":true}','0.32s',6,'804bc928-2048-4924-8d93-cf7c37a62df8','0','登录','2026-03-17 14:04:54','2026-03-17 14:04:54',NULL,NULL),(2,'/api/v1/system/menu/update/1','PUT','{\"body\": {\"id\": 1, \"name\": \"仪表盘\", \"type\": 1, \"icon\": \"client\", \"order\": 300, \"permission\": \"\", \"route_name\": \"Dashboard\", \"route_path\": \"/dashboard\", \"component_path\": null, \"redirect\": \"/dashboard/workplace\", \"parent_id\": null, \"keep_alive\": true, \"hidden\": false, \"always_show\": true, \"title\": \"仪表盘\", \"params\": null, \"affix\": false, \"status\": \"1\", \"description\": \"初始化数据\", \"uuid\": \"41d6e7bb-48db-4489-940a-818c02f5f772\", \"created_time\": \"2026-03-17 10:31:18\", \"updated_time\": \"2026-03-17 10:31:18\", \"parent_name\": null}, \"path_params\": {\"id\": \"1\"}}','127.0.0.1','内网IP','Windows','Edge',200,'{\"code\":0,\"msg\":\"修改菜单成功\",\"data\":{\"id\":1,\"uuid\":\"41d6e7bb-48db-4489-940a-818c02f5f772\",\"status\":\"1\",\"description\":\"初始化数据\",\"created_time\":\"2026-03-17 10:31:18\",\"updated_time\":\"2026-03-17 14:36:09\",\"name\":\"仪表盘\",\"type\":1,\"order\":300,\"permission\":null,\"icon\":\"client\",\"route_name\":\"Dashboard\",\"route_path\":\"/dashboard\",\"component_path\":null,\"redirect\":\"/dashboard/workplace\",\"hidden\":false,\"keep_alive\":true,\"always_show\":true,\"title\":\"仪表盘\",\"params\":null,\"affix\":false,\"parent_id\":null,\"parent_name\":null},\"status_code\":200,\"success\":true}','0.12s',7,'d01aac23-020d-4c92-b731-01571b3d8cc3','0','修改菜单','2026-03-17 14:36:09','2026-03-17 14:36:09',1,1),(2,'/api/v1/system/menu/update/2','PUT','{\"body\": {\"id\": 2, \"name\": \"系统管理\", \"type\": 1, \"icon\": \"system\", \"order\": 310, \"permission\": null, \"route_name\": \"System\", \"route_path\": \"/system\", \"component_path\": null, \"redirect\": \"/system/menu\", \"parent_id\": null, \"keep_alive\": true, \"hidden\": false, \"always_show\": false, \"title\": \"系统管理\", \"params\": null, \"affix\": false, \"status\": \"0\", \"description\": \"初始化数据\", \"uuid\": \"605536d8-6aa4-4028-8ff2-20f9543a7e76\", \"created_time\": \"2026-03-17 10:31:18\", \"updated_time\": \"2026-03-17 10:31:18\", \"parent_name\": null}, \"path_params\": {\"id\": \"2\"}}','127.0.0.1','内网IP','Windows','Edge',200,'{\"code\":0,\"msg\":\"修改菜单成功\",\"data\":{\"id\":2,\"uuid\":\"605536d8-6aa4-4028-8ff2-20f9543a7e76\",\"status\":\"0\",\"description\":\"初始化数据\",\"created_time\":\"2026-03-17 10:31:18\",\"updated_time\":\"2026-03-17 14:36:38\",\"name\":\"系统管理\",\"type\":1,\"order\":310,\"permission\":null,\"icon\":\"system\",\"route_name\":\"System\",\"route_path\":\"/system\",\"component_path\":null,\"redirect\":\"/system/menu\",\"hidden\":false,\"keep_alive\":true,\"always_show\":false,\"title\":\"系统管理\",\"params\":null,\"affix\":false,\"parent_id\":null,\"parent_name\":null},\"status_code\":200,\"success\":true}','0.06s',8,'4f6788f0-d934-4b82-a8df-2df3f545cd10','0','修改菜单','2026-03-17 14:36:38','2026-03-17 14:36:38',1,1),(2,'/api/v1/system/menu/update/3','PUT','{\"body\": {\"id\": 3, \"name\": \"监控管理\", \"type\": 1, \"icon\": \"monitor\", \"order\": 320, \"permission\": null, \"route_name\": \"Monitor\", \"route_path\": \"/monitor\", \"component_path\": null, \"redirect\": \"/monitor/online\", \"parent_id\": null, \"keep_alive\": true, \"hidden\": false, \"always_show\": false, \"title\": \"监控管理\", \"params\": null, \"affix\": false, \"status\": \"0\", \"description\": \"初始化数据\", \"uuid\": \"148642ec-a391-4175-9054-93f2b14a7473\", \"created_time\": \"2026-03-17 10:31:18\", \"updated_time\": \"2026-03-17 10:31:18\", \"parent_name\": null}, \"path_params\": {\"id\": \"3\"}}','127.0.0.1','内网IP','Windows','Edge',200,'{\"code\":0,\"msg\":\"修改菜单成功\",\"data\":{\"id\":3,\"uuid\":\"148642ec-a391-4175-9054-93f2b14a7473\",\"status\":\"0\",\"description\":\"初始化数据\",\"created_time\":\"2026-03-17 10:31:18\",\"updated_time\":\"2026-03-17 14:37:17\",\"name\":\"监控管理\",\"type\":1,\"order\":320,\"permission\":null,\"icon\":\"monitor\",\"route_name\":\"Monitor\",\"route_path\":\"/monitor\",\"component_path\":null,\"redirect\":\"/monitor/online\",\"hidden\":false,\"keep_alive\":true,\"always_show\":false,\"title\":\"监控管理\",\"params\":null,\"affix\":false,\"parent_id\":null,\"parent_name\":null},\"status_code\":200,\"success\":true}','0.05s',9,'9a782835-300d-45cc-8e80-38ca944ec3b9','0','修改菜单','2026-03-17 14:37:17','2026-03-17 14:37:17',1,1),(2,'/api/v1/system/menu/update/4','PUT','{\"body\": {\"id\": 4, \"name\": \"接口管理\", \"type\": 1, \"icon\": \"document\", \"order\": 330, \"permission\": null, \"route_name\": \"Common\", \"route_path\": \"/common\", \"component_path\": null, \"redirect\": \"/common/docs\", \"parent_id\": null, \"keep_alive\": true, \"hidden\": false, \"always_show\": false, \"title\": \"接口管理\", \"params\": null, \"affix\": false, \"status\": \"0\", \"description\": \"初始化数据\", \"uuid\": \"259a6f98-d449-4390-96a6-ae92f5536484\", \"created_time\": \"2026-03-17 10:31:18\", \"updated_time\": \"2026-03-17 10:31:18\", \"parent_name\": null}, \"path_params\": {\"id\": \"4\"}}','127.0.0.1','内网IP','Windows','Edge',200,'{\"code\":0,\"msg\":\"修改菜单成功\",\"data\":{\"id\":4,\"uuid\":\"259a6f98-d449-4390-96a6-ae92f5536484\",\"status\":\"0\",\"description\":\"初始化数据\",\"created_time\":\"2026-03-17 10:31:18\",\"updated_time\":\"2026-03-17 14:37:27\",\"name\":\"接口管理\",\"type\":1,\"order\":330,\"permission\":null,\"icon\":\"document\",\"route_name\":\"Common\",\"route_path\":\"/common\",\"component_path\":null,\"redirect\":\"/common/docs\",\"hidden\":false,\"keep_alive\":true,\"always_show\":false,\"title\":\"接口管理\",\"params\":null,\"affix\":false,\"parent_id\":null,\"parent_name\":null},\"status_code\":200,\"success\":true}','0.05s',10,'d1da2b90-cd01-42a1-aa7b-47e4b0d60a55','0','修改菜单','2026-03-17 14:37:27','2026-03-17 14:37:27',1,1),(2,'/api/v1/system/menu/update/5','PUT','{\"body\": {\"id\": 5, \"name\": \"代码管理\", \"type\": 1, \"icon\": \"code\", \"order\": 340, \"permission\": null, \"route_name\": \"Generator\", \"route_path\": \"/generator\", \"component_path\": null, \"redirect\": \"/generator/gencode\", \"parent_id\": null, \"keep_alive\": true, \"hidden\": false, \"always_show\": false, \"title\": \"代码管理\", \"params\": null, \"affix\": false, \"status\": \"0\", \"description\": \"代码管理\", \"uuid\": \"a3b16abc-c897-4e2c-be62-570568bed49e\", \"created_time\": \"2026-03-17 10:31:18\", \"updated_time\": \"2026-03-17 10:31:18\", \"parent_name\": null}, \"path_params\": {\"id\": \"5\"}}','127.0.0.1','内网IP','Windows','Edge',200,'{\"code\":0,\"msg\":\"修改菜单成功\",\"data\":{\"id\":5,\"uuid\":\"a3b16abc-c897-4e2c-be62-570568bed49e\",\"status\":\"0\",\"description\":\"代码管理\",\"created_time\":\"2026-03-17 10:31:18\",\"updated_time\":\"2026-03-17 14:37:38\",\"name\":\"代码管理\",\"type\":1,\"order\":340,\"permission\":null,\"icon\":\"code\",\"route_name\":\"Generator\",\"route_path\":\"/generator\",\"component_path\":null,\"redirect\":\"/generator/gencode\",\"hidden\":false,\"keep_alive\":true,\"always_show\":false,\"title\":\"代码管理\",\"params\":null,\"affix\":false,\"parent_id\":null,\"parent_name\":null},\"status_code\":200,\"success\":true}','0.06s',11,'7113edb5-7d2e-4c71-954c-41412662285f','0','修改菜单','2026-03-17 14:37:39','2026-03-17 14:37:39',1,1),(2,'/api/v1/system/menu/update/6','PUT','{\"body\": {\"id\": 6, \"name\": \"应用管理\", \"type\": 1, \"icon\": \"el-icon-ShoppingBag\", \"order\": 350, \"permission\": null, \"route_name\": \"Application\", \"route_path\": \"/application\", \"component_path\": null, \"redirect\": \"/application/myapp\", \"parent_id\": null, \"keep_alive\": true, \"hidden\": false, \"always_show\": false, \"title\": \"应用管理\", \"params\": null, \"affix\": false, \"status\": \"0\", \"description\": \"初始化数据\", \"uuid\": \"b60fe848-98fe-43b4-a643-79ba9a19e132\", \"created_time\": \"2026-03-17 10:31:18\", \"updated_time\": \"2026-03-17 10:31:18\", \"parent_name\": null}, \"path_params\": {\"id\": \"6\"}}','127.0.0.1','内网IP','Windows','Edge',200,'{\"code\":0,\"msg\":\"修改菜单成功\",\"data\":{\"id\":6,\"uuid\":\"b60fe848-98fe-43b4-a643-79ba9a19e132\",\"status\":\"0\",\"description\":\"初始化数据\",\"created_time\":\"2026-03-17 10:31:18\",\"updated_time\":\"2026-03-17 14:37:43\",\"name\":\"应用管理\",\"type\":1,\"order\":350,\"permission\":null,\"icon\":\"el-icon-ShoppingBag\",\"route_name\":\"Application\",\"route_path\":\"/application\",\"component_path\":null,\"redirect\":\"/application/myapp\",\"hidden\":false,\"keep_alive\":true,\"always_show\":false,\"title\":\"应用管理\",\"params\":null,\"affix\":false,\"parent_id\":null,\"parent_name\":null},\"status_code\":200,\"success\":true}','0.05s',12,'e51777e9-9a6a-468b-bf59-92c69e269e67','0','修改菜单','2026-03-17 14:37:43','2026-03-17 14:37:43',1,1),(2,'/api/v1/system/menu/update/7','PUT','{\"body\": {\"id\": 7, \"name\": \"AI管理\", \"type\": 1, \"icon\": \"el-icon-ChatLineSquare\", \"order\": 360, \"permission\": null, \"route_name\": \"AI\", \"route_path\": \"/ai\", \"component_path\": null, \"redirect\": \"/ai/chat\", \"parent_id\": null, \"keep_alive\": true, \"hidden\": false, \"always_show\": false, \"title\": \"AI管理\", \"params\": null, \"affix\": false, \"status\": \"0\", \"description\": \"AI管理\", \"uuid\": \"f0c03648-9973-4bc0-9f6d-a8b0330744d2\", \"created_time\": \"2026-03-17 10:31:18\", \"updated_time\": \"2026-03-17 10:31:18\", \"parent_name\": null}, \"path_params\": {\"id\": \"7\"}}','127.0.0.1','内网IP','Windows','Edge',200,'{\"code\":0,\"msg\":\"修改菜单成功\",\"data\":{\"id\":7,\"uuid\":\"f0c03648-9973-4bc0-9f6d-a8b0330744d2\",\"status\":\"0\",\"description\":\"AI管理\",\"created_time\":\"2026-03-17 10:31:18\",\"updated_time\":\"2026-03-17 14:38:00\",\"name\":\"AI管理\",\"type\":1,\"order\":360,\"permission\":null,\"icon\":\"el-icon-ChatLineSquare\",\"route_name\":\"AI\",\"route_path\":\"/ai\",\"component_path\":null,\"redirect\":\"/ai/chat\",\"hidden\":false,\"keep_alive\":true,\"always_show\":false,\"title\":\"AI管理\",\"params\":null,\"affix\":false,\"parent_id\":null,\"parent_name\":null},\"status_code\":200,\"success\":true}','0.05s',13,'8dad291b-cdc3-402d-bdd4-60adc847a428','0','修改菜单','2026-03-17 14:38:00','2026-03-17 14:38:00',1,1),(2,'/api/v1/system/menu/update/8','PUT','{\"body\": {\"id\": 8, \"name\": \"任务管理\", \"type\": 1, \"icon\": \"el-icon-SetUp\", \"order\": 370, \"permission\": null, \"route_name\": \"Task\", \"route_path\": \"/task\", \"component_path\": null, \"redirect\": \"/task/job\", \"parent_id\": null, \"keep_alive\": true, \"hidden\": false, \"always_show\": false, \"title\": \"任务管理\", \"params\": null, \"affix\": false, \"status\": \"0\", \"description\": \"任务管理\", \"uuid\": \"05c7b7af-681c-475e-a148-6fbbd82ac1d5\", \"created_time\": \"2026-03-17 10:31:18\", \"updated_time\": \"2026-03-17 10:31:18\", \"parent_name\": null}, \"path_params\": {\"id\": \"8\"}}','127.0.0.1','内网IP','Windows','Edge',200,'{\"code\":0,\"msg\":\"修改菜单成功\",\"data\":{\"id\":8,\"uuid\":\"05c7b7af-681c-475e-a148-6fbbd82ac1d5\",\"status\":\"0\",\"description\":\"任务管理\",\"created_time\":\"2026-03-17 10:31:18\",\"updated_time\":\"2026-03-17 14:38:10\",\"name\":\"任务管理\",\"type\":1,\"order\":370,\"permission\":null,\"icon\":\"el-icon-SetUp\",\"route_name\":\"Task\",\"route_path\":\"/task\",\"component_path\":null,\"redirect\":\"/task/job\",\"hidden\":false,\"keep_alive\":true,\"always_show\":false,\"title\":\"任务管理\",\"params\":null,\"affix\":false,\"parent_id\":null,\"parent_name\":null},\"status_code\":200,\"success\":true}','0.05s',14,'66a2ae69-0917-48e4-9871-e81e6e92ebda','0','修改菜单','2026-03-17 14:38:11','2026-03-17 14:38:11',1,1),(2,'/api/v1/system/menu/update/9','PUT','{\"body\": {\"id\": 9, \"name\": \"案例管理\", \"type\": 1, \"icon\": \"menu\", \"order\": 380, \"permission\": null, \"route_name\": \"Example\", \"route_path\": \"/example\", \"component_path\": null, \"redirect\": \"/example/demo\", \"parent_id\": null, \"keep_alive\": true, \"hidden\": false, \"always_show\": false, \"title\": \"案例管理\", \"params\": null, \"affix\": false, \"status\": \"0\", \"description\": \"案例管理\", \"uuid\": \"c0daf5eb-69f0-40fd-aa46-3a9283e414df\", \"created_time\": \"2026-03-17 10:31:18\", \"updated_time\": \"2026-03-17 10:31:18\", \"parent_name\": null}, \"path_params\": {\"id\": \"9\"}}','127.0.0.1','内网IP','Windows','Edge',200,'{\"code\":0,\"msg\":\"修改菜单成功\",\"data\":{\"id\":9,\"uuid\":\"c0daf5eb-69f0-40fd-aa46-3a9283e414df\",\"status\":\"0\",\"description\":\"案例管理\",\"created_time\":\"2026-03-17 10:31:18\",\"updated_time\":\"2026-03-17 14:38:18\",\"name\":\"案例管理\",\"type\":1,\"order\":380,\"permission\":null,\"icon\":\"menu\",\"route_name\":\"Example\",\"route_path\":\"/example\",\"component_path\":null,\"redirect\":\"/example/demo\",\"hidden\":false,\"keep_alive\":true,\"always_show\":false,\"title\":\"案例管理\",\"params\":null,\"affix\":false,\"parent_id\":null,\"parent_name\":null},\"status_code\":200,\"success\":true}','0.06s',15,'8e188280-8a9a-4657-ab0b-eea618004551','0','修改菜单','2026-03-17 14:38:18','2026-03-17 14:38:18',1,1),(2,'/api/v1/system/user/import/template','POST','{}','127.0.0.1','内网IP','Windows','Edge',200,'{}','0.06s',16,'aaf637b6-fb89-42b0-b203-e7237a3f4784','0','获取用户导入模板','2026-03-17 14:47:44','2026-03-17 14:47:44',1,1),(2,'/api/v1/system/menu/create','POST','{\"body\": {\"name\": \"项目管理\", \"type\": 1, \"icon\": \"el-icon-Briefcase\", \"order\": 10, \"permission\": \"\", \"route_name\": \"Project\", \"route_path\": \"/project\", \"component_path\": \"\", \"redirect\": \"\", \"keep_alive\": false, \"hidden\": false, \"always_show\": false, \"title\": \"项目管理\", \"params\": [], \"affix\": false, \"status\": \"0\", \"uuid\": \"dd5556de-16da-4642-8386-eabb887508e6\", \"created_time\": \"2026-03-17 10:31:18\", \"updated_time\": \"2026-03-17 10:31:18\", \"parent_name\": \"角色管理\"}}','127.0.0.1','内网IP','Windows','Edge',200,'{\"code\":0,\"msg\":\"创建菜单成功\",\"data\":{\"id\":156,\"uuid\":\"5d429de9-0298-466d-bac2-6e3b9663887d\",\"status\":\"0\",\"description\":null,\"created_time\":\"2026-03-17 15:21:11\",\"updated_time\":\"2026-03-17 15:21:11\",\"name\":\"项目管理\",\"type\":1,\"order\":10,\"permission\":null,\"icon\":\"el-icon-Briefcase\",\"route_name\":\"Project\",\"route_path\":\"/project\",\"component_path\":null,\"redirect\":null,\"hidden\":false,\"keep_alive\":false,\"always_show\":false,\"title\":\"项目管理\",\"params\":[],\"affix\":false,\"parent_id\":null,\"parent_name\":null},\"status_code\":200,\"success\":true}','0.04s',17,'5fc5bbe7-3c8b-4de4-a05c-76cc087f4b82','0','创建菜单','2026-03-17 15:21:11','2026-03-17 15:21:11',1,1),(2,'/api/v1/system/menu/create','POST','{\"body\": {\"name\": \"项目清单\", \"type\": 2, \"icon\": \"el-icon-Box\", \"order\": 1, \"permission\": \"module_project:projects:query\", \"route_name\": \"Projects\", \"route_path\": \"/project/projects\", \"component_path\": \"module_project/projects/index\", \"redirect\": \"\", \"parent_id\": 156, \"keep_alive\": false, \"hidden\": false, \"always_show\": false, \"title\": \"项目清单\", \"params\": [], \"affix\": false, \"status\": \"0\", \"uuid\": \"5d429de9-0298-466d-bac2-6e3b9663887d\", \"created_time\": \"2026-03-17 15:21:11\", \"updated_time\": \"2026-03-17 15:21:11\", \"parent_name\": null}}','127.0.0.1','内网IP','Windows','Edge',200,'{\"code\":0,\"msg\":\"创建菜单成功\",\"data\":{\"id\":157,\"uuid\":\"5120a0b9-745f-44b4-9893-64d5c83bb65b\",\"status\":\"0\",\"description\":null,\"created_time\":\"2026-03-17 15:31:00\",\"updated_time\":\"2026-03-17 15:31:00\",\"name\":\"项目清单\",\"type\":2,\"order\":1,\"permission\":\"module_project:projects:query\",\"icon\":\"el-icon-Box\",\"route_name\":\"Projects\",\"route_path\":\"/project/projects\",\"component_path\":\"module_project/projects/index\",\"redirect\":null,\"hidden\":false,\"keep_alive\":false,\"always_show\":false,\"title\":\"项目清单\",\"params\":[],\"affix\":false,\"parent_id\":156,\"parent_name\":null},\"status_code\":200,\"success\":true}','0.05s',18,'15df62f4-e699-46a6-afe1-693892ef41fc','0','创建菜单','2026-03-17 15:31:00','2026-03-17 15:31:00',1,1),(2,'/api/v1/system/menu/create','POST','{\"body\": {\"name\": \"BOM清单\", \"type\": 2, \"icon\": \"el-icon-Document\", \"order\": 2, \"permission\": \"module_project:boms:query\", \"route_name\": \"Boms\", \"route_path\": \"/project/boms\", \"component_path\": \"module_project/boms/index\", \"redirect\": \"\", \"parent_id\": 156, \"keep_alive\": false, \"hidden\": false, \"always_show\": false, \"title\": \"BOM清单\", \"params\": [], \"affix\": false, \"status\": \"0\", \"uuid\": \"5d429de9-0298-466d-bac2-6e3b9663887d\", \"created_time\": \"2026-03-17 15:21:11\", \"updated_time\": \"2026-03-17 15:21:11\", \"parent_name\": null}}','127.0.0.1','内网IP','Windows','Edge',200,'{\"code\":0,\"msg\":\"创建菜单成功\",\"data\":{\"id\":158,\"uuid\":\"ae97c8f1-3447-42bf-ac96-d2e85c612cdd\",\"status\":\"0\",\"description\":null,\"created_time\":\"2026-03-17 15:33:59\",\"updated_time\":\"2026-03-17 15:33:59\",\"name\":\"BOM清单\",\"type\":2,\"order\":2,\"permission\":\"module_project:boms:query\",\"icon\":\"el-icon-Document\",\"route_name\":\"Boms\",\"route_path\":\"/project/boms\",\"component_path\":\"module_project/boms/index\",\"redirect\":null,\"hidden\":false,\"keep_alive\":false,\"always_show\":false,\"title\":\"BOM清单\",\"params\":[],\"affix\":false,\"parent_id\":156,\"parent_name\":null},\"status_code\":200,\"success\":true}','0.03s',19,'4700eb74-f0d6-4546-8b57-1bd1e7d7e842','0','创建菜单','2026-03-17 15:33:59','2026-03-17 15:33:59',1,1),(2,'/api/v1/system/menu/create','POST','{\"body\": {\"name\": \"导入BOM\", \"type\": 2, \"icon\": \"el-icon-DocumentChecked\", \"order\": 3, \"permission\": \"module_project:data:create\", \"route_name\": \"Data\", \"route_path\": \"/project/data\", \"component_path\": \"module_project/data/index\", \"redirect\": \"\", \"parent_id\": 156, \"keep_alive\": false, \"hidden\": false, \"always_show\": false, \"title\": \"导入BOM\", \"params\": [], \"affix\": false, \"status\": \"0\", \"uuid\": \"5d429de9-0298-466d-bac2-6e3b9663887d\", \"created_time\": \"2026-03-17 15:21:11\", \"updated_time\": \"2026-03-17 15:21:11\", \"parent_name\": null}}','127.0.0.1','内网IP','Windows','Edge',200,'{\"code\":0,\"msg\":\"创建菜单成功\",\"data\":{\"id\":159,\"uuid\":\"141080ba-2bd1-40e5-ba16-98a31b08a47a\",\"status\":\"0\",\"description\":null,\"created_time\":\"2026-03-17 15:46:31\",\"updated_time\":\"2026-03-17 15:46:31\",\"name\":\"导入BOM\",\"type\":2,\"order\":3,\"permission\":\"module_project:data:create\",\"icon\":\"el-icon-DocumentChecked\",\"route_name\":\"Data\",\"route_path\":\"/project/data\",\"component_path\":\"module_project/data/index\",\"redirect\":null,\"hidden\":false,\"keep_alive\":false,\"always_show\":false,\"title\":\"导入BOM\",\"params\":[],\"affix\":false,\"parent_id\":156,\"parent_name\":null},\"status_code\":200,\"success\":true}','0.04s',20,'544ce5c5-92bf-43c5-98ad-0776f60e7736','0','创建菜单','2026-03-17 15:46:31','2026-03-17 15:46:31',1,1),(2,'/api/v1/system/menu/update/158','PUT','{\"body\": {\"id\": 158, \"name\": \"BOM清单\", \"type\": 2, \"icon\": \"el-icon-Document\", \"order\": 2, \"permission\": \"module_project:bom:query\", \"route_name\": \"Bom\", \"route_path\": \"/project/bom\", \"component_path\": \"module_project/bom/index\", \"redirect\": null, \"parent_id\": 156, \"keep_alive\": false, \"hidden\": false, \"always_show\": false, \"title\": \"BOM清单\", \"params\": [], \"affix\": false, \"status\": \"0\", \"description\": null, \"uuid\": \"ae97c8f1-3447-42bf-ac96-d2e85c612cdd\", \"created_time\": \"2026-03-17 15:33:59\", \"updated_time\": \"2026-03-17 15:33:59\", \"parent_name\": \"项目管理\"}, \"path_params\": {\"id\": \"158\"}}','127.0.0.1','内网IP','Windows','Edge',200,'{\"code\":0,\"msg\":\"修改菜单成功\",\"data\":{\"id\":158,\"uuid\":\"ae97c8f1-3447-42bf-ac96-d2e85c612cdd\",\"status\":\"0\",\"description\":null,\"created_time\":\"2026-03-17 15:33:59\",\"updated_time\":\"2026-03-17 15:46:47\",\"name\":\"BOM清单\",\"type\":2,\"order\":2,\"permission\":\"module_project:bom:query\",\"icon\":\"el-icon-Document\",\"route_name\":\"Bom\",\"route_path\":\"/project/bom\",\"component_path\":\"module_project/bom/index\",\"redirect\":null,\"hidden\":false,\"keep_alive\":false,\"always_show\":false,\"title\":\"BOM清单\",\"params\":[],\"affix\":false,\"parent_id\":156,\"parent_name\":null},\"status_code\":200,\"success\":true}','0.06s',21,'b7231b66-b36b-400c-87e1-0f23b8218c63','0','修改菜单','2026-03-17 15:46:48','2026-03-17 15:46:48',1,1),(2,'/api/v1/system/menu/update/157','PUT','{\"body\": {\"id\": 157, \"name\": \"项目清单\", \"type\": 2, \"icon\": \"el-icon-Box\", \"order\": 1, \"permission\": \"module_project:proj:query\", \"route_name\": \"Proj\", \"route_path\": \"/project/proj\", \"component_path\": \"module_project/proj/index\", \"redirect\": null, \"parent_id\": 156, \"keep_alive\": false, \"hidden\": false, \"always_show\": false, \"title\": \"项目清单\", \"params\": [], \"affix\": false, \"status\": \"0\", \"description\": null, \"uuid\": \"5120a0b9-745f-44b4-9893-64d5c83bb65b\", \"created_time\": \"2026-03-17 15:31:00\", \"updated_time\": \"2026-03-17 15:31:00\", \"parent_name\": \"项目管理\"}, \"path_params\": {\"id\": \"157\"}}','127.0.0.1','内网IP','Windows','Edge',200,'{\"code\":0,\"msg\":\"修改菜单成功\",\"data\":{\"id\":157,\"uuid\":\"5120a0b9-745f-44b4-9893-64d5c83bb65b\",\"status\":\"0\",\"description\":null,\"created_time\":\"2026-03-17 15:31:00\",\"updated_time\":\"2026-03-17 15:49:14\",\"name\":\"项目清单\",\"type\":2,\"order\":1,\"permission\":\"module_project:proj:query\",\"icon\":\"el-icon-Box\",\"route_name\":\"Proj\",\"route_path\":\"/project/proj\",\"component_path\":\"module_project/proj/index\",\"redirect\":null,\"hidden\":false,\"keep_alive\":false,\"always_show\":false,\"title\":\"项目清单\",\"params\":[],\"affix\":false,\"parent_id\":156,\"parent_name\":null},\"status_code\":200,\"success\":true}','0.06s',22,'6f373b15-c368-4996-a256-964266485261','0','修改菜单','2026-03-17 15:49:15','2026-03-17 15:49:15',1,1),(1,'/api/v1/system/auth/login','POST','username: admin\npassword: 123456\ncaptcha: 7\ncaptcha_key: 4f4dcc89dcab455a80151a328f23669c\nremember: true\nlogin_type: PC端','127.0.0.1','内网IP','Windows','Edge',200,'{\"code\":0,\"msg\":\"登录成功\",\"data\":{\"access_token\":\"eyJhbGciOiJIUzI1NiIsInR5cCI6IkpXVCJ9.eyJzdWIiOiJ7XCJuYW1lXCI6XCJcdThkODVcdTdlYTdcdTdiYTFcdTc0MDZcdTU0NThcIixcInNlc3Npb25faWRcIjpcIjc3MzU1MGM2LTJiYmItNDkwMC04MDc4LTBmYWQ1MWNhODcxN1wiLFwidXNlcl9pZFwiOjEsXCJ1c2VyX25hbWVcIjpcImFkbWluXCIsXCJpcGFkZHJcIjpcIjEyNy4wLjAuMVwiLFwibG9naW5fbG9jYXRpb25cIjpcIlx1NTE4NVx1N2Y1MUlQXCIsXCJvc1wiOlwiV2luZG93c1wiLFwiYnJvd3NlclwiOlwiRWRnZVwiLFwibG9naW5fdGltZVwiOlwiMjAyNi0wMy0xNyAxNjo1NjowNVwiLFwibG9naW5fdHlwZVwiOlwiUENcdTdhZWZcIn0iLCJpc19yZWZyZXNoIjpmYWxzZSwiZXhwIjoxNzczNzY4MzY1fQ.n9DInWb5Na91KgQsTchHHDgmpHkj6aoTuQMVZoBpKSU\",\"refresh_token\":\"eyJhbGciOiJIUzI1NiIsInR5cCI6IkpXVCJ9.eyJzdWIiOiJ7XCJuYW1lXCI6XCJcdThkODVcdTdlYTdcdTdiYTFcdTc0MDZcdTU0NThcIixcInNlc3Npb25faWRcIjpcIjc3MzU1MGM2LTJiYmItNDkwMC04MDc4LTBmYWQ1MWNhODcxN1wiLFwidXNlcl9pZFwiOjEsXCJ1c2VyX25hbWVcIjpcImFkbWluXCIsXCJpcGFkZHJcIjpcIjEyNy4wLjAuMVwiLFwibG9naW5fbG9jYXRpb25cIjpcIlx1NTE4NVx1N2Y1MUlQXCIsXCJvc1wiOlwiV2luZG93c1wiLFwiYnJvd3NlclwiOlwiRWRnZVwiLFwibG9naW5fdGltZVwiOlwiMjAyNi0wMy0xNyAxNjo1NjowNVwiLFwibG9naW5fdHlwZVwiOlwiUENcdTdhZWZcIn0iLCJpc19yZWZyZXNoIjp0cnVlLCJleHAiOjE3NzM3NjgzNjV9.0WRTEUXFjhjc0C70hl-56VXj1DIOJPzmeXI-1b6-KCc\",\"token_type\":\"bearer\",\"expires_in\":1800},\"status_code\":200,\"success\":true}','0.32s',23,'6b57977b-1753-4d93-a5cb-af376d5e8063','0','登录','2026-03-17 16:56:05','2026-03-17 16:56:05',NULL,NULL),(2,'/api/v1/generator/gencode/create','POST','{\"body\": \"CREATE TABLE `proj` (\\n  `code` varchar(64) NOT NULL COMMENT \'项目编码\',\\n  `name` varchar(255) NOT NULL COMMENT \'项目名称\',\\n  `no` varchar(64) NOT NULL COMMENT \'项目编号\',\\n  PRIMARY KEY (`code`),  -- code主键（非空+唯一+索引）\\n  UNIQUE KEY `uk_proj_no` (`no`),  -- no字段唯一索引（非空+唯一+索引）\\n  KEY `ix_proj_name` (`name`)  -- name仅加普通索引（取消唯一约束，更符合业务）\\n) ENGINE=InnoDB DEFAULT CHARSET=utf8mb4 COLLATE=utf8mb4_unicode_ci COMMENT=\'项目信息表\';\"}','127.0.0.1','内网IP','Windows','Edge',200,'{\"code\":0,\"msg\":\"创建表结构成功\",\"data\":true,\"status_code\":200,\"success\":true}','0.18s',24,'b78306c2-7cc2-4a4a-af20-812c8d5117fa','0','创建表结构','2026-03-17 16:56:11','2026-03-17 16:56:11',1,1),(1,'/api/v1/system/auth/login','POST','username: admin\npassword: 123456\ncaptcha: 8\ncaptcha_key: 1ec53264c5ac43e89e09dab25557e94c\nremember: true\nlogin_type: PC端','127.0.0.1','内网IP','Windows','Edge',200,'{\"code\":0,\"msg\":\"登录成功\",\"data\":{\"access_token\":\"eyJhbGciOiJIUzI1NiIsInR5cCI6IkpXVCJ9.eyJzdWIiOiJ7XCJuYW1lXCI6XCJcdThkODVcdTdlYTdcdTdiYTFcdTc0MDZcdTU0NThcIixcInNlc3Npb25faWRcIjpcImRlMzUwYjlhLTBlMTMtNGQ5MC04Zjk2LWRmZjA0NzExOGUyMVwiLFwidXNlcl9pZFwiOjEsXCJ1c2VyX25hbWVcIjpcImFkbWluXCIsXCJpcGFkZHJcIjpcIjEyNy4wLjAuMVwiLFwibG9naW5fbG9jYXRpb25cIjpcIlx1NTE4NVx1N2Y1MUlQXCIsXCJvc1wiOlwiV2luZG93c1wiLFwiYnJvd3NlclwiOlwiRWRnZVwiLFwibG9naW5fdGltZVwiOlwiMjAyNi0wMy0xOCAwODo0MToxNVwiLFwibG9naW5fdHlwZVwiOlwiUENcdTdhZWZcIn0iLCJpc19yZWZyZXNoIjpmYWxzZSwiZXhwIjoxNzczODI1MDc1fQ.BrbmZ3LS0-FA6-ED2zeDCnk-Yp7ZWxnyy4gnjfigGJk\",\"refresh_token\":\"eyJhbGciOiJIUzI1NiIsInR5cCI6IkpXVCJ9.eyJzdWIiOiJ7XCJuYW1lXCI6XCJcdThkODVcdTdlYTdcdTdiYTFcdTc0MDZcdTU0NThcIixcInNlc3Npb25faWRcIjpcImRlMzUwYjlhLTBlMTMtNGQ5MC04Zjk2LWRmZjA0NzExOGUyMVwiLFwidXNlcl9pZFwiOjEsXCJ1c2VyX25hbWVcIjpcImFkbWluXCIsXCJpcGFkZHJcIjpcIjEyNy4wLjAuMVwiLFwibG9naW5fbG9jYXRpb25cIjpcIlx1NTE4NVx1N2Y1MUlQXCIsXCJvc1wiOlwiV2luZG93c1wiLFwiYnJvd3NlclwiOlwiRWRnZVwiLFwibG9naW5fdGltZVwiOlwiMjAyNi0wMy0xOCAwODo0MToxNVwiLFwibG9naW5fdHlwZVwiOlwiUENcdTdhZWZcIn0iLCJpc19yZWZyZXNoIjp0cnVlLCJleHAiOjE3NzM4MjUwNzV9.PHjl76db40bVPZIVXC_Su6bVi1zD87r-VQnZ4lG696c\",\"token_type\":\"bearer\",\"expires_in\":1800},\"status_code\":200,\"success\":true}','0.35s',25,'0377d30f-6e01-4e7b-9f50-970d4902156d','0','登录','2026-03-18 08:41:15','2026-03-18 08:41:15',NULL,NULL),(2,'/api/v1/generator/gencode/create','POST','{\"body\": \"CREATE TABLE `pro_project` (\\n  `code` varchar(64) NOT NULL COMMENT \'项目编码\',\\n  `name` varchar(255) NOT NULL COMMENT \'项目名称\',\\n  `no` varchar(64) NOT NULL COMMENT \'项目编号\',\\n  PRIMARY KEY (`code`),  \\n  UNIQUE KEY `uk_pro_project_no` (`no`),  -- 优化：完整表名 pro_project\\n  KEY `ix_pro_project_name` (`name`)      -- 优化：完整表名 pro_project\\n) ENGINE=InnoDB DEFAULT CHARSET=utf8mb4 COLLATE=utf8mb4_unicode_ci COMMENT=\'项目信息表\';\"}','127.0.0.1','内网IP','Windows','Edge',200,'{\"code\":0,\"msg\":\"创建表结构成功\",\"data\":true,\"status_code\":200,\"success\":true}','0.06s',26,'9a593972-2e1c-40ff-b8a4-3d5b6ccf8809','0','创建表结构','2026-03-18 08:41:44','2026-03-18 08:41:44',1,1),(2,'/api/v1/generator/gencode/import','POST','{\"body\": [\"pro_project\"]}','127.0.0.1','内网IP','Windows','Edge',200,'{\"code\":0,\"msg\":\"导入表结构成功\",\"data\":true,\"status_code\":200,\"success\":true}','0.10s',27,'ca3b8579-a92a-4308-9ac2-8b7e6b7fb15d','0','导入表结构','2026-03-18 08:42:05','2026-03-18 08:42:05',1,1),(2,'/api/v1/generator/gencode/delete','DELETE','{\"body\": [1]}','127.0.0.1','内网IP','Windows','Edge',200,'{\"code\":0,\"msg\":\"删除业务表信息成功\",\"data\":null,\"status_code\":200,\"success\":true}','0.03s',28,'aa20f262-b530-47d2-9aa3-c3f774157bc5','0','删除业务表信息','2026-03-18 08:53:06','2026-03-18 08:53:06',1,1),(2,'/api/v1/system/menu/update/156','PUT','{\"body\": {\"id\": 156, \"name\": \"数据管理\", \"type\": 1, \"icon\": \"el-icon-Briefcase\", \"order\": 10, \"permission\": null, \"route_name\": \"Data\", \"route_path\": \"/data\", \"component_path\": null, \"redirect\": null, \"parent_id\": null, \"keep_alive\": false, \"hidden\": false, \"always_show\": false, \"title\": \"数据管理\", \"params\": [], \"affix\": false, \"status\": \"0\", \"description\": null, \"uuid\": \"5d429de9-0298-466d-bac2-6e3b9663887d\", \"created_time\": \"2026-03-17 15:21:11\", \"updated_time\": \"2026-03-17 15:49:14\", \"parent_name\": null}, \"path_params\": {\"id\": \"156\"}}','127.0.0.1','内网IP','Windows','Edge',200,'{\"code\":0,\"msg\":\"修改菜单成功\",\"data\":{\"id\":156,\"uuid\":\"5d429de9-0298-466d-bac2-6e3b9663887d\",\"status\":\"0\",\"description\":null,\"created_time\":\"2026-03-17 15:21:11\",\"updated_time\":\"2026-03-18 08:56:27\",\"name\":\"数据管理\",\"type\":1,\"order\":10,\"permission\":null,\"icon\":\"el-icon-Briefcase\",\"route_name\":\"Data\",\"route_path\":\"/data\",\"component_path\":null,\"redirect\":null,\"hidden\":false,\"keep_alive\":false,\"always_show\":false,\"title\":\"数据管理\",\"params\":[],\"affix\":false,\"parent_id\":null,\"parent_name\":null},\"status_code\":200,\"success\":true}','0.07s',29,'6a242ff3-718f-49dd-aad6-9d9d3334c1f2','0','修改菜单','2026-03-18 08:56:28','2026-03-18 08:56:28',1,1),(2,'/api/v1/system/menu/update/157','PUT','{\"body\": {\"id\": 157, \"name\": \"项目清单\", \"type\": 2, \"icon\": \"el-icon-Box\", \"order\": 1, \"permission\": \"module_data:project:query\", \"route_name\": \"Project\", \"route_path\": \"/data/project\", \"component_path\": \"module_data/project/index\", \"redirect\": null, \"parent_id\": 156, \"keep_alive\": false, \"hidden\": false, \"always_show\": false, \"title\": \"项目清单\", \"params\": [], \"affix\": false, \"status\": \"0\", \"description\": null, \"uuid\": \"5120a0b9-745f-44b4-9893-64d5c83bb65b\", \"created_time\": \"2026-03-17 15:31:00\", \"updated_time\": \"2026-03-17 15:49:14\", \"parent_name\": \"数据管理\"}, \"path_params\": {\"id\": \"157\"}}','127.0.0.1','内网IP','Windows','Edge',200,'{\"code\":0,\"msg\":\"修改菜单成功\",\"data\":{\"id\":157,\"uuid\":\"5120a0b9-745f-44b4-9893-64d5c83bb65b\",\"status\":\"0\",\"description\":null,\"created_time\":\"2026-03-17 15:31:00\",\"updated_time\":\"2026-03-18 08:57:29\",\"name\":\"项目清单\",\"type\":2,\"order\":1,\"permission\":\"module_data:project:query\",\"icon\":\"el-icon-Box\",\"route_name\":\"Project\",\"route_path\":\"/data/project\",\"component_path\":\"module_data/project/index\",\"redirect\":null,\"hidden\":false,\"keep_alive\":false,\"always_show\":false,\"title\":\"项目清单\",\"params\":[],\"affix\":false,\"parent_id\":156,\"parent_name\":null},\"status_code\":200,\"success\":true}','0.06s',30,'3e31555f-bc22-4eb3-b4c4-8316f6d9b49f','0','修改菜单','2026-03-18 08:57:29','2026-03-18 08:57:29',1,1),(2,'/api/v1/system/menu/update/158','PUT','{\"body\": {\"id\": 158, \"name\": \"BOM清单\", \"type\": 2, \"icon\": \"el-icon-Document\", \"order\": 2, \"permission\": \"module_data:bom:query\", \"route_name\": \"Bom\", \"route_path\": \"/data/bom\", \"component_path\": \"module_data/bom/index\", \"redirect\": null, \"parent_id\": 156, \"keep_alive\": false, \"hidden\": false, \"always_show\": false, \"title\": \"BOM清单\", \"params\": [], \"affix\": false, \"status\": \"0\", \"description\": null, \"uuid\": \"ae97c8f1-3447-42bf-ac96-d2e85c612cdd\", \"created_time\": \"2026-03-17 15:33:59\", \"updated_time\": \"2026-03-17 15:46:48\", \"parent_name\": \"数据管理\"}, \"path_params\": {\"id\": \"158\"}}','127.0.0.1','内网IP','Windows','Edge',200,'{\"code\":0,\"msg\":\"修改菜单成功\",\"data\":{\"id\":158,\"uuid\":\"ae97c8f1-3447-42bf-ac96-d2e85c612cdd\",\"status\":\"0\",\"description\":null,\"created_time\":\"2026-03-17 15:33:59\",\"updated_time\":\"2026-03-18 08:57:52\",\"name\":\"BOM清单\",\"type\":2,\"order\":2,\"permission\":\"module_data:bom:query\",\"icon\":\"el-icon-Document\",\"route_name\":\"Bom\",\"route_path\":\"/data/bom\",\"component_path\":\"module_data/bom/index\",\"redirect\":null,\"hidden\":false,\"keep_alive\":false,\"always_show\":false,\"title\":\"BOM清单\",\"params\":[],\"affix\":false,\"parent_id\":156,\"parent_name\":null},\"status_code\":200,\"success\":true}','0.05s',31,'faa6ba7a-ea38-4771-afb3-b40533c42c4a','0','修改菜单','2026-03-18 08:57:52','2026-03-18 08:57:52',1,1),(2,'/api/v1/system/menu/update/159','PUT','{\"body\": {\"id\": 159, \"name\": \"导入BOM\", \"type\": 2, \"icon\": \"el-icon-DocumentChecked\", \"order\": 3, \"permission\": \"module_data:file:create\", \"route_name\": \"File\", \"route_path\": \"/data/file\", \"component_path\": \"module_data/file/index\", \"redirect\": null, \"parent_id\": 156, \"keep_alive\": false, \"hidden\": false, \"always_show\": false, \"title\": \"导入BOM\", \"params\": [], \"affix\": false, \"status\": \"0\", \"description\": null, \"uuid\": \"141080ba-2bd1-40e5-ba16-98a31b08a47a\", \"created_time\": \"2026-03-17 15:46:31\", \"updated_time\": \"2026-03-17 15:46:31\", \"parent_name\": \"数据管理\"}, \"path_params\": {\"id\": \"159\"}}','127.0.0.1','内网IP','Windows','Edge',200,'{\"code\":0,\"msg\":\"修改菜单成功\",\"data\":{\"id\":159,\"uuid\":\"141080ba-2bd1-40e5-ba16-98a31b08a47a\",\"status\":\"0\",\"description\":null,\"created_time\":\"2026-03-17 15:46:31\",\"updated_time\":\"2026-03-18 08:58:29\",\"name\":\"导入BOM\",\"type\":2,\"order\":3,\"permission\":\"module_data:file:create\",\"icon\":\"el-icon-DocumentChecked\",\"route_name\":\"File\",\"route_path\":\"/data/file\",\"component_path\":\"module_data/file/index\",\"redirect\":null,\"hidden\":false,\"keep_alive\":false,\"always_show\":false,\"title\":\"导入BOM\",\"params\":[],\"affix\":false,\"parent_id\":156,\"parent_name\":null},\"status_code\":200,\"success\":true}','0.05s',32,'64b32c6a-1765-4311-a86f-15161abc3509','0','修改菜单','2026-03-18 08:58:30','2026-03-18 08:58:30',1,1),(2,'/api/v1/system/menu/update/159','PUT','{\"body\": {\"id\": 159, \"name\": \"文件导入\", \"type\": 2, \"icon\": \"el-icon-DocumentChecked\", \"order\": 3, \"permission\": \"module_data:file:create\", \"route_name\": \"File\", \"route_path\": \"/data/file\", \"component_path\": \"module_data/file/index\", \"redirect\": null, \"parent_id\": 156, \"keep_alive\": false, \"hidden\": false, \"always_show\": false, \"title\": \"文件导入\", \"params\": [], \"affix\": false, \"status\": \"0\", \"description\": null, \"uuid\": \"141080ba-2bd1-40e5-ba16-98a31b08a47a\", \"created_time\": \"2026-03-17 15:46:31\", \"updated_time\": \"2026-03-18 08:58:30\", \"parent_name\": \"数据管理\"}, \"path_params\": {\"id\": \"159\"}}','127.0.0.1','内网IP','Windows','Edge',200,'{\"code\":0,\"msg\":\"修改菜单成功\",\"data\":{\"id\":159,\"uuid\":\"141080ba-2bd1-40e5-ba16-98a31b08a47a\",\"status\":\"0\",\"description\":null,\"created_time\":\"2026-03-17 15:46:31\",\"updated_time\":\"2026-03-18 08:58:50\",\"name\":\"文件导入\",\"type\":2,\"order\":3,\"permission\":\"module_data:file:create\",\"icon\":\"el-icon-DocumentChecked\",\"route_name\":\"File\",\"route_path\":\"/data/file\",\"component_path\":\"module_data/file/index\",\"redirect\":null,\"hidden\":false,\"keep_alive\":false,\"always_show\":false,\"title\":\"文件导入\",\"params\":[],\"affix\":false,\"parent_id\":156,\"parent_name\":null},\"status_code\":200,\"success\":true}','0.05s',33,'1c4b9600-bcbb-4256-88af-865408d1b8cf','0','修改菜单','2026-03-18 08:58:50','2026-03-18 08:58:50',1,1),(2,'/api/v1/generator/gencode/create','POST','{\"body\": \"CREATE TABLE `data_project` (\\n  `code` varchar(64) NOT NULL COMMENT \'项目编码\',\\n  `name` varchar(255) NOT NULL COMMENT \'项目名称\',\\n  `no` varchar(64) NOT NULL COMMENT \'项目编号\',\\n  PRIMARY KEY (`code`),  \\n  UNIQUE KEY `uk_data_project_no` (`no`),  -- 优化：完整表名 data_project\\n  KEY `ix_data_project_name` (`name`)      -- 优化：完整表名 data_project\\n) ENGINE=InnoDB DEFAULT CHARSET=utf8mb4 COLLATE=utf8mb4_unicode_ci COMMENT=\'项目信息表\';\"}','127.0.0.1','内网IP','Windows','Edge',200,'{\"code\":0,\"msg\":\"创建表结构成功\",\"data\":true,\"status_code\":200,\"success\":true}','0.07s',34,'ba452a96-b19b-4da3-ab65-544aa89d5df2','0','创建表结构','2026-03-18 09:02:26','2026-03-18 09:02:26',1,1),(2,'/api/v1/generator/gencode/import','POST','{\"body\": [\"data_project\"]}','127.0.0.1','内网IP','Windows','Edge',200,'{\"code\":0,\"msg\":\"导入表结构成功\",\"data\":true,\"status_code\":200,\"success\":true}','0.07s',35,'73153239-70b7-4c60-8768-c90fff5a946a','0','导入表结构','2026-03-18 09:02:38','2026-03-18 09:02:38',1,1),(2,'/api/v1/generator/gencode/update/2','PUT','请求参数过长','127.0.0.1','内网IP','Windows','Edge',200,'{\"code\":0,\"msg\":\"编辑业务表信息成功\",\"data\":{\"id\":2,\"uuid\":\"2105dace-78b8-4fa4-b8b2-1f5789c86374\",\"status\":\"0\",\"description\":null,\"created_time\":\"2026-03-18 09:02:38\",\"updated_time\":\"2026-03-18 09:04:35\",\"table_name\":\"data_project\",\"table_comment\":\"项目信息表\",\"class_name\":\"DataProject\",\"package_name\":\"gencode\",\"module_name\":\"module_data\",\"business_name\":\"project\",\"function_name\":\"项目信息\",\"sub_table_name\":null,\"sub_table_fk_name\":null,\"parent_menu_id\":157,\"columns\":[{\"id\":4,\"uuid\":\"56295d6f-d4df-41f2-a042-9753fba50d23\",\"status\":\"0\",\"description\":null,\"created_time\":\"2026-03-18 09:02:38\",\"updated_time\":\"2026-03-18 09:02:38\",\"table_id\":2,\"column_name\":\"code\",\"column_comment\":\"项目编码\",\"column_type\":\"VARCHAR(64) COLLATE \\\"utf8mb4_unicode_ci\\\"\",\"column_length\":\"64\",\"column_default\":\"\",\"is_pk\":true,\"is_increment\":false,\"is_nullable\":false,\"is_unique\":false,\"python_type\":\"str\",\"python_field\":\"code\",\"is_insert\":true,\"is_edit\":false,\"is_list\":false,\"is_query\":false,\"query_type\":null,\"html_type\":\"input\",\"dict_type\":\"\",\"sort\":1,\"super_column\":\"0\"},{\"id\":5,\"uuid\":\"c305608e-2b99-4ef8-8ece-2a2c4a400f69\",\"status\":\"0\",\"description\":null,\"created_time\":\"2026-03-18 09:02:38\",\"updated_time\":\"2026-03-18 09:02:38\",\"table_id\":2,\"column_name\":\"name\",\"column_comment\":\"项目名称\",\"column_type\":\"VARCHAR(255) COLLATE \\\"utf8mb4_unicode_ci\\\"\",\"column_length\":\"255\",\"column_default\":\"\",\"is_pk\":false,\"is_increment\":false,\"is_nullable\":false,\"is_unique\":false,\"python_type\":\"str\",\"python_field\":\"name\",\"is_insert\":true,\"is_edit\":true,\"is_list\":true,\"is_query\":true,\"query_type\":\"LIKE\",\"html_type\":\"input\",\"dict_type\":\"\",\"sort\":2,\"super_column\":\"0\"},{\"id\":6,\"uuid\":\"fa344105-ace0-4076-b76f-c7987e93093d\",\"status\":\"0\",\"description\":null,\"created_time\":\"2026-03-18 09:02:38\",\"updated_time\":\"2026-03-18 09:02:38\",\"table_id\":2,\"column_name\":\"no\",\"column_comment\":\"项目编号\",\"column_type\":\"VARCHAR(64) COLLATE \\\"utf8mb4_unicode_ci\\\"\",\"column_length\":\"64\",\"column_default\":\"\",\"is_pk\":false,\"is_increment\":false,\"is_nullable\":false,\"is_unique\":true,\"python_type\":\"str\",\"python_field\":\"no\",\"is_insert\":true,\"is_edit\":true,\"is_list\":true,\"is_query\":true,\"query_type\":\"EQ\",\"html_type\":\"input\",\"dict_type\":\"\",\"sort\":3,\"super_column\":\"0\"}],\"pk_column\":null,\"sub_table\":null,\"sub\":null},\"status_code\":200,\"success\":true}','0.40s',36,'fde64728-a7f0-4ff0-a365-3a6f1f501c58','0','编辑业务表信息','2026-03-18 09:04:36','2026-03-18 09:04:36',1,1),(2,'/api/v1/generator/gencode/update/2','PUT','请求参数过长','127.0.0.1','内网IP','Windows','Edge',200,'{\"code\":0,\"msg\":\"编辑业务表信息成功\",\"data\":{\"id\":2,\"uuid\":\"2105dace-78b8-4fa4-b8b2-1f5789c86374\",\"status\":\"0\",\"description\":null,\"created_time\":\"2026-03-18 09:02:38\",\"updated_time\":\"2026-03-18 09:04:35\",\"table_name\":\"data_project\",\"table_comment\":\"项目信息表\",\"class_name\":\"DataProject\",\"package_name\":\"gencode\",\"module_name\":\"module_data\",\"business_name\":\"project\",\"function_name\":\"项目信息\",\"sub_table_name\":null,\"sub_table_fk_name\":null,\"parent_menu_id\":157,\"columns\":[{\"id\":4,\"uuid\":\"56295d6f-d4df-41f2-a042-9753fba50d23\",\"status\":\"0\",\"description\":null,\"created_time\":\"2026-03-18 09:02:38\",\"updated_time\":\"2026-03-18 09:06:54\",\"table_id\":2,\"column_name\":\"code\",\"column_comment\":\"项目编码\",\"column_type\":\"VARCHAR(64) COLLATE \\\"utf8mb4_unicode_ci\\\"\",\"column_length\":\"64\",\"column_default\":\"\",\"is_pk\":true,\"is_increment\":false,\"is_nullable\":false,\"is_unique\":false,\"python_type\":\"str\",\"python_field\":\"code\",\"is_insert\":true,\"is_edit\":true,\"is_list\":true,\"is_query\":true,\"query_type\":null,\"html_type\":\"input\",\"dict_type\":\"\",\"sort\":1,\"super_column\":\"0\"},{\"id\":5,\"uuid\":\"c305608e-2b99-4ef8-8ece-2a2c4a400f69\",\"status\":\"0\",\"description\":null,\"created_time\":\"2026-03-18 09:02:38\",\"updated_time\":\"2026-03-18 09:02:38\",\"table_id\":2,\"column_name\":\"name\",\"column_comment\":\"项目名称\",\"column_type\":\"VARCHAR(255) COLLATE \\\"utf8mb4_unicode_ci\\\"\",\"column_length\":\"255\",\"column_default\":\"\",\"is_pk\":false,\"is_increment\":false,\"is_nullable\":false,\"is_unique\":false,\"python_type\":\"str\",\"python_field\":\"name\",\"is_insert\":true,\"is_edit\":true,\"is_list\":true,\"is_query\":true,\"query_type\":\"LIKE\",\"html_type\":\"input\",\"dict_type\":\"\",\"sort\":2,\"super_column\":\"0\"},{\"id\":6,\"uuid\":\"fa344105-ace0-4076-b76f-c7987e93093d\",\"status\":\"0\",\"description\":null,\"created_time\":\"2026-03-18 09:02:38\",\"updated_time\":\"2026-03-18 09:02:38\",\"table_id\":2,\"column_name\":\"no\",\"column_comment\":\"项目编号\",\"column_type\":\"VARCHAR(64) COLLATE \\\"utf8mb4_unicode_ci\\\"\",\"column_length\":\"64\",\"column_default\":\"\",\"is_pk\":false,\"is_increment\":false,\"is_nullable\":false,\"is_unique\":true,\"python_type\":\"str\",\"python_field\":\"no\",\"is_insert\":true,\"is_edit\":true,\"is_list\":true,\"is_query\":true,\"query_type\":\"EQ\",\"html_type\":\"input\",\"dict_type\":\"\",\"sort\":3,\"super_column\":\"0\"}],\"pk_column\":null,\"sub_table\":null,\"sub\":null},\"status_code\":200,\"success\":true}','0.35s',37,'b2c4425f-95dc-4b4f-9227-44cf60f2e410','0','编辑业务表信息','2026-03-18 09:06:55','2026-03-18 09:06:55',1,1),(2,'/api/v1/generator/gencode/batch/output','PATCH','{\"body\": [\"data_project\"]}','127.0.0.1','内网IP','Windows','Edge',200,'{}','0.11s',38,'0404addc-a365-42a3-82fe-946122f6acf8','0','批量生成代码','2026-03-18 09:08:12','2026-03-18 09:08:12',1,1),(2,'/api/v1/generator/gencode/create','POST','{\"body\": \"CREATE TABLE `data_bom` (\\n  `id` int NOT NULL AUTO_INCREMENT COMMENT \'主键ID\',\\n  `parent_code` varchar(64) NOT NULL COMMENT \'父代号（关联data_project.code）\',\\n  `code` varchar(64) DEFAULT NULL COMMENT \'代号\',\\n  `spec` varchar(255) NOT NULL COMMENT \'名称\',\\n  `count` int NOT NULL COMMENT \'数量\',\\n  `material` varchar(255) DEFAULT NULL COMMENT \'材质\',\\n  `unit_mass` float DEFAULT NULL COMMENT \'单重\',\\n  `total_mass` float DEFAULT NULL COMMENT \'总重\',\\n  `remark` varchar(500) DEFAULT NULL COMMENT \'备注\',\\n  \\n  `uuid` varchar(64) NOT NULL DEFAULT (UUID()) COMMENT \'UUID全局唯一标识\',\\n  `status` varchar(10) NOT NULL DEFAULT \'0\' COMMENT \'是否启用(0:启用 1:禁用)\',\\n  `description` text NULL COMMENT \'备注/描述\',\\n  `created_time` datetime NOT NULL DEFAULT CURRENT_TIMESTAMP COMMENT \'创建时间\',\\n  `updated_time` datetime NOT NULL DEFAULT CURRENT_TIMESTAMP ON UPDATE CURRENT_TIMESTAMP COMMENT \'更新时间\',\\n  `created_id` int NULL COMMENT \'创建人ID\',\\n  `updated_id` int NULL COMMENT \'更新人ID\',\\n  \\n  PRIMARY KEY (`id`),\\n  -- 优化：索引名匹配完整表名 data_bom\\n  KEY `ix_data_bom_parent_code` (`parent_code`),  \\n  -- 修正：外键别名+关联表名，匹配 data_bom + data_project\\n  CONSTRAINT `data_bom_ibfk_1` \\n  FOREIGN KEY (`parent_code`) REFERENCES `data_project` (`code`)\\n  ON DELETE NO ACTION  -- 删除data_project时，data_bom记录不变\\n  ON UPDATE CASCADE    -- 更新data_project.code时，data_bom.parent_code同步更新\\n) ENGINE=InnoDB DEFAULT CHARSET=utf8mb4 COLLATE=utf8mb4_unicode_ci COMMENT=\'BOM清单\';\"}','127.0.0.1','内网IP','Windows','Edge',200,'{\"code\":0,\"msg\":\"创建表结构成功\",\"data\":true,\"status_code\":200,\"success\":true}','0.09s',39,'90a7203b-81aa-4990-a120-357792771f61','0','创建表结构','2026-03-18 10:41:13','2026-03-18 10:41:13',1,1),(2,'/api/v1/generator/gencode/import','POST','{\"body\": [\"data_bom\"]}','127.0.0.1','内网IP','Windows','Edge',200,'{\"code\":0,\"msg\":\"导入表结构成功\",\"data\":true,\"status_code\":200,\"success\":true}','0.13s',40,'f3ad930c-3145-4a7c-aba2-a8e1a034e4ed','0','导入表结构','2026-03-18 10:41:35','2026-03-18 10:41:35',1,1),(2,'/api/v1/generator/gencode/update/3','PUT','请求参数过长','127.0.0.1','内网IP','Windows','Edge',200,'{\"code\":0,\"msg\":\"编辑业务表信息成功\",\"data\":{\"id\":3,\"uuid\":\"d3383e8d-98b2-401c-9315-dd7f186095f5\",\"status\":\"0\",\"description\":null,\"created_time\":\"2026-03-18 10:41:35\",\"updated_time\":\"2026-03-18 10:42:09\",\"table_name\":\"data_bom\",\"table_comment\":\"BOM清单\",\"class_name\":\"DataBom\",\"package_name\":\"gencode\",\"module_name\":\"module_data\",\"business_name\":\"bom\",\"function_name\":\"BOM清单\",\"sub_table_name\":null,\"sub_table_fk_name\":null,\"parent_menu_id\":158,\"columns\":[{\"id\":7,\"uuid\":\"6f18307e-e146-41a9-9fd1-541d9d2399a0\",\"status\":\"0\",\"description\":null,\"created_time\":\"2026-03-18 10:41:35\",\"updated_time\":\"2026-03-18 10:41:35\",\"table_id\":3,\"column_name\":\"id\",\"column_comment\":\"主键ID\",\"column_type\":\"INTEGER\",\"column_length\":\"\",\"column_default\":\"\",\"is_pk\":true,\"is_increment\":true,\"is_nullable\":false,\"is_unique\":false,\"python_type\":\"int\",\"python_field\":\"id\",\"is_insert\":true,\"is_edit\":false,\"is_list\":false,\"is_query\":false,\"query_type\":null,\"html_type\":\"input\",\"dict_type\":\"\",\"sort\":1,\"super_column\":\"0\"},{\"id\":8,\"uuid\":\"0c47cfd1-a931-4ce5-a0d6-c0220ec934c3\",\"status\":\"0\",\"description\":null,\"created_time\":\"2026-03-18 10:41:35\",\"updated_time\":\"2026-03-18 10:41:35\",\"table_id\":3,\"column_name\":\"parent_code\",\"column_comment\":\"父代号（关联data_project.code）\",\"column_type\":\"VARCHAR(64) COLLATE \\\"utf8mb4_unicode_ci\\\"\",\"column_length\":\"64\",\"column_default\":\"\",\"is_pk\":false,\"is_increment\":false,\"is_nullable\":false,\"is_unique\":false,\"python_type\":\"str\",\"python_field\":\"parentCode\",\"is_insert\":true,\"is_edit\":true,\"is_list\":true,\"is_query\":true,\"query_type\":\"EQ\",\"html_type\":\"input\",\"dict_type\":\"\",\"sort\":2,\"super_column\":\"0\"},{\"id\":9,\"uuid\":\"cca83eac-3c55-47e8-ba63-787274110d94\",\"status\":\"0\",\"description\":null,\"created_time\":\"2026-03-18 10:41:35\",\"updated_time\":\"2026-03-18 10:41:35\",\"table_id\":3,\"column_name\":\"code\",\"column_comment\":\"代号\",\"column_type\":\"VARCHAR(64) COLLATE \\\"utf8mb4_unicode_ci\\\"\",\"column_length\":\"64\",\"column_default\":\"\",\"is_pk\":false,\"is_increment\":false,\"is_nullable\":true,\"is_unique\":false,\"python_type\":\"str\",\"python_field\":\"code\",\"is_insert\":true,\"is_edit\":true,\"is_list\":true,\"is_query\":true,\"query_type\":\"EQ\",\"html_type\":\"input\",\"dict_type\":\"\",\"sort\":3,\"super_column\":\"0\"},{\"id\":10,\"uuid\":\"0a23e3c2-338a-4ae2-834f-75e42f848c5c\",\"status\":\"0\",\"description\":null,\"created_time\":\"2026-03-18 10:41:35\",\"updated_time\":\"2026-03-18 10:41:35\",\"table_id\":3,\"column_name\":\"spec\",\"column_comment\":\"名称\",\"column_type\":\"VARCHAR(255) COLLATE \\\"utf8mb4_unicode_ci\\\"\",\"column_length\":\"255\",\"column_default\":\"\",\"is_pk\":false,\"is_increment\":false,\"is_nullable\":false,\"is_unique\":false,\"python_type\":\"str\",\"python_field\":\"spec\",\"is_insert\":true,\"is_edit\":true,\"is_list\":true,\"is_query\":true,\"query_type\":\"EQ\",\"html_type\":\"input\",\"dict_type\":\"\",\"sort\":4,\"super_column\":\"0\"},{\"id\":11,\"uuid\":\"618c79bf-31ee-447d-a2c1-de0976d0869a\",\"status\":\"0\",\"description\":null,\"created_time\":\"2026-03-18 10:41:35\",\"updated_time\":\"2026-03-18 10:41:35\",\"table_id\":3,\"column_name\":\"count\",\"column_comment\":\"数量\",\"column_type\":\"INTEGER\",\"column_length\":\"\",\"column_default\":\"\",\"is_pk\":false,\"is_increment\":false,\"is_nullable\":false,\"is_unique\":false,\"python_type\":\"int\",\"python_field\":\"count\",\"is_insert\":true,\"is_edit\":true,\"is_list\":true,\"is_query\":true,\"query_type\":\"EQ\",\"html_type\":\"input\",\"dict_type\":\"\",\"sort\":5,\"super_column\":\"0\"},{\"id\":12,\"uuid\":\"4237d1bb-0b2b-4df7-975c-c513b0050faf\",\"status\":\"0\",\"description\":null,\"created_time\":\"2026-03-18 10:41:35\",\"updated_time\":\"2026-03-18 10:41:35\",\"table_id\":3,\"column_name\":\"material\",\"column_comment\":\"材质\",\"column_type\":\"VARCHAR(255) COLLATE \\\"utf8mb4_unicode_ci\\\"\",\"column_length\":\"255\",\"column_default\":\"\",\"is_pk\":false,\"is_increment\":false,\"is_nullable\":true,\"is_unique\":false,\"python_type\":\"str\",\"python_field\":\"material\",\"is_insert\":true,\"is_edit\":true,\"is_list\":true,\"is_query\":true,\"query_type\":\"EQ\",\"html_type\":\"input\",\"dict_type\":\"\",\"sort\":6,\"super_column\":\"0\"},{\"id\":13,\"uuid\":\"e7214e26-deac-42df-9fb7-0b43fb60c2ac\",\"status\":\"0\",\"description\":null,\"created_time\":\"2026-03-18 10:41:35\",\"updated_time\":\"2026-03-18 10:41:35\",\"table_id\":3,\"column_name\":\"unit_mass\",\"column_comment\":\"单重\",\"column_type\":\"FLOAT\",\"column_length\":\"\",\"column_default\":\"\",\"is_pk\":false,\"is_increment\":false,\"is_nullable\":true,\"is_unique\":false,\"python_type\":\"float\",\"python_field\":\"unitMass\",\"is_insert\":true,\"is_edit\":true,\"is_list\":true,\"is_query\":true,\"query_type\":\"EQ\",\"html_type\":\"input\",\"dict_type\":\"\",\"sort\":7,\"super_column\":\"0\"},{\"id\":14,\"uuid\":\"59f969e9-6f5e-4700-bf27-896653ad1ec9\",\"status\":\"0\",\"description\":null,\"created_time\":\"2026-03-18 10:41:35\",\"updated_time\":\"2026-03-18 10:41:35\",\"table_id\":3,\"column_name\":\"total_mass\",\"column_comment\":\"总重\",\"column_type\":\"FLOAT\",\"column_length\":\"\",\"column_default\":\"\",\"is_pk\":false,\"is_increment\":false,\"is_nullable\":true,\"is_unique\":false,\"python_type\":\"float\",\"python_field\":\"totalMass\",\"is_insert\":true,\"is_edit\":true,\"is_list\":true,\"is_query\":true,\"query_type\":\"EQ\",\"html_type\":\"input\",\"dict_type\":\"\",\"sort\":8,\"super_column\":\"0\"},{\"id\":15,\"uuid\":\"f696ac50-f28c-4a0a-858d-043b9e72cc08\",\"status\":\"0\",\"description\":null,\"created_time\":\"2026-03-18 10:41:35\",\"updated_time\":\"2026-03-18 10:41:35\",\"table_id\":3,\"column_name\":\"remark\",\"column_comment\":\"备注\",\"column_type\":\"VARCHAR(500) COLLATE \\\"utf8mb4_unicode_ci\\\"\",\"column_length\":\"500\",\"column_default\":\"\",\"is_pk\":false,\"is_increment\":false,\"is_nullable\":true,\"is_unique\":false,\"python_type\":\"str\",\"python_field\":\"remark\",\"is_insert\":true,\"is_edit\":true,\"is_list\":true,\"is_query\":true,\"query_type\":\"EQ\",\"html_type\":\"input\",\"dict_type\":\"\",\"sort\":9,\"super_column\":\"0\"},{\"id\":16,\"uuid\":\"949ffdea-889d-43cb-99d5-4131502d4717\",\"status\":\"0\",\"description\":null,\"created_time\":\"2026-03-18 10:41:35\",\"updated_time\":\"2026-03-18 10:41:35\",\"table_id\":3,\"column_name\":\"uuid\",\"column_comment\":\"UUID全局唯一标识\",\"column_type\":\"VARCHAR(64) COLLATE \\\"utf8mb4_unicode_ci\\\"\",\"column_length\":\"64\",\"column_default\":\"(uuid())\",\"is_pk\":false,\"is_increment\":false,\"is_nullable\":false,\"is_unique\":false,\"python_type\":\"str\",\"python_field\":\"uuid\",\"is_insert\":true,\"is_edit\":false,\"is_list\":false,\"is_query\":false,\"query_type\":null,\"html_type\":\"input\",\"dict_type\":\"\",\"sort\":10,\"super_column\":\"0\"},{\"id\":17,\"uuid\":\"cc1851c7-7568-4b3f-a4db-9f40db995c77\",\"status\":\"0\",\"description\":null,\"created_time\":\"2026-03-18 10:41:35\",\"updated_time\":\"2026-03-18 10:41:35\",\"table_id\":3,\"column_name\":\"status\",\"column_comment\":\"是否启用(0:启用 1:禁用)\",\"column_type\":\"VARCHAR(10) COLLATE \\\"utf8mb4_unicode_ci\\\"\",\"column_length\":\"10\",\"column_default\":\"\'0\'\",\"is_pk\":false,\"is_increment\":false,\"is_nullable\":false,\"is_unique\":false,\"python_type\":\"str\",\"python_field\":\"status\",\"is_insert\":true,\"is_edit\":true,\"is_list\":true,\"is_query\":true,\"query_type\":\"EQ\",\"html_type\":\"input\",\"dict_type\":\"\",\"sort\":11,\"super_column\":\"0\"},{\"id\":18,\"uuid\":\"ea5422a9-b365-40f2-a59a-c0cc8ddfec34\",\"status\":\"0\",\"description\":null,\"created_time\":\"2026-03-18 10:41:35\",\"updated_time\":\"2026-03-18 10:41:35\",\"table_id\":3,\"column_name\":\"description\",\"column_comment\":\"备注/描述\",\"column_type\":\"TEXT COLLATE \\\"utf8mb4_unicode_ci\\\"\",\"column_length\":\"\",\"column_default\":\"\",\"is_pk\":false,\"is_increment\":false,\"is_nullable\":true,\"is_unique\":false,\"python_type\":\"str\",\"python_field\":\"description\",\"is_insert\":true,\"is_edit\":true,\"is_list\":true,\"is_query\":false,\"query_type\":null,\"html_type\":\"input\",\"dict_type\":\"\",\"sort\":12,\"super_column\":\"0\"},{\"id\":19,\"uuid\":\"85bb6f41-3ef6-49b5-967b-08a6185eeab9\",\"status\":\"0\",\"description\":null,\"created_time\":\"2026-03-18 10:41:35\",\"updated_time\":\"2026-03-18 10:41:35\",\"table_id\":3,\"column_name\":\"created_time\",\"column_comment\":\"创建时间\",\"column_type\":\"DATETIME\",\"column_length\":\"\",\"column_default\":\"CURRENT_TIMESTAMP\",\"is_pk\":false,\"is_increment\":false,\"is_nullable\":false,\"is_unique\":false,\"python_type\":\"datetime\",\"python_field\":\"createdTime\",\"is_insert\":true,\"is_edit\":false,\"is_list\":true,\"is_query\":true,\"query_type\":\"EQ\",\"html_type\":\"input\",\"dict_type\":\"\",\"sort\":13,\"super_column\":\"0\"},{\"id\":20,\"uuid\":\"46629006-7095-4b72-ad5b-b7d468460580\",\"status\":\"0\",\"description\":null,\"created_time\":\"2026-03-18 10:41:35\",\"updated_time\":\"2026-03-18 10:41:35\",\"table_id\":3,\"column_name\":\"updated_time\",\"column_comment\":\"更新时间\",\"column_type\":\"DATETIME\",\"column_length\":\"\",\"column_default\":\"CURRENT_TIMESTAMP ON UPDATE CURRENT_TIMESTAMP\",\"is_pk\":false,\"is_increment\":false,\"is_nullable\":false,\"is_unique\":false,\"python_type\":\"datetime\",\"python_field\":\"updatedTime\",\"is_insert\":true,\"is_edit\":false,\"is_list\":true,\"is_query\":true,\"query_type\":\"EQ\",\"html_type\":\"input\",\"dict_type\":\"\",\"sort\":14,\"super_column\":\"0\"},{\"id\":21,\"uuid\":\"c537fd0f-9737-46f4-bac4-31ec2adb7efb\",\"status\":\"0\",\"description\":null,\"created_time\":\"2026-03-18 10:41:35\",\"updated_time\":\"2026-03-18 10:41:35\",\"table_id\":3,\"column_name\":\"created_id\",\"column_comment\":\"创建人ID\",\"column_type\":\"INTEGER\",\"column_length\":\"\",\"column_default\":\"\",\"is_pk\":false,\"is_increment\":false,\"is_nullable\":true,\"is_unique\":false,\"python_type\":\"int\",\"python_field\":\"createdId\",\"is_insert\":true,\"is_edit\":true,\"is_list\":true,\"is_query\":true,\"query_type\":\"EQ\",\"html_type\":\"input\",\"dict_type\":\"\",\"sort\":15,\"super_column\":\"0\"},{\"id\":22,\"uuid\":\"f86b9a4a-0a5f-4fec-ae41-a4090e0c58d2\",\"status\":\"0\",\"description\":null,\"created_time\":\"2026-03-18 10:41:35\",\"updated_time\":\"2026-03-18 10:41:35\",\"table_id\":3,\"column_name\":\"updated_id\",\"column_comment\":\"更新人ID\",\"column_type\":\"INTEGER\",\"column_length\":\"\",\"column_default\":\"\",\"is_pk\":false,\"is_increment\":false,\"is_nullable\":true,\"is_unique\":false,\"python_type\":\"int\",\"python_field\":\"updatedId\",\"is_insert\":true,\"is_edit\":true,\"is_list\":true,\"is_query\":true,\"query_type\":\"EQ\",\"html_type\":\"input\",\"dict_type\":\"\",\"sort\":16,\"super_column\":\"0\"}],\"pk_column\":null,\"sub_table\":null,\"sub\":null},\"status_code\":200,\"success\":true}','1.00s',41,'f07cd74a-27be-487d-bfc2-937eff625d75','0','编辑业务表信息','2026-03-18 10:42:10','2026-03-18 10:42:10',1,1),(2,'/api/v1/generator/gencode/update/3','PUT','请求参数过长','127.0.0.1','内网IP','Windows','Edge',200,'{\"code\":0,\"msg\":\"编辑业务表信息成功\",\"data\":{\"id\":3,\"uuid\":\"d3383e8d-98b2-401c-9315-dd7f186095f5\",\"status\":\"0\",\"description\":null,\"created_time\":\"2026-03-18 10:41:35\",\"updated_time\":\"2026-03-18 10:42:09\",\"table_name\":\"data_bom\",\"table_comment\":\"BOM清单\",\"class_name\":\"DataBom\",\"package_name\":\"gencode\",\"module_name\":\"module_data\",\"business_name\":\"bom\",\"function_name\":\"BOM清单\",\"sub_table_name\":null,\"sub_table_fk_name\":null,\"parent_menu_id\":158,\"columns\":[{\"id\":7,\"uuid\":\"6f18307e-e146-41a9-9fd1-541d9d2399a0\",\"status\":\"0\",\"description\":null,\"created_time\":\"2026-03-18 10:41:35\",\"updated_time\":\"2026-03-18 10:41:35\",\"table_id\":3,\"column_name\":\"id\",\"column_comment\":\"主键ID\",\"column_type\":\"INTEGER\",\"column_length\":\"\",\"column_default\":\"\",\"is_pk\":true,\"is_increment\":true,\"is_nullable\":false,\"is_unique\":false,\"python_type\":\"int\",\"python_field\":\"id\",\"is_insert\":true,\"is_edit\":false,\"is_list\":false,\"is_query\":false,\"query_type\":null,\"html_type\":\"input\",\"dict_type\":\"\",\"sort\":1,\"super_column\":\"0\"},{\"id\":8,\"uuid\":\"0c47cfd1-a931-4ce5-a0d6-c0220ec934c3\",\"status\":\"0\",\"description\":null,\"created_time\":\"2026-03-18 10:41:35\",\"updated_time\":\"2026-03-18 10:41:35\",\"table_id\":3,\"column_name\":\"parent_code\",\"column_comment\":\"父代号（关联data_project.code）\",\"column_type\":\"VARCHAR(64) COLLATE \\\"utf8mb4_unicode_ci\\\"\",\"column_length\":\"64\",\"column_default\":\"\",\"is_pk\":false,\"is_increment\":false,\"is_nullable\":false,\"is_unique\":false,\"python_type\":\"str\",\"python_field\":\"parentCode\",\"is_insert\":true,\"is_edit\":true,\"is_list\":true,\"is_query\":true,\"query_type\":\"EQ\",\"html_type\":\"input\",\"dict_type\":\"\",\"sort\":2,\"super_column\":\"0\"},{\"id\":9,\"uuid\":\"cca83eac-3c55-47e8-ba63-787274110d94\",\"status\":\"0\",\"description\":null,\"created_time\":\"2026-03-18 10:41:35\",\"updated_time\":\"2026-03-18 10:41:35\",\"table_id\":3,\"column_name\":\"code\",\"column_comment\":\"代号\",\"column_type\":\"VARCHAR(64) COLLATE \\\"utf8mb4_unicode_ci\\\"\",\"column_length\":\"64\",\"column_default\":\"\",\"is_pk\":false,\"is_increment\":false,\"is_nullable\":true,\"is_unique\":false,\"python_type\":\"str\",\"python_field\":\"code\",\"is_insert\":true,\"is_edit\":true,\"is_list\":true,\"is_query\":true,\"query_type\":\"EQ\",\"html_type\":\"input\",\"dict_type\":\"\",\"sort\":3,\"super_column\":\"0\"},{\"id\":10,\"uuid\":\"0a23e3c2-338a-4ae2-834f-75e42f848c5c\",\"status\":\"0\",\"description\":null,\"created_time\":\"2026-03-18 10:41:35\",\"updated_time\":\"2026-03-18 10:41:35\",\"table_id\":3,\"column_name\":\"spec\",\"column_comment\":\"名称\",\"column_type\":\"VARCHAR(255) COLLATE \\\"utf8mb4_unicode_ci\\\"\",\"column_length\":\"255\",\"column_default\":\"\",\"is_pk\":false,\"is_increment\":false,\"is_nullable\":false,\"is_unique\":false,\"python_type\":\"str\",\"python_field\":\"spec\",\"is_insert\":true,\"is_edit\":true,\"is_list\":true,\"is_query\":true,\"query_type\":\"EQ\",\"html_type\":\"input\",\"dict_type\":\"\",\"sort\":4,\"super_column\":\"0\"},{\"id\":11,\"uuid\":\"618c79bf-31ee-447d-a2c1-de0976d0869a\",\"status\":\"0\",\"description\":null,\"created_time\":\"2026-03-18 10:41:35\",\"updated_time\":\"2026-03-18 10:41:35\",\"table_id\":3,\"column_name\":\"count\",\"column_comment\":\"数量\",\"column_type\":\"INTEGER\",\"column_length\":\"\",\"column_default\":\"\",\"is_pk\":false,\"is_increment\":false,\"is_nullable\":false,\"is_unique\":false,\"python_type\":\"int\",\"python_field\":\"count\",\"is_insert\":true,\"is_edit\":true,\"is_list\":true,\"is_query\":true,\"query_type\":\"EQ\",\"html_type\":\"input\",\"dict_type\":\"\",\"sort\":5,\"super_column\":\"0\"},{\"id\":12,\"uuid\":\"4237d1bb-0b2b-4df7-975c-c513b0050faf\",\"status\":\"0\",\"description\":null,\"created_time\":\"2026-03-18 10:41:35\",\"updated_time\":\"2026-03-18 10:41:35\",\"table_id\":3,\"column_name\":\"material\",\"column_comment\":\"材质\",\"column_type\":\"VARCHAR(255) COLLATE \\\"utf8mb4_unicode_ci\\\"\",\"column_length\":\"255\",\"column_default\":\"\",\"is_pk\":false,\"is_increment\":false,\"is_nullable\":true,\"is_unique\":false,\"python_type\":\"str\",\"python_field\":\"material\",\"is_insert\":true,\"is_edit\":true,\"is_list\":true,\"is_query\":true,\"query_type\":\"EQ\",\"html_type\":\"input\",\"dict_type\":\"\",\"sort\":6,\"super_column\":\"0\"},{\"id\":13,\"uuid\":\"e7214e26-deac-42df-9fb7-0b43fb60c2ac\",\"status\":\"0\",\"description\":null,\"created_time\":\"2026-03-18 10:41:35\",\"updated_time\":\"2026-03-18 10:41:35\",\"table_id\":3,\"column_name\":\"unit_mass\",\"column_comment\":\"单重\",\"column_type\":\"FLOAT\",\"column_length\":\"\",\"column_default\":\"\",\"is_pk\":false,\"is_increment\":false,\"is_nullable\":true,\"is_unique\":false,\"python_type\":\"float\",\"python_field\":\"unitMass\",\"is_insert\":true,\"is_edit\":true,\"is_list\":true,\"is_query\":true,\"query_type\":\"EQ\",\"html_type\":\"input\",\"dict_type\":\"\",\"sort\":7,\"super_column\":\"0\"},{\"id\":14,\"uuid\":\"59f969e9-6f5e-4700-bf27-896653ad1ec9\",\"status\":\"0\",\"description\":null,\"created_time\":\"2026-03-18 10:41:35\",\"updated_time\":\"2026-03-18 10:41:35\",\"table_id\":3,\"column_name\":\"total_mass\",\"column_comment\":\"总重\",\"column_type\":\"FLOAT\",\"column_length\":\"\",\"column_default\":\"\",\"is_pk\":false,\"is_increment\":false,\"is_nullable\":true,\"is_unique\":false,\"python_type\":\"float\",\"python_field\":\"totalMass\",\"is_insert\":true,\"is_edit\":true,\"is_list\":true,\"is_query\":true,\"query_type\":\"EQ\",\"html_type\":\"input\",\"dict_type\":\"\",\"sort\":8,\"super_column\":\"0\"},{\"id\":15,\"uuid\":\"f696ac50-f28c-4a0a-858d-043b9e72cc08\",\"status\":\"0\",\"description\":null,\"created_time\":\"2026-03-18 10:41:35\",\"updated_time\":\"2026-03-18 10:41:35\",\"table_id\":3,\"column_name\":\"remark\",\"column_comment\":\"备注\",\"column_type\":\"VARCHAR(500) COLLATE \\\"utf8mb4_unicode_ci\\\"\",\"column_length\":\"500\",\"column_default\":\"\",\"is_pk\":false,\"is_increment\":false,\"is_nullable\":true,\"is_unique\":false,\"python_type\":\"str\",\"python_field\":\"remark\",\"is_insert\":true,\"is_edit\":true,\"is_list\":true,\"is_query\":true,\"query_type\":\"EQ\",\"html_type\":\"input\",\"dict_type\":\"\",\"sort\":9,\"super_column\":\"0\"},{\"id\":16,\"uuid\":\"949ffdea-889d-43cb-99d5-4131502d4717\",\"status\":\"0\",\"description\":null,\"created_time\":\"2026-03-18 10:41:35\",\"updated_time\":\"2026-03-18 10:41:35\",\"table_id\":3,\"column_name\":\"uuid\",\"column_comment\":\"UUID全局唯一标识\",\"column_type\":\"VARCHAR(64) COLLATE \\\"utf8mb4_unicode_ci\\\"\",\"column_length\":\"64\",\"column_default\":\"(uuid())\",\"is_pk\":false,\"is_increment\":false,\"is_nullable\":false,\"is_unique\":false,\"python_type\":\"str\",\"python_field\":\"uuid\",\"is_insert\":true,\"is_edit\":false,\"is_list\":false,\"is_query\":false,\"query_type\":null,\"html_type\":\"input\",\"dict_type\":\"\",\"sort\":10,\"super_column\":\"0\"},{\"id\":17,\"uuid\":\"cc1851c7-7568-4b3f-a4db-9f40db995c77\",\"status\":\"0\",\"description\":null,\"created_time\":\"2026-03-18 10:41:35\",\"updated_time\":\"2026-03-18 10:41:35\",\"table_id\":3,\"column_name\":\"status\",\"column_comment\":\"是否启用(0:启用 1:禁用)\",\"column_type\":\"VARCHAR(10) COLLATE \\\"utf8mb4_unicode_ci\\\"\",\"column_length\":\"10\",\"column_default\":\"\'0\'\",\"is_pk\":false,\"is_increment\":false,\"is_nullable\":false,\"is_unique\":false,\"python_type\":\"str\",\"python_field\":\"status\",\"is_insert\":true,\"is_edit\":true,\"is_list\":true,\"is_query\":true,\"query_type\":\"EQ\",\"html_type\":\"input\",\"dict_type\":\"\",\"sort\":11,\"super_column\":\"0\"},{\"id\":18,\"uuid\":\"ea5422a9-b365-40f2-a59a-c0cc8ddfec34\",\"status\":\"0\",\"description\":null,\"created_time\":\"2026-03-18 10:41:35\",\"updated_time\":\"2026-03-18 10:41:35\",\"table_id\":3,\"column_name\":\"description\",\"column_comment\":\"备注/描述\",\"column_type\":\"TEXT COLLATE \\\"utf8mb4_unicode_ci\\\"\",\"column_length\":\"\",\"column_default\":\"\",\"is_pk\":false,\"is_increment\":false,\"is_nullable\":true,\"is_unique\":false,\"python_type\":\"str\",\"python_field\":\"description\",\"is_insert\":true,\"is_edit\":true,\"is_list\":true,\"is_query\":false,\"query_type\":null,\"html_type\":\"input\",\"dict_type\":\"\",\"sort\":12,\"super_column\":\"0\"},{\"id\":19,\"uuid\":\"85bb6f41-3ef6-49b5-967b-08a6185eeab9\",\"status\":\"0\",\"description\":null,\"created_time\":\"2026-03-18 10:41:35\",\"updated_time\":\"2026-03-18 10:41:35\",\"table_id\":3,\"column_name\":\"created_time\",\"column_comment\":\"创建时间\",\"column_type\":\"DATETIME\",\"column_length\":\"\",\"column_default\":\"CURRENT_TIMESTAMP\",\"is_pk\":false,\"is_increment\":false,\"is_nullable\":false,\"is_unique\":false,\"python_type\":\"datetime\",\"python_field\":\"createdTime\",\"is_insert\":true,\"is_edit\":false,\"is_list\":true,\"is_query\":true,\"query_type\":\"EQ\",\"html_type\":\"input\",\"dict_type\":\"\",\"sort\":13,\"super_column\":\"0\"},{\"id\":20,\"uuid\":\"46629006-7095-4b72-ad5b-b7d468460580\",\"status\":\"0\",\"description\":null,\"created_time\":\"2026-03-18 10:41:35\",\"updated_time\":\"2026-03-18 10:41:35\",\"table_id\":3,\"column_name\":\"updated_time\",\"column_comment\":\"更新时间\",\"column_type\":\"DATETIME\",\"column_length\":\"\",\"column_default\":\"CURRENT_TIMESTAMP ON UPDATE CURRENT_TIMESTAMP\",\"is_pk\":false,\"is_increment\":false,\"is_nullable\":false,\"is_unique\":false,\"python_type\":\"datetime\",\"python_field\":\"updatedTime\",\"is_insert\":true,\"is_edit\":false,\"is_list\":true,\"is_query\":true,\"query_type\":\"EQ\",\"html_type\":\"input\",\"dict_type\":\"\",\"sort\":14,\"super_column\":\"0\"},{\"id\":21,\"uuid\":\"c537fd0f-9737-46f4-bac4-31ec2adb7efb\",\"status\":\"0\",\"description\":null,\"created_time\":\"2026-03-18 10:41:35\",\"updated_time\":\"2026-03-18 10:41:35\",\"table_id\":3,\"column_name\":\"created_id\",\"column_comment\":\"创建人ID\",\"column_type\":\"INTEGER\",\"column_length\":\"\",\"column_default\":\"\",\"is_pk\":false,\"is_increment\":false,\"is_nullable\":true,\"is_unique\":false,\"python_type\":\"int\",\"python_field\":\"createdId\",\"is_insert\":true,\"is_edit\":true,\"is_list\":true,\"is_query\":true,\"query_type\":\"EQ\",\"html_type\":\"input\",\"dict_type\":\"\",\"sort\":15,\"super_column\":\"0\"},{\"id\":22,\"uuid\":\"f86b9a4a-0a5f-4fec-ae41-a4090e0c58d2\",\"status\":\"0\",\"description\":null,\"created_time\":\"2026-03-18 10:41:35\",\"updated_time\":\"2026-03-18 10:41:35\",\"table_id\":3,\"column_name\":\"updated_id\",\"column_comment\":\"更新人ID\",\"column_type\":\"INTEGER\",\"column_length\":\"\",\"column_default\":\"\",\"is_pk\":false,\"is_increment\":false,\"is_nullable\":true,\"is_unique\":false,\"python_type\":\"int\",\"python_field\":\"updatedId\",\"is_insert\":true,\"is_edit\":true,\"is_list\":true,\"is_query\":true,\"query_type\":\"EQ\",\"html_type\":\"input\",\"dict_type\":\"\",\"sort\":16,\"super_column\":\"0\"}],\"pk_column\":null,\"sub_table\":null,\"sub\":null},\"status_code\":200,\"success\":true}','1.00s',42,'f59840ec-1832-4d71-8a4b-2ae382500a62','0','编辑业务表信息','2026-03-18 10:47:45','2026-03-18 10:47:45',1,1),(2,'/api/v1/generator/gencode/update/3','PUT','请求参数过长','127.0.0.1','内网IP','Windows','Edge',200,'{\"code\":0,\"msg\":\"编辑业务表信息成功\",\"data\":{\"id\":3,\"uuid\":\"d3383e8d-98b2-401c-9315-dd7f186095f5\",\"status\":\"0\",\"description\":null,\"created_time\":\"2026-03-18 10:41:35\",\"updated_time\":\"2026-03-18 10:42:09\",\"table_name\":\"data_bom\",\"table_comment\":\"BOM清单\",\"class_name\":\"DataBom\",\"package_name\":\"gencode\",\"module_name\":\"module_data\",\"business_name\":\"bom\",\"function_name\":\"BOM清单\",\"sub_table_name\":null,\"sub_table_fk_name\":null,\"parent_menu_id\":158,\"columns\":[{\"id\":7,\"uuid\":\"6f18307e-e146-41a9-9fd1-541d9d2399a0\",\"status\":\"0\",\"description\":null,\"created_time\":\"2026-03-18 10:41:35\",\"updated_time\":\"2026-03-18 10:41:35\",\"table_id\":3,\"column_name\":\"id\",\"column_comment\":\"主键ID\",\"column_type\":\"INTEGER\",\"column_length\":\"\",\"column_default\":\"\",\"is_pk\":true,\"is_increment\":true,\"is_nullable\":false,\"is_unique\":false,\"python_type\":\"int\",\"python_field\":\"id\",\"is_insert\":true,\"is_edit\":false,\"is_list\":false,\"is_query\":false,\"query_type\":null,\"html_type\":\"input\",\"dict_type\":\"\",\"sort\":1,\"super_column\":\"0\"},{\"id\":8,\"uuid\":\"0c47cfd1-a931-4ce5-a0d6-c0220ec934c3\",\"status\":\"0\",\"description\":null,\"created_time\":\"2026-03-18 10:41:35\",\"updated_time\":\"2026-03-18 10:41:35\",\"table_id\":3,\"column_name\":\"parent_code\",\"column_comment\":\"父代号（关联data_project.code）\",\"column_type\":\"VARCHAR(64) COLLATE \\\"utf8mb4_unicode_ci\\\"\",\"column_length\":\"64\",\"column_default\":\"\",\"is_pk\":false,\"is_increment\":false,\"is_nullable\":false,\"is_unique\":false,\"python_type\":\"str\",\"python_field\":\"parentCode\",\"is_insert\":true,\"is_edit\":true,\"is_list\":true,\"is_query\":true,\"query_type\":\"EQ\",\"html_type\":\"input\",\"dict_type\":\"\",\"sort\":2,\"super_column\":\"0\"},{\"id\":9,\"uuid\":\"cca83eac-3c55-47e8-ba63-787274110d94\",\"status\":\"0\",\"description\":null,\"created_time\":\"2026-03-18 10:41:35\",\"updated_time\":\"2026-03-18 10:41:35\",\"table_id\":3,\"column_name\":\"code\",\"column_comment\":\"代号\",\"column_type\":\"VARCHAR(64) COLLATE \\\"utf8mb4_unicode_ci\\\"\",\"column_length\":\"64\",\"column_default\":\"\",\"is_pk\":false,\"is_increment\":false,\"is_nullable\":true,\"is_unique\":false,\"python_type\":\"str\",\"python_field\":\"code\",\"is_insert\":true,\"is_edit\":true,\"is_list\":true,\"is_query\":true,\"query_type\":\"EQ\",\"html_type\":\"input\",\"dict_type\":\"\",\"sort\":3,\"super_column\":\"0\"},{\"id\":10,\"uuid\":\"0a23e3c2-338a-4ae2-834f-75e42f848c5c\",\"status\":\"0\",\"description\":null,\"created_time\":\"2026-03-18 10:41:35\",\"updated_time\":\"2026-03-18 10:49:59\",\"table_id\":3,\"column_name\":\"spec\",\"column_comment\":\"名称\",\"column_type\":\"VARCHAR(255) COLLATE \\\"utf8mb4_unicode_ci\\\"\",\"column_length\":\"255\",\"column_default\":\"\",\"is_pk\":false,\"is_increment\":false,\"is_nullable\":false,\"is_unique\":false,\"python_type\":\"str\",\"python_field\":\"spec\",\"is_insert\":true,\"is_edit\":true,\"is_list\":true,\"is_query\":true,\"query_type\":\"LIKE\",\"html_type\":\"input\",\"dict_type\":\"\",\"sort\":4,\"super_column\":\"0\"},{\"id\":11,\"uuid\":\"618c79bf-31ee-447d-a2c1-de0976d0869a\",\"status\":\"0\",\"description\":null,\"created_time\":\"2026-03-18 10:41:35\",\"updated_time\":\"2026-03-18 10:41:35\",\"table_id\":3,\"column_name\":\"count\",\"column_comment\":\"数量\",\"column_type\":\"INTEGER\",\"column_length\":\"\",\"column_default\":\"\",\"is_pk\":false,\"is_increment\":false,\"is_nullable\":false,\"is_unique\":false,\"python_type\":\"int\",\"python_field\":\"count\",\"is_insert\":true,\"is_edit\":true,\"is_list\":true,\"is_query\":true,\"query_type\":\"EQ\",\"html_type\":\"input\",\"dict_type\":\"\",\"sort\":5,\"super_column\":\"0\"},{\"id\":12,\"uuid\":\"4237d1bb-0b2b-4df7-975c-c513b0050faf\",\"status\":\"0\",\"description\":null,\"created_time\":\"2026-03-18 10:41:35\",\"updated_time\":\"2026-03-18 10:49:59\",\"table_id\":3,\"column_name\":\"material\",\"column_comment\":\"材质\",\"column_type\":\"VARCHAR(255) COLLATE \\\"utf8mb4_unicode_ci\\\"\",\"column_length\":\"255\",\"column_default\":\"\",\"is_pk\":false,\"is_increment\":false,\"is_nullable\":true,\"is_unique\":false,\"python_type\":\"str\",\"python_field\":\"material\",\"is_insert\":true,\"is_edit\":true,\"is_list\":true,\"is_query\":true,\"query_type\":\"LIKE\",\"html_type\":\"input\",\"dict_type\":\"\",\"sort\":6,\"super_column\":\"0\"},{\"id\":13,\"uuid\":\"e7214e26-deac-42df-9fb7-0b43fb60c2ac\",\"status\":\"0\",\"description\":null,\"created_time\":\"2026-03-18 10:41:35\",\"updated_time\":\"2026-03-18 10:41:35\",\"table_id\":3,\"column_name\":\"unit_mass\",\"column_comment\":\"单重\",\"column_type\":\"FLOAT\",\"column_length\":\"\",\"column_default\":\"\",\"is_pk\":false,\"is_increment\":false,\"is_nullable\":true,\"is_unique\":false,\"python_type\":\"float\",\"python_field\":\"unitMass\",\"is_insert\":true,\"is_edit\":true,\"is_list\":true,\"is_query\":true,\"query_type\":\"EQ\",\"html_type\":\"input\",\"dict_type\":\"\",\"sort\":7,\"super_column\":\"0\"},{\"id\":14,\"uuid\":\"59f969e9-6f5e-4700-bf27-896653ad1ec9\",\"status\":\"0\",\"description\":null,\"created_time\":\"2026-03-18 10:41:35\",\"updated_time\":\"2026-03-18 10:41:35\",\"table_id\":3,\"column_name\":\"total_mass\",\"column_comment\":\"总重\",\"column_type\":\"FLOAT\",\"column_length\":\"\",\"column_default\":\"\",\"is_pk\":false,\"is_increment\":false,\"is_nullable\":true,\"is_unique\":false,\"python_type\":\"float\",\"python_field\":\"totalMass\",\"is_insert\":true,\"is_edit\":true,\"is_list\":true,\"is_query\":true,\"query_type\":\"EQ\",\"html_type\":\"input\",\"dict_type\":\"\",\"sort\":8,\"super_column\":\"0\"},{\"id\":15,\"uuid\":\"f696ac50-f28c-4a0a-858d-043b9e72cc08\",\"status\":\"0\",\"description\":null,\"created_time\":\"2026-03-18 10:41:35\",\"updated_time\":\"2026-03-18 10:49:59\",\"table_id\":3,\"column_name\":\"remark\",\"column_comment\":\"备注\",\"column_type\":\"VARCHAR(500) COLLATE \\\"utf8mb4_unicode_ci\\\"\",\"column_length\":\"500\",\"column_default\":\"\",\"is_pk\":false,\"is_increment\":false,\"is_nullable\":true,\"is_unique\":false,\"python_type\":\"str\",\"python_field\":\"remark\",\"is_insert\":true,\"is_edit\":true,\"is_list\":true,\"is_query\":true,\"query_type\":\"LIKE\",\"html_type\":\"input\",\"dict_type\":\"\",\"sort\":9,\"super_column\":\"0\"},{\"id\":16,\"uuid\":\"949ffdea-889d-43cb-99d5-4131502d4717\",\"status\":\"0\",\"description\":null,\"created_time\":\"2026-03-18 10:41:35\",\"updated_time\":\"2026-03-18 10:41:35\",\"table_id\":3,\"column_name\":\"uuid\",\"column_comment\":\"UUID全局唯一标识\",\"column_type\":\"VARCHAR(64) COLLATE \\\"utf8mb4_unicode_ci\\\"\",\"column_length\":\"64\",\"column_default\":\"(uuid())\",\"is_pk\":false,\"is_increment\":false,\"is_nullable\":false,\"is_unique\":false,\"python_type\":\"str\",\"python_field\":\"uuid\",\"is_insert\":true,\"is_edit\":false,\"is_list\":false,\"is_query\":false,\"query_type\":null,\"html_type\":\"input\",\"dict_type\":\"\",\"sort\":10,\"super_column\":\"0\"},{\"id\":17,\"uuid\":\"cc1851c7-7568-4b3f-a4db-9f40db995c77\",\"status\":\"0\",\"description\":null,\"created_time\":\"2026-03-18 10:41:35\",\"updated_time\":\"2026-03-18 10:49:59\",\"table_id\":3,\"column_name\":\"status\",\"column_comment\":\"是否启用(0:启用 1:禁用)\",\"column_type\":\"VARCHAR(10) COLLATE \\\"utf8mb4_unicode_ci\\\"\",\"column_length\":\"10\",\"column_default\":\"\'0\'\",\"is_pk\":false,\"is_increment\":false,\"is_nullable\":false,\"is_unique\":false,\"python_type\":\"str\",\"python_field\":\"status\",\"is_insert\":true,\"is_edit\":true,\"is_list\":true,\"is_query\":true,\"query_type\":\"EQ\",\"html_type\":\"radio\",\"dict_type\":\"\",\"sort\":11,\"super_column\":\"0\"},{\"id\":18,\"uuid\":\"ea5422a9-b365-40f2-a59a-c0cc8ddfec34\",\"status\":\"0\",\"description\":null,\"created_time\":\"2026-03-18 10:41:35\",\"updated_time\":\"2026-03-18 10:41:35\",\"table_id\":3,\"column_name\":\"description\",\"column_comment\":\"备注/描述\",\"column_type\":\"TEXT COLLATE \\\"utf8mb4_unicode_ci\\\"\",\"column_length\":\"\",\"column_default\":\"\",\"is_pk\":false,\"is_increment\":false,\"is_nullable\":true,\"is_unique\":false,\"python_type\":\"str\",\"python_field\":\"description\",\"is_insert\":true,\"is_edit\":true,\"is_list\":true,\"is_query\":false,\"query_type\":null,\"html_type\":\"input\",\"dict_type\":\"\",\"sort\":12,\"super_column\":\"0\"},{\"id\":19,\"uuid\":\"85bb6f41-3ef6-49b5-967b-08a6185eeab9\",\"status\":\"0\",\"description\":null,\"created_time\":\"2026-03-18 10:41:35\",\"updated_time\":\"2026-03-18 10:41:35\",\"table_id\":3,\"column_name\":\"created_time\",\"column_comment\":\"创建时间\",\"column_type\":\"DATETIME\",\"column_length\":\"\",\"column_default\":\"CURRENT_TIMESTAMP\",\"is_pk\":false,\"is_increment\":false,\"is_nullable\":false,\"is_unique\":false,\"python_type\":\"datetime\",\"python_field\":\"createdTime\",\"is_insert\":true,\"is_edit\":false,\"is_list\":true,\"is_query\":true,\"query_type\":\"EQ\",\"html_type\":\"input\",\"dict_type\":\"\",\"sort\":13,\"super_column\":\"0\"},{\"id\":20,\"uuid\":\"46629006-7095-4b72-ad5b-b7d468460580\",\"status\":\"0\",\"description\":null,\"created_time\":\"2026-03-18 10:41:35\",\"updated_time\":\"2026-03-18 10:41:35\",\"table_id\":3,\"column_name\":\"updated_time\",\"column_comment\":\"更新时间\",\"column_type\":\"DATETIME\",\"column_length\":\"\",\"column_default\":\"CURRENT_TIMESTAMP ON UPDATE CURRENT_TIMESTAMP\",\"is_pk\":false,\"is_increment\":false,\"is_nullable\":false,\"is_unique\":false,\"python_type\":\"datetime\",\"python_field\":\"updatedTime\",\"is_insert\":true,\"is_edit\":false,\"is_list\":true,\"is_query\":true,\"query_type\":\"EQ\",\"html_type\":\"input\",\"dict_type\":\"\",\"sort\":14,\"super_column\":\"0\"},{\"id\":21,\"uuid\":\"c537fd0f-9737-46f4-bac4-31ec2adb7efb\",\"status\":\"0\",\"description\":null,\"created_time\":\"2026-03-18 10:41:35\",\"updated_time\":\"2026-03-18 10:41:35\",\"table_id\":3,\"column_name\":\"created_id\",\"column_comment\":\"创建人ID\",\"column_type\":\"INTEGER\",\"column_length\":\"\",\"column_default\":\"\",\"is_pk\":false,\"is_increment\":false,\"is_nullable\":true,\"is_unique\":false,\"python_type\":\"int\",\"python_field\":\"createdId\",\"is_insert\":true,\"is_edit\":true,\"is_list\":true,\"is_query\":true,\"query_type\":\"EQ\",\"html_type\":\"input\",\"dict_type\":\"\",\"sort\":15,\"super_column\":\"0\"},{\"id\":22,\"uuid\":\"f86b9a4a-0a5f-4fec-ae41-a4090e0c58d2\",\"status\":\"0\",\"description\":null,\"created_time\":\"2026-03-18 10:41:35\",\"updated_time\":\"2026-03-18 10:41:35\",\"table_id\":3,\"column_name\":\"updated_id\",\"column_comment\":\"更新人ID\",\"column_type\":\"INTEGER\",\"column_length\":\"\",\"column_default\":\"\",\"is_pk\":false,\"is_increment\":false,\"is_nullable\":true,\"is_unique\":false,\"python_type\":\"int\",\"python_field\":\"updatedId\",\"is_insert\":true,\"is_edit\":true,\"is_list\":true,\"is_query\":true,\"query_type\":\"EQ\",\"html_type\":\"input\",\"dict_type\":\"\",\"sort\":16,\"super_column\":\"0\"}],\"pk_column\":null,\"sub_table\":null,\"sub\":null},\"status_code\":200,\"success\":true}','0.96s',43,'2c12a76f-af19-4dc3-b792-b51d34fb6f06','0','编辑业务表信息','2026-03-18 10:50:00','2026-03-18 10:50:00',1,1),(2,'/api/v1/generator/gencode/batch/output','PATCH','{\"body\": [\"data_bom\"]}','127.0.0.1','内网IP','Windows','Edge',200,'{}','0.07s',44,'39fc0e61-1506-4157-a1b0-04c129c329e4','0','批量生成代码','2026-03-18 10:50:03','2026-03-18 10:50:03',1,1),(1,'/api/v1/system/auth/login','POST','username: admin\npassword: 123456\ncaptcha: 42\ncaptcha_key: d5e2074c0fe3482f85938509d14e3426\nremember: true\nlogin_type: PC端','127.0.0.1','内网IP','Windows','Edge',200,'{\"code\":0,\"msg\":\"登录成功\",\"data\":{\"access_token\":\"eyJhbGciOiJIUzI1NiIsInR5cCI6IkpXVCJ9.eyJzdWIiOiJ7XCJuYW1lXCI6XCJcdThkODVcdTdlYTdcdTdiYTFcdTc0MDZcdTU0NThcIixcInNlc3Npb25faWRcIjpcImIxNjY3MzU1LTBhOGMtNDhiZi1hZGEzLTRjOGJkNTNkY2RlYlwiLFwidXNlcl9pZFwiOjEsXCJ1c2VyX25hbWVcIjpcImFkbWluXCIsXCJpcGFkZHJcIjpcIjEyNy4wLjAuMVwiLFwibG9naW5fbG9jYXRpb25cIjpcIlx1NTE4NVx1N2Y1MUlQXCIsXCJvc1wiOlwiV2luZG93c1wiLFwiYnJvd3NlclwiOlwiRWRnZVwiLFwibG9naW5fdGltZVwiOlwiMjAyNi0wMy0xOCAxMzowMzowMVwiLFwibG9naW5fdHlwZVwiOlwiUENcdTdhZWZcIn0iLCJpc19yZWZyZXNoIjpmYWxzZSwiZXhwIjoxNzczODQwNzgxfQ.rivUeDCEKFEhwnN70nKP1ATDn-dxJNzi-50JvX5n7DA\",\"refresh_token\":\"eyJhbGciOiJIUzI1NiIsInR5cCI6IkpXVCJ9.eyJzdWIiOiJ7XCJuYW1lXCI6XCJcdThkODVcdTdlYTdcdTdiYTFcdTc0MDZcdTU0NThcIixcInNlc3Npb25faWRcIjpcImIxNjY3MzU1LTBhOGMtNDhiZi1hZGEzLTRjOGJkNTNkY2RlYlwiLFwidXNlcl9pZFwiOjEsXCJ1c2VyX25hbWVcIjpcImFkbWluXCIsXCJpcGFkZHJcIjpcIjEyNy4wLjAuMVwiLFwibG9naW5fbG9jYXRpb25cIjpcIlx1NTE4NVx1N2Y1MUlQXCIsXCJvc1wiOlwiV2luZG93c1wiLFwiYnJvd3NlclwiOlwiRWRnZVwiLFwibG9naW5fdGltZVwiOlwiMjAyNi0wMy0xOCAxMzowMzowMVwiLFwibG9naW5fdHlwZVwiOlwiUENcdTdhZWZcIn0iLCJpc19yZWZyZXNoIjp0cnVlLCJleHAiOjE3NzM4NDA3ODF9.f2368oqHtKv1FuL31KuQVhIdOvxHVIuAzWWG-UHX3DI\",\"token_type\":\"bearer\",\"expires_in\":1800},\"status_code\":200,\"success\":true}','0.33s',45,'b877e6d5-1515-468d-af88-692f0ebbb1bc','0','登录','2026-03-18 13:03:01','2026-03-18 13:03:01',NULL,NULL),(1,'/api/v1/system/auth/login','POST','username: admin\npassword: 123456\ncaptcha: 6\ncaptcha_key: 74a42b3c9a44498ba849646eb3e6b3dc\nremember: true\nlogin_type: PC端','127.0.0.1','内网IP','Windows','Edge',200,'{\"code\":0,\"msg\":\"登录成功\",\"data\":{\"access_token\":\"eyJhbGciOiJIUzI1NiIsInR5cCI6IkpXVCJ9.eyJzdWIiOiJ7XCJuYW1lXCI6XCJcdThkODVcdTdlYTdcdTdiYTFcdTc0MDZcdTU0NThcIixcInNlc3Npb25faWRcIjpcImViMzJhMWNhLTY0ZDctNDEwYi1hZDBjLWQ4MTMzNTRmM2M3OVwiLFwidXNlcl9pZFwiOjEsXCJ1c2VyX25hbWVcIjpcImFkbWluXCIsXCJpcGFkZHJcIjpcIjEyNy4wLjAuMVwiLFwibG9naW5fbG9jYXRpb25cIjpcIlx1NTE4NVx1N2Y1MUlQXCIsXCJvc1wiOlwiV2luZG93c1wiLFwiYnJvd3NlclwiOlwiRWRnZVwiLFwibG9naW5fdGltZVwiOlwiMjAyNi0wMy0xOCAxNDoyOToyOVwiLFwibG9naW5fdHlwZVwiOlwiUENcdTdhZWZcIn0iLCJpc19yZWZyZXNoIjpmYWxzZSwiZXhwIjoxNzczODQ1OTY4fQ.sl_cZZVbVwnbjUSmQROXgNws20IgQnlBvQRtlnS-5W0\",\"refresh_token\":\"eyJhbGciOiJIUzI1NiIsInR5cCI6IkpXVCJ9.eyJzdWIiOiJ7XCJuYW1lXCI6XCJcdThkODVcdTdlYTdcdTdiYTFcdTc0MDZcdTU0NThcIixcInNlc3Npb25faWRcIjpcImViMzJhMWNhLTY0ZDctNDEwYi1hZDBjLWQ4MTMzNTRmM2M3OVwiLFwidXNlcl9pZFwiOjEsXCJ1c2VyX25hbWVcIjpcImFkbWluXCIsXCJpcGFkZHJcIjpcIjEyNy4wLjAuMVwiLFwibG9naW5fbG9jYXRpb25cIjpcIlx1NTE4NVx1N2Y1MUlQXCIsXCJvc1wiOlwiV2luZG93c1wiLFwiYnJvd3NlclwiOlwiRWRnZVwiLFwibG9naW5fdGltZVwiOlwiMjAyNi0wMy0xOCAxNDoyOToyOVwiLFwibG9naW5fdHlwZVwiOlwiUENcdTdhZWZcIn0iLCJpc19yZWZyZXNoIjp0cnVlLCJleHAiOjE3NzM4NDU5Njh9.Te0VhAlspFM4D72OO0Ycb9oWm5U4W5Qc7tPupcuM4kU\",\"token_type\":\"bearer\",\"expires_in\":1800},\"status_code\":200,\"success\":true}','0.40s',46,'21313f80-0fe4-4607-bb08-85aa32ae5fdb','0','登录','2026-03-18 14:29:29','2026-03-18 14:29:29',NULL,NULL),(1,'/api/v1/system/auth/login','POST','username: admin\npassword: 123456\ncaptcha: 24\ncaptcha_key: 43f95b7221e9487db59e0d8d83ff379e\nremember: true\nlogin_type: PC端','127.0.0.1','内网IP','Windows','Edge',200,'{\"code\":0,\"msg\":\"登录成功\",\"data\":{\"access_token\":\"eyJhbGciOiJIUzI1NiIsInR5cCI6IkpXVCJ9.eyJzdWIiOiJ7XCJuYW1lXCI6XCJcdThkODVcdTdlYTdcdTdiYTFcdTc0MDZcdTU0NThcIixcInNlc3Npb25faWRcIjpcImQ1NTRlMDI3LWZmYzAtNDIwZC1hZTcxLTdhNWEzNGRlNTI4MFwiLFwidXNlcl9pZFwiOjEsXCJ1c2VyX25hbWVcIjpcImFkbWluXCIsXCJpcGFkZHJcIjpcIjEyNy4wLjAuMVwiLFwibG9naW5fbG9jYXRpb25cIjpcIlx1NTE4NVx1N2Y1MUlQXCIsXCJvc1wiOlwiV2luZG93c1wiLFwiYnJvd3NlclwiOlwiRWRnZVwiLFwibG9naW5fdGltZVwiOlwiMjAyNi0wMy0xOCAxNjoxNDoxMlwiLFwibG9naW5fdHlwZVwiOlwiUENcdTdhZWZcIn0iLCJpc19yZWZyZXNoIjpmYWxzZSwiZXhwIjoxNzczODUyMjUyfQ._IfC9G_XB3xKSTWGICGsI2Oyw3Lmph9figxGNmxdyHs\",\"refresh_token\":\"eyJhbGciOiJIUzI1NiIsInR5cCI6IkpXVCJ9.eyJzdWIiOiJ7XCJuYW1lXCI6XCJcdThkODVcdTdlYTdcdTdiYTFcdTc0MDZcdTU0NThcIixcInNlc3Npb25faWRcIjpcImQ1NTRlMDI3LWZmYzAtNDIwZC1hZTcxLTdhNWEzNGRlNTI4MFwiLFwidXNlcl9pZFwiOjEsXCJ1c2VyX25hbWVcIjpcImFkbWluXCIsXCJpcGFkZHJcIjpcIjEyNy4wLjAuMVwiLFwibG9naW5fbG9jYXRpb25cIjpcIlx1NTE4NVx1N2Y1MUlQXCIsXCJvc1wiOlwiV2luZG93c1wiLFwiYnJvd3NlclwiOlwiRWRnZVwiLFwibG9naW5fdGltZVwiOlwiMjAyNi0wMy0xOCAxNjoxNDoxMlwiLFwibG9naW5fdHlwZVwiOlwiUENcdTdhZWZcIn0iLCJpc19yZWZyZXNoIjp0cnVlLCJleHAiOjE3NzM4NTIyNTJ9.0sDsR4_fYgQsSD1vMtUHv6YyJK4DwwWng8K82Q95mNc\",\"token_type\":\"bearer\",\"expires_in\":1800},\"status_code\":200,\"success\":true}','0.47s',47,'55e63015-4184-4629-826a-cb32a3b1d98c','0','登录','2026-03-18 16:14:13','2026-03-18 16:14:13',NULL,NULL),(1,'/api/v1/system/auth/login','POST','username: admin\npassword: 123456\ncaptcha: 6\ncaptcha_key: 9573a356e3684b39a3bad68340f38b4c\nremember: true\nlogin_type: PC端','127.0.0.1','内网IP','Windows','Edge',200,'{\"code\":0,\"msg\":\"登录成功\",\"data\":{\"access_token\":\"eyJhbGciOiJIUzI1NiIsInR5cCI6IkpXVCJ9.eyJzdWIiOiJ7XCJuYW1lXCI6XCJcdThkODVcdTdlYTdcdTdiYTFcdTc0MDZcdTU0NThcIixcInNlc3Npb25faWRcIjpcIjA1YjVjZjE2LTI4ZTYtNDI4Yi04NjViLTQ4MmQxOTA4OTcxZVwiLFwidXNlcl9pZFwiOjEsXCJ1c2VyX25hbWVcIjpcImFkbWluXCIsXCJpcGFkZHJcIjpcIjEyNy4wLjAuMVwiLFwibG9naW5fbG9jYXRpb25cIjpcIlx1NTE4NVx1N2Y1MUlQXCIsXCJvc1wiOlwiV2luZG93c1wiLFwiYnJvd3NlclwiOlwiRWRnZVwiLFwibG9naW5fdGltZVwiOlwiMjAyNi0wMy0xOSAxMzoyOTo1MVwiLFwibG9naW5fdHlwZVwiOlwiUENcdTdhZWZcIn0iLCJpc19yZWZyZXNoIjpmYWxzZSwiZXhwIjoxNzczOTI4NzkxfQ._z6zqyDWajd1cgbCS3yZopQJ1Bc7mJWzRrwYLBcU9H4\",\"refresh_token\":\"eyJhbGciOiJIUzI1NiIsInR5cCI6IkpXVCJ9.eyJzdWIiOiJ7XCJuYW1lXCI6XCJcdThkODVcdTdlYTdcdTdiYTFcdTc0MDZcdTU0NThcIixcInNlc3Npb25faWRcIjpcIjA1YjVjZjE2LTI4ZTYtNDI4Yi04NjViLTQ4MmQxOTA4OTcxZVwiLFwidXNlcl9pZFwiOjEsXCJ1c2VyX25hbWVcIjpcImFkbWluXCIsXCJpcGFkZHJcIjpcIjEyNy4wLjAuMVwiLFwibG9naW5fbG9jYXRpb25cIjpcIlx1NTE4NVx1N2Y1MUlQXCIsXCJvc1wiOlwiV2luZG93c1wiLFwiYnJvd3NlclwiOlwiRWRnZVwiLFwibG9naW5fdGltZVwiOlwiMjAyNi0wMy0xOSAxMzoyOTo1MVwiLFwibG9naW5fdHlwZVwiOlwiUENcdTdhZWZcIn0iLCJpc19yZWZyZXNoIjp0cnVlLCJleHAiOjE3NzM5Mjg3OTF9.fle5zRKHx42cg0Jb2odNUqa2KlmQzCq2B4RKiDBBTl4\",\"token_type\":\"bearer\",\"expires_in\":1800},\"status_code\":200,\"success\":true}','0.32s',48,'badf67d3-9c58-49b3-8969-bf53362fa2ff','0','登录','2026-03-19 13:29:51','2026-03-19 13:29:51',NULL,NULL),(1,'/api/v1/system/auth/login','POST','username: admin\npassword: 123456\ncaptcha: 9\ncaptcha_key: dcc3e51adc2b4202bc045cce5a5ef066\nremember: true\nlogin_type: PC端','127.0.0.1','内网IP','Windows','Edge',200,'{\"code\":0,\"msg\":\"登录成功\",\"data\":{\"access_token\":\"eyJhbGciOiJIUzI1NiIsInR5cCI6IkpXVCJ9.eyJzdWIiOiJ7XCJuYW1lXCI6XCJcdThkODVcdTdlYTdcdTdiYTFcdTc0MDZcdTU0NThcIixcInNlc3Npb25faWRcIjpcIjI5OGRiZDJhLWY1YTEtNDBiNS05NzkzLTkzNTQ4ODgwMmY4OVwiLFwidXNlcl9pZFwiOjEsXCJ1c2VyX25hbWVcIjpcImFkbWluXCIsXCJpcGFkZHJcIjpcIjEyNy4wLjAuMVwiLFwibG9naW5fbG9jYXRpb25cIjpcIlx1NTE4NVx1N2Y1MUlQXCIsXCJvc1wiOlwiV2luZG93c1wiLFwiYnJvd3NlclwiOlwiRWRnZVwiLFwibG9naW5fdGltZVwiOlwiMjAyNi0wMy0xOSAxNjowOTo0MlwiLFwibG9naW5fdHlwZVwiOlwiUENcdTdhZWZcIn0iLCJpc19yZWZyZXNoIjpmYWxzZSwiZXhwIjoxNzczOTM4MzgxfQ.Xm6armtqwH_MKrUExOESX-Cc-fH8Z0yUBMoILD28DnA\",\"refresh_token\":\"eyJhbGciOiJIUzI1NiIsInR5cCI6IkpXVCJ9.eyJzdWIiOiJ7XCJuYW1lXCI6XCJcdThkODVcdTdlYTdcdTdiYTFcdTc0MDZcdTU0NThcIixcInNlc3Npb25faWRcIjpcIjI5OGRiZDJhLWY1YTEtNDBiNS05NzkzLTkzNTQ4ODgwMmY4OVwiLFwidXNlcl9pZFwiOjEsXCJ1c2VyX25hbWVcIjpcImFkbWluXCIsXCJpcGFkZHJcIjpcIjEyNy4wLjAuMVwiLFwibG9naW5fbG9jYXRpb25cIjpcIlx1NTE4NVx1N2Y1MUlQXCIsXCJvc1wiOlwiV2luZG93c1wiLFwiYnJvd3NlclwiOlwiRWRnZVwiLFwibG9naW5fdGltZVwiOlwiMjAyNi0wMy0xOSAxNjowOTo0MlwiLFwibG9naW5fdHlwZVwiOlwiUENcdTdhZWZcIn0iLCJpc19yZWZyZXNoIjp0cnVlLCJleHAiOjE3NzM5MzgzODF9.T9hSpasgRCikrWCWSKZJHi91zCXg3dykEH6n2smnK38\",\"token_type\":\"bearer\",\"expires_in\":1800},\"status_code\":200,\"success\":true}','0.32s',49,'16ba4d65-184f-41ce-8009-8b94e2836dee','0','登录','2026-03-19 16:09:42','2026-03-19 16:09:42',NULL,NULL),(1,'/api/v1/system/auth/login','POST','username: admin\npassword: 123456\ncaptcha: 8\ncaptcha_key: cd7d46b3cd6847778c2d36f660ba56b6\nremember: true\nlogin_type: PC端','127.0.0.1','内网IP','Windows','Edge',200,'{\"code\":0,\"msg\":\"登录成功\",\"data\":{\"access_token\":\"eyJhbGciOiJIUzI1NiIsInR5cCI6IkpXVCJ9.eyJzdWIiOiJ7XCJuYW1lXCI6XCJcdThkODVcdTdlYTdcdTdiYTFcdTc0MDZcdTU0NThcIixcInNlc3Npb25faWRcIjpcIjFjNzQ0YWEyLWU5ZGQtNGZiYS04NTRiLTJkYWFiMTgwMjA2NFwiLFwidXNlcl9pZFwiOjEsXCJ1c2VyX25hbWVcIjpcImFkbWluXCIsXCJpcGFkZHJcIjpcIjEyNy4wLjAuMVwiLFwibG9naW5fbG9jYXRpb25cIjpcIlx1NTE4NVx1N2Y1MUlQXCIsXCJvc1wiOlwiV2luZG93c1wiLFwiYnJvd3NlclwiOlwiRWRnZVwiLFwibG9naW5fdGltZVwiOlwiMjAyNi0wMy0yMCAwODo0MzozMlwiLFwibG9naW5fdHlwZVwiOlwiUENcdTdhZWZcIn0iLCJpc19yZWZyZXNoIjpmYWxzZSwiZXhwIjoxNzczOTk4MDEyfQ.0BYE-DMlLFcX7bonC8XiYIjierFtL28A9zE6oydJaO0\",\"refresh_token\":\"eyJhbGciOiJIUzI1NiIsInR5cCI6IkpXVCJ9.eyJzdWIiOiJ7XCJuYW1lXCI6XCJcdThkODVcdTdlYTdcdTdiYTFcdTc0MDZcdTU0NThcIixcInNlc3Npb25faWRcIjpcIjFjNzQ0YWEyLWU5ZGQtNGZiYS04NTRiLTJkYWFiMTgwMjA2NFwiLFwidXNlcl9pZFwiOjEsXCJ1c2VyX25hbWVcIjpcImFkbWluXCIsXCJpcGFkZHJcIjpcIjEyNy4wLjAuMVwiLFwibG9naW5fbG9jYXRpb25cIjpcIlx1NTE4NVx1N2Y1MUlQXCIsXCJvc1wiOlwiV2luZG93c1wiLFwiYnJvd3NlclwiOlwiRWRnZVwiLFwibG9naW5fdGltZVwiOlwiMjAyNi0wMy0yMCAwODo0MzozMlwiLFwibG9naW5fdHlwZVwiOlwiUENcdTdhZWZcIn0iLCJpc19yZWZyZXNoIjp0cnVlLCJleHAiOjE3NzM5OTgwMTJ9.2XxyRLdODzU0fT6Wa7pl_rGDPqBdQasA1pbvT_9l22M\",\"token_type\":\"bearer\",\"expires_in\":1800},\"status_code\":200,\"success\":true}','0.35s',50,'cb1c448d-9f23-4fea-bad6-3d53d788fc15','0','登录','2026-03-20 08:43:32','2026-03-20 08:43:32',NULL,NULL),(1,'/api/v1/system/auth/login','POST','username: admin\npassword: 123456\ncaptcha: 15\ncaptcha_key: 6f2eca6d7ebc4b47b1fef727027b90ad\nremember: true\nlogin_type: PC端','127.0.0.1','内网IP','Windows','Edge',200,'{\"code\":0,\"msg\":\"登录成功\",\"data\":{\"access_token\":\"eyJhbGciOiJIUzI1NiIsInR5cCI6IkpXVCJ9.eyJzdWIiOiJ7XCJuYW1lXCI6XCJcdThkODVcdTdlYTdcdTdiYTFcdTc0MDZcdTU0NThcIixcInNlc3Npb25faWRcIjpcIjA4ZGFmMWZhLWY5YjItNDBlYi05ZDU5LTQ2YTVlOGM3MTdlOFwiLFwidXNlcl9pZFwiOjEsXCJ1c2VyX25hbWVcIjpcImFkbWluXCIsXCJpcGFkZHJcIjpcIjEyNy4wLjAuMVwiLFwibG9naW5fbG9jYXRpb25cIjpcIlx1NTE4NVx1N2Y1MUlQXCIsXCJvc1wiOlwiV2luZG93c1wiLFwiYnJvd3NlclwiOlwiRWRnZVwiLFwibG9naW5fdGltZVwiOlwiMjAyNi0wMy0yMCAxMDo1MToxMlwiLFwibG9naW5fdHlwZVwiOlwiUENcdTdhZWZcIn0iLCJpc19yZWZyZXNoIjpmYWxzZSwiZXhwIjoxNzc0MDA1NjcxfQ._EgUmOwzinhU6QcP_BWk-8DKlN2j9AaJ2LQeUwQKRhE\",\"refresh_token\":\"eyJhbGciOiJIUzI1NiIsInR5cCI6IkpXVCJ9.eyJzdWIiOiJ7XCJuYW1lXCI6XCJcdThkODVcdTdlYTdcdTdiYTFcdTc0MDZcdTU0NThcIixcInNlc3Npb25faWRcIjpcIjA4ZGFmMWZhLWY5YjItNDBlYi05ZDU5LTQ2YTVlOGM3MTdlOFwiLFwidXNlcl9pZFwiOjEsXCJ1c2VyX25hbWVcIjpcImFkbWluXCIsXCJpcGFkZHJcIjpcIjEyNy4wLjAuMVwiLFwibG9naW5fbG9jYXRpb25cIjpcIlx1NTE4NVx1N2Y1MUlQXCIsXCJvc1wiOlwiV2luZG93c1wiLFwiYnJvd3NlclwiOlwiRWRnZVwiLFwibG9naW5fdGltZVwiOlwiMjAyNi0wMy0yMCAxMDo1MToxMlwiLFwibG9naW5fdHlwZVwiOlwiUENcdTdhZWZcIn0iLCJpc19yZWZyZXNoIjp0cnVlLCJleHAiOjE3NzQwMDU2NzF9.RKn18oeD03bxHR6JuFWZKNE_1cGGUswn6gfdvJeNThM\",\"token_type\":\"bearer\",\"expires_in\":1800},\"status_code\":200,\"success\":true}','0.33s',51,'0b78c99b-1a39-4582-8a73-1ad09d1cdfd8','0','登录','2026-03-20 10:51:12','2026-03-20 10:51:12',NULL,NULL),(2,'/api/v1/generator/gencode/update/3','PUT','请求参数过长','127.0.0.1','内网IP','Windows','Edge',200,'{\"code\":0,\"msg\":\"编辑业务表信息成功\",\"data\":{\"id\":3,\"uuid\":\"d3383e8d-98b2-401c-9315-dd7f186095f5\",\"status\":\"0\",\"description\":null,\"created_time\":\"2026-03-18 10:41:35\",\"updated_time\":\"2026-03-18 10:42:09\",\"table_name\":\"data_bom\",\"table_comment\":\"BOM清单\",\"class_name\":\"DataBom\",\"package_name\":\"gencode\",\"module_name\":\"module_data\",\"business_name\":\"bom\",\"function_name\":\"BOM清单\",\"sub_table_name\":null,\"sub_table_fk_name\":null,\"parent_menu_id\":158,\"columns\":[{\"id\":7,\"uuid\":\"6f18307e-e146-41a9-9fd1-541d9d2399a0\",\"status\":\"0\",\"description\":null,\"created_time\":\"2026-03-18 10:41:35\",\"updated_time\":\"2026-03-18 10:41:35\",\"table_id\":3,\"column_name\":\"id\",\"column_comment\":\"主键ID\",\"column_type\":\"INTEGER\",\"column_length\":\"\",\"column_default\":\"\",\"is_pk\":true,\"is_increment\":true,\"is_nullable\":false,\"is_unique\":false,\"python_type\":\"int\",\"python_field\":\"id\",\"is_insert\":true,\"is_edit\":false,\"is_list\":false,\"is_query\":false,\"query_type\":null,\"html_type\":\"input\",\"dict_type\":\"\",\"sort\":1,\"super_column\":\"0\"},{\"id\":8,\"uuid\":\"0c47cfd1-a931-4ce5-a0d6-c0220ec934c3\",\"status\":\"0\",\"description\":null,\"created_time\":\"2026-03-18 10:41:35\",\"updated_time\":\"2026-03-18 10:41:35\",\"table_id\":3,\"column_name\":\"parent_code\",\"column_comment\":\"父代号（关联data_project.code）\",\"column_type\":\"VARCHAR(64) COLLATE \\\"utf8mb4_unicode_ci\\\"\",\"column_length\":\"64\",\"column_default\":\"\",\"is_pk\":false,\"is_increment\":false,\"is_nullable\":false,\"is_unique\":false,\"python_type\":\"str\",\"python_field\":\"parentCode\",\"is_insert\":true,\"is_edit\":true,\"is_list\":true,\"is_query\":true,\"query_type\":\"EQ\",\"html_type\":\"input\",\"dict_type\":\"\",\"sort\":2,\"super_column\":\"0\"},{\"id\":9,\"uuid\":\"cca83eac-3c55-47e8-ba63-787274110d94\",\"status\":\"0\",\"description\":null,\"created_time\":\"2026-03-18 10:41:35\",\"updated_time\":\"2026-03-18 10:41:35\",\"table_id\":3,\"column_name\":\"code\",\"column_comment\":\"代号\",\"column_type\":\"VARCHAR(64) COLLATE \\\"utf8mb4_unicode_ci\\\"\",\"column_length\":\"64\",\"column_default\":\"\",\"is_pk\":false,\"is_increment\":false,\"is_nullable\":true,\"is_unique\":false,\"python_type\":\"str\",\"python_field\":\"code\",\"is_insert\":true,\"is_edit\":true,\"is_list\":true,\"is_query\":true,\"query_type\":\"EQ\",\"html_type\":\"input\",\"dict_type\":\"\",\"sort\":3,\"super_column\":\"0\"},{\"id\":10,\"uuid\":\"0a23e3c2-338a-4ae2-834f-75e42f848c5c\",\"status\":\"0\",\"description\":null,\"created_time\":\"2026-03-18 10:41:35\",\"updated_time\":\"2026-03-18 10:49:59\",\"table_id\":3,\"column_name\":\"spec\",\"column_comment\":\"名称\",\"column_type\":\"VARCHAR(255) COLLATE \\\"utf8mb4_unicode_ci\\\"\",\"column_length\":\"255\",\"column_default\":\"\",\"is_pk\":false,\"is_increment\":false,\"is_nullable\":false,\"is_unique\":false,\"python_type\":\"str\",\"python_field\":\"spec\",\"is_insert\":true,\"is_edit\":true,\"is_list\":true,\"is_query\":true,\"query_type\":\"LIKE\",\"html_type\":\"input\",\"dict_type\":\"\",\"sort\":4,\"super_column\":\"0\"},{\"id\":11,\"uuid\":\"618c79bf-31ee-447d-a2c1-de0976d0869a\",\"status\":\"0\",\"description\":null,\"created_time\":\"2026-03-18 10:41:35\",\"updated_time\":\"2026-03-18 10:41:35\",\"table_id\":3,\"column_name\":\"count\",\"column_comment\":\"数量\",\"column_type\":\"INTEGER\",\"column_length\":\"\",\"column_default\":\"\",\"is_pk\":false,\"is_increment\":false,\"is_nullable\":false,\"is_unique\":false,\"python_type\":\"int\",\"python_field\":\"count\",\"is_insert\":true,\"is_edit\":true,\"is_list\":true,\"is_query\":true,\"query_type\":\"EQ\",\"html_type\":\"input\",\"dict_type\":\"\",\"sort\":5,\"super_column\":\"0\"},{\"id\":12,\"uuid\":\"4237d1bb-0b2b-4df7-975c-c513b0050faf\",\"status\":\"0\",\"description\":null,\"created_time\":\"2026-03-18 10:41:35\",\"updated_time\":\"2026-03-18 10:49:59\",\"table_id\":3,\"column_name\":\"material\",\"column_comment\":\"材质\",\"column_type\":\"VARCHAR(255) COLLATE \\\"utf8mb4_unicode_ci\\\"\",\"column_length\":\"255\",\"column_default\":\"\",\"is_pk\":false,\"is_increment\":false,\"is_nullable\":true,\"is_unique\":false,\"python_type\":\"str\",\"python_field\":\"material\",\"is_insert\":true,\"is_edit\":true,\"is_list\":true,\"is_query\":true,\"query_type\":\"LIKE\",\"html_type\":\"input\",\"dict_type\":\"\",\"sort\":6,\"super_column\":\"0\"},{\"id\":13,\"uuid\":\"e7214e26-deac-42df-9fb7-0b43fb60c2ac\",\"status\":\"0\",\"description\":null,\"created_time\":\"2026-03-18 10:41:35\",\"updated_time\":\"2026-03-18 10:41:35\",\"table_id\":3,\"column_name\":\"unit_mass\",\"column_comment\":\"单重\",\"column_type\":\"FLOAT\",\"column_length\":\"\",\"column_default\":\"\",\"is_pk\":false,\"is_increment\":false,\"is_nullable\":true,\"is_unique\":false,\"python_type\":\"float\",\"python_field\":\"unitMass\",\"is_insert\":true,\"is_edit\":true,\"is_list\":true,\"is_query\":true,\"query_type\":\"EQ\",\"html_type\":\"input\",\"dict_type\":\"\",\"sort\":7,\"super_column\":\"0\"},{\"id\":14,\"uuid\":\"59f969e9-6f5e-4700-bf27-896653ad1ec9\",\"status\":\"0\",\"description\":null,\"created_time\":\"2026-03-18 10:41:35\",\"updated_time\":\"2026-03-18 10:41:35\",\"table_id\":3,\"column_name\":\"total_mass\",\"column_comment\":\"总重\",\"column_type\":\"FLOAT\",\"column_length\":\"\",\"column_default\":\"\",\"is_pk\":false,\"is_increment\":false,\"is_nullable\":true,\"is_unique\":false,\"python_type\":\"float\",\"python_field\":\"totalMass\",\"is_insert\":true,\"is_edit\":true,\"is_list\":true,\"is_query\":true,\"query_type\":\"EQ\",\"html_type\":\"input\",\"dict_type\":\"\",\"sort\":8,\"super_column\":\"0\"},{\"id\":15,\"uuid\":\"f696ac50-f28c-4a0a-858d-043b9e72cc08\",\"status\":\"0\",\"description\":null,\"created_time\":\"2026-03-18 10:41:35\",\"updated_time\":\"2026-03-18 10:49:59\",\"table_id\":3,\"column_name\":\"remark\",\"column_comment\":\"备注\",\"column_type\":\"VARCHAR(500) COLLATE \\\"utf8mb4_unicode_ci\\\"\",\"column_length\":\"500\",\"column_default\":\"\",\"is_pk\":false,\"is_increment\":false,\"is_nullable\":true,\"is_unique\":false,\"python_type\":\"str\",\"python_field\":\"remark\",\"is_insert\":true,\"is_edit\":true,\"is_list\":true,\"is_query\":true,\"query_type\":\"LIKE\",\"html_type\":\"input\",\"dict_type\":\"\",\"sort\":9,\"super_column\":\"0\"},{\"id\":16,\"uuid\":\"949ffdea-889d-43cb-99d5-4131502d4717\",\"status\":\"0\",\"description\":null,\"created_time\":\"2026-03-18 10:41:35\",\"updated_time\":\"2026-03-18 10:41:35\",\"table_id\":3,\"column_name\":\"uuid\",\"column_comment\":\"UUID全局唯一标识\",\"column_type\":\"VARCHAR(64) COLLATE \\\"utf8mb4_unicode_ci\\\"\",\"column_length\":\"64\",\"column_default\":\"(uuid())\",\"is_pk\":false,\"is_increment\":false,\"is_nullable\":false,\"is_unique\":false,\"python_type\":\"str\",\"python_field\":\"uuid\",\"is_insert\":true,\"is_edit\":false,\"is_list\":false,\"is_query\":false,\"query_type\":null,\"html_type\":\"input\",\"dict_type\":\"\",\"sort\":10,\"super_column\":\"0\"},{\"id\":17,\"uuid\":\"cc1851c7-7568-4b3f-a4db-9f40db995c77\",\"status\":\"0\",\"description\":null,\"created_time\":\"2026-03-18 10:41:35\",\"updated_time\":\"2026-03-18 10:49:59\",\"table_id\":3,\"column_name\":\"status\",\"column_comment\":\"是否启用(0:启用 1:禁用)\",\"column_type\":\"VARCHAR(10) COLLATE \\\"utf8mb4_unicode_ci\\\"\",\"column_length\":\"10\",\"column_default\":\"\'0\'\",\"is_pk\":false,\"is_increment\":false,\"is_nullable\":false,\"is_unique\":false,\"python_type\":\"str\",\"python_field\":\"status\",\"is_insert\":true,\"is_edit\":true,\"is_list\":true,\"is_query\":true,\"query_type\":\"EQ\",\"html_type\":\"radio\",\"dict_type\":\"\",\"sort\":11,\"super_column\":\"0\"},{\"id\":18,\"uuid\":\"ea5422a9-b365-40f2-a59a-c0cc8ddfec34\",\"status\":\"0\",\"description\":null,\"created_time\":\"2026-03-18 10:41:35\",\"updated_time\":\"2026-03-18 10:41:35\",\"table_id\":3,\"column_name\":\"description\",\"column_comment\":\"备注/描述\",\"column_type\":\"TEXT COLLATE \\\"utf8mb4_unicode_ci\\\"\",\"column_length\":\"\",\"column_default\":\"\",\"is_pk\":false,\"is_increment\":false,\"is_nullable\":true,\"is_unique\":false,\"python_type\":\"str\",\"python_field\":\"description\",\"is_insert\":true,\"is_edit\":true,\"is_list\":true,\"is_query\":false,\"query_type\":null,\"html_type\":\"input\",\"dict_type\":\"\",\"sort\":12,\"super_column\":\"0\"},{\"id\":19,\"uuid\":\"85bb6f41-3ef6-49b5-967b-08a6185eeab9\",\"status\":\"0\",\"description\":null,\"created_time\":\"2026-03-18 10:41:35\",\"updated_time\":\"2026-03-18 10:41:35\",\"table_id\":3,\"column_name\":\"created_time\",\"column_comment\":\"创建时间\",\"column_type\":\"DATETIME\",\"column_length\":\"\",\"column_default\":\"CURRENT_TIMESTAMP\",\"is_pk\":false,\"is_increment\":false,\"is_nullable\":false,\"is_unique\":false,\"python_type\":\"datetime\",\"python_field\":\"createdTime\",\"is_insert\":true,\"is_edit\":false,\"is_list\":true,\"is_query\":true,\"query_type\":\"EQ\",\"html_type\":\"input\",\"dict_type\":\"\",\"sort\":13,\"super_column\":\"0\"},{\"id\":20,\"uuid\":\"46629006-7095-4b72-ad5b-b7d468460580\",\"status\":\"0\",\"description\":null,\"created_time\":\"2026-03-18 10:41:35\",\"updated_time\":\"2026-03-18 10:41:35\",\"table_id\":3,\"column_name\":\"updated_time\",\"column_comment\":\"更新时间\",\"column_type\":\"DATETIME\",\"column_length\":\"\",\"column_default\":\"CURRENT_TIMESTAMP ON UPDATE CURRENT_TIMESTAMP\",\"is_pk\":false,\"is_increment\":false,\"is_nullable\":false,\"is_unique\":false,\"python_type\":\"datetime\",\"python_field\":\"updatedTime\",\"is_insert\":true,\"is_edit\":false,\"is_list\":true,\"is_query\":true,\"query_type\":\"EQ\",\"html_type\":\"input\",\"dict_type\":\"\",\"sort\":14,\"super_column\":\"0\"},{\"id\":21,\"uuid\":\"c537fd0f-9737-46f4-bac4-31ec2adb7efb\",\"status\":\"0\",\"description\":null,\"created_time\":\"2026-03-18 10:41:35\",\"updated_time\":\"2026-03-18 10:41:35\",\"table_id\":3,\"column_name\":\"created_id\",\"column_comment\":\"创建人ID\",\"column_type\":\"INTEGER\",\"column_length\":\"\",\"column_default\":\"\",\"is_pk\":false,\"is_increment\":false,\"is_nullable\":true,\"is_unique\":false,\"python_type\":\"int\",\"python_field\":\"createdId\",\"is_insert\":true,\"is_edit\":true,\"is_list\":true,\"is_query\":true,\"query_type\":\"EQ\",\"html_type\":\"input\",\"dict_type\":\"\",\"sort\":15,\"super_column\":\"0\"},{\"id\":22,\"uuid\":\"f86b9a4a-0a5f-4fec-ae41-a4090e0c58d2\",\"status\":\"0\",\"description\":null,\"created_time\":\"2026-03-18 10:41:35\",\"updated_time\":\"2026-03-18 10:41:35\",\"table_id\":3,\"column_name\":\"updated_id\",\"column_comment\":\"更新人ID\",\"column_type\":\"INTEGER\",\"column_length\":\"\",\"column_default\":\"\",\"is_pk\":false,\"is_increment\":false,\"is_nullable\":true,\"is_unique\":false,\"python_type\":\"int\",\"python_field\":\"updatedId\",\"is_insert\":true,\"is_edit\":true,\"is_list\":true,\"is_query\":true,\"query_type\":\"EQ\",\"html_type\":\"input\",\"dict_type\":\"\",\"sort\":16,\"super_column\":\"0\"}],\"pk_column\":null,\"sub_table\":null,\"sub\":null},\"status_code\":200,\"success\":true}','0.90s',52,'a9ebc7a5-3570-4e3a-9b9c-ed6573971ab0','0','编辑业务表信息','2026-03-20 10:56:02','2026-03-20 10:56:02',1,1),(1,'/api/v1/system/auth/login','POST','username: admin\npassword: 123456\ncaptcha: 7\ncaptcha_key: 409b56d2ad1d47fe9a5ee168d6e281c9\nremember: true\nlogin_type: PC端','127.0.0.1','内网IP','Windows','Edge',200,'{\"code\":0,\"msg\":\"登录成功\",\"data\":{\"access_token\":\"eyJhbGciOiJIUzI1NiIsInR5cCI6IkpXVCJ9.eyJzdWIiOiJ7XCJuYW1lXCI6XCJcdThkODVcdTdlYTdcdTdiYTFcdTc0MDZcdTU0NThcIixcInNlc3Npb25faWRcIjpcImM0YTJlMzc3LTNhMzMtNDM3Yi1hODY0LTM0NGNlZTk5ODlhYVwiLFwidXNlcl9pZFwiOjEsXCJ1c2VyX25hbWVcIjpcImFkbWluXCIsXCJpcGFkZHJcIjpcIjEyNy4wLjAuMVwiLFwibG9naW5fbG9jYXRpb25cIjpcIlx1NTE4NVx1N2Y1MUlQXCIsXCJvc1wiOlwiV2luZG93c1wiLFwiYnJvd3NlclwiOlwiRWRnZVwiLFwibG9naW5fdGltZVwiOlwiMjAyNi0wMy0yMCAxMzoyMjowOVwiLFwibG9naW5fdHlwZVwiOlwiUENcdTdhZWZcIn0iLCJpc19yZWZyZXNoIjpmYWxzZSwiZXhwIjoxNzc0MDE0NzI5fQ.8gmA0qrHwyaZjVKV62uZyXAo3PccEQAaWJKoP7Ms8bM\",\"refresh_token\":\"eyJhbGciOiJIUzI1NiIsInR5cCI6IkpXVCJ9.eyJzdWIiOiJ7XCJuYW1lXCI6XCJcdThkODVcdTdlYTdcdTdiYTFcdTc0MDZcdTU0NThcIixcInNlc3Npb25faWRcIjpcImM0YTJlMzc3LTNhMzMtNDM3Yi1hODY0LTM0NGNlZTk5ODlhYVwiLFwidXNlcl9pZFwiOjEsXCJ1c2VyX25hbWVcIjpcImFkbWluXCIsXCJpcGFkZHJcIjpcIjEyNy4wLjAuMVwiLFwibG9naW5fbG9jYXRpb25cIjpcIlx1NTE4NVx1N2Y1MUlQXCIsXCJvc1wiOlwiV2luZG93c1wiLFwiYnJvd3NlclwiOlwiRWRnZVwiLFwibG9naW5fdGltZVwiOlwiMjAyNi0wMy0yMCAxMzoyMjowOVwiLFwibG9naW5fdHlwZVwiOlwiUENcdTdhZWZcIn0iLCJpc19yZWZyZXNoIjp0cnVlLCJleHAiOjE3NzQwMTQ3Mjl9.HUaLOZxSIVa_JxeKDx6-eLu4RQhmiHzIr9sq7k2C27U\",\"token_type\":\"bearer\",\"expires_in\":1800},\"status_code\":200,\"success\":true}','0.32s',53,'18659a0b-e723-42dd-8d8f-151b70dc7f11','0','登录','2026-03-20 13:22:09','2026-03-20 13:22:09',NULL,NULL),(1,'/api/v1/system/auth/login','POST','username: admin\npassword: 123456\ncaptcha: 20\ncaptcha_key: 4835105250104482b20ca77f456d1a09\nremember: true\nlogin_type: PC端','127.0.0.1','内网IP','Windows','Edge',200,'{\"code\":0,\"msg\":\"登录成功\",\"data\":{\"access_token\":\"eyJhbGciOiJIUzI1NiIsInR5cCI6IkpXVCJ9.eyJzdWIiOiJ7XCJuYW1lXCI6XCJcdThkODVcdTdlYTdcdTdiYTFcdTc0MDZcdTU0NThcIixcInNlc3Npb25faWRcIjpcIjUxMzQyMzdjLTQxYzMtNDc5ZC1iY2E1LWZlYjZjMjExZjcwZVwiLFwidXNlcl9pZFwiOjEsXCJ1c2VyX25hbWVcIjpcImFkbWluXCIsXCJpcGFkZHJcIjpcIjEyNy4wLjAuMVwiLFwibG9naW5fbG9jYXRpb25cIjpcIlx1NTE4NVx1N2Y1MUlQXCIsXCJvc1wiOlwiV2luZG93c1wiLFwiYnJvd3NlclwiOlwiRWRnZVwiLFwibG9naW5fdGltZVwiOlwiMjAyNi0wMy0yMCAxNTozODowMlwiLFwibG9naW5fdHlwZVwiOlwiUENcdTdhZWZcIn0iLCJpc19yZWZyZXNoIjpmYWxzZSwiZXhwIjoxNzc0MDIyODgyfQ.A8fcoNYGV2o-F79H3E94X2ThAPDBUeOeP-LG5TRo76M\",\"refresh_token\":\"eyJhbGciOiJIUzI1NiIsInR5cCI6IkpXVCJ9.eyJzdWIiOiJ7XCJuYW1lXCI6XCJcdThkODVcdTdlYTdcdTdiYTFcdTc0MDZcdTU0NThcIixcInNlc3Npb25faWRcIjpcIjUxMzQyMzdjLTQxYzMtNDc5ZC1iY2E1LWZlYjZjMjExZjcwZVwiLFwidXNlcl9pZFwiOjEsXCJ1c2VyX25hbWVcIjpcImFkbWluXCIsXCJpcGFkZHJcIjpcIjEyNy4wLjAuMVwiLFwibG9naW5fbG9jYXRpb25cIjpcIlx1NTE4NVx1N2Y1MUlQXCIsXCJvc1wiOlwiV2luZG93c1wiLFwiYnJvd3NlclwiOlwiRWRnZVwiLFwibG9naW5fdGltZVwiOlwiMjAyNi0wMy0yMCAxNTozODowMlwiLFwibG9naW5fdHlwZVwiOlwiUENcdTdhZWZcIn0iLCJpc19yZWZyZXNoIjp0cnVlLCJleHAiOjE3NzQwMjI4ODJ9.sR_3J-bN2zPyY5-EtjRgGoawXST9-P-825uMo1vdT80\",\"token_type\":\"bearer\",\"expires_in\":1800},\"status_code\":200,\"success\":true}','0.33s',54,'a2cf3e27-070a-4f77-b919-78ff5479a26c','0','登录','2026-03-20 15:38:03','2026-03-20 15:38:03',NULL,NULL),(1,'/api/v1/system/auth/login','POST','username: admin\npassword: 123456\ncaptcha: 8\ncaptcha_key: 294ba997c6024a27ac229c366cc664d8\nremember: true\nlogin_type: PC端','127.0.0.1','内网IP','Windows','Edge',200,'{\"code\":0,\"msg\":\"登录成功\",\"data\":{\"access_token\":\"eyJhbGciOiJIUzI1NiIsInR5cCI6IkpXVCJ9.eyJzdWIiOiJ7XCJuYW1lXCI6XCJcdThkODVcdTdlYTdcdTdiYTFcdTc0MDZcdTU0NThcIixcInNlc3Npb25faWRcIjpcIjQ5OTllMTE5LTVjMjAtNDIzNS1iNTM2LTljNzBlMjk0YzM0OVwiLFwidXNlcl9pZFwiOjEsXCJ1c2VyX25hbWVcIjpcImFkbWluXCIsXCJpcGFkZHJcIjpcIjEyNy4wLjAuMVwiLFwibG9naW5fbG9jYXRpb25cIjpcIlx1NTE4NVx1N2Y1MUlQXCIsXCJvc1wiOlwiV2luZG93c1wiLFwiYnJvd3NlclwiOlwiRWRnZVwiLFwibG9naW5fdGltZVwiOlwiMjAyNi0wMy0yMSAwODowNTozM1wiLFwibG9naW5fdHlwZVwiOlwiUENcdTdhZWZcIn0iLCJpc19yZWZyZXNoIjpmYWxzZSwiZXhwIjoxNzc0MDgyMTMyfQ.xbkdUB8mpEEJxBLMvg5vgxSS5Q7KsGguoL69y0Kp7Dk\",\"refresh_token\":\"eyJhbGciOiJIUzI1NiIsInR5cCI6IkpXVCJ9.eyJzdWIiOiJ7XCJuYW1lXCI6XCJcdThkODVcdTdlYTdcdTdiYTFcdTc0MDZcdTU0NThcIixcInNlc3Npb25faWRcIjpcIjQ5OTllMTE5LTVjMjAtNDIzNS1iNTM2LTljNzBlMjk0YzM0OVwiLFwidXNlcl9pZFwiOjEsXCJ1c2VyX25hbWVcIjpcImFkbWluXCIsXCJpcGFkZHJcIjpcIjEyNy4wLjAuMVwiLFwibG9naW5fbG9jYXRpb25cIjpcIlx1NTE4NVx1N2Y1MUlQXCIsXCJvc1wiOlwiV2luZG93c1wiLFwiYnJvd3NlclwiOlwiRWRnZVwiLFwibG9naW5fdGltZVwiOlwiMjAyNi0wMy0yMSAwODowNTozM1wiLFwibG9naW5fdHlwZVwiOlwiUENcdTdhZWZcIn0iLCJpc19yZWZyZXNoIjp0cnVlLCJleHAiOjE3NzQwODIxMzJ9.wcXk4wiynltswsw8mBfxoXatrYfnamIsviO61g_cCdk\",\"token_type\":\"bearer\",\"expires_in\":1800},\"status_code\":200,\"success\":true}','0.34s',55,'f28a4a93-7ddd-4655-ba52-de1956a3dfe1','0','登录','2026-03-21 08:05:33','2026-03-21 08:05:33',NULL,NULL),(2,'/api/v1/system/menu/create','POST','{\"body\": {\"name\": \"生产管理\", \"type\": 1, \"icon\": \"el-icon-Menu\", \"order\": 20, \"permission\": \"\", \"route_name\": \"Produce\", \"route_path\": \"/produce\", \"component_path\": \"\", \"redirect\": \"\", \"keep_alive\": false, \"hidden\": false, \"always_show\": false, \"title\": \"生产管理\", \"params\": [], \"affix\": false, \"status\": \"0\"}}','127.0.0.1','内网IP','Windows','Edge',200,'{\"code\":0,\"msg\":\"创建菜单成功\",\"data\":{\"id\":160,\"uuid\":\"2f15a48b-22a3-4d16-a13f-e32667d097cd\",\"status\":\"0\",\"description\":null,\"created_time\":\"2026-03-21 10:20:32\",\"updated_time\":\"2026-03-21 10:20:32\",\"name\":\"生产管理\",\"type\":1,\"order\":20,\"permission\":null,\"icon\":\"el-icon-Menu\",\"route_name\":\"Produce\",\"route_path\":\"/produce\",\"component_path\":null,\"redirect\":null,\"hidden\":false,\"keep_alive\":false,\"always_show\":false,\"title\":\"生产管理\",\"params\":[],\"affix\":false,\"parent_id\":null,\"parent_name\":null},\"status_code\":200,\"success\":true}','0.06s',56,'3eb61363-5ccd-4323-a06f-d268e35aaf27','0','创建菜单','2026-03-21 10:20:32','2026-03-21 10:20:32',1,1),(2,'/api/v1/system/menu/create','POST','{\"body\": {\"name\": \"工单管理\", \"type\": 2, \"icon\": \"el-icon-Memo\", \"order\": 1, \"permission\": \"module_produce:order:query\", \"route_name\": \"Order\", \"route_path\": \"/produce/order\", \"component_path\": \"module_produce/order/index\", \"redirect\": \"\", \"parent_id\": 160, \"keep_alive\": false, \"hidden\": false, \"always_show\": false, \"title\": \"工单管理\", \"params\": [], \"affix\": false, \"status\": \"0\"}}','127.0.0.1','内网IP','Windows','Edge',200,'{\"code\":0,\"msg\":\"创建菜单成功\",\"data\":{\"id\":161,\"uuid\":\"543e4d0f-eca9-4126-bdbc-f5190ed1e845\",\"status\":\"0\",\"description\":null,\"created_time\":\"2026-03-21 10:22:26\",\"updated_time\":\"2026-03-21 10:22:26\",\"name\":\"工单管理\",\"type\":2,\"order\":1,\"permission\":\"module_produce:order:query\",\"icon\":\"el-icon-Memo\",\"route_name\":\"Order\",\"route_path\":\"/produce/order\",\"component_path\":\"module_produce/order/index\",\"redirect\":null,\"hidden\":false,\"keep_alive\":false,\"always_show\":false,\"title\":\"工单管理\",\"params\":[],\"affix\":false,\"parent_id\":160,\"parent_name\":null},\"status_code\":200,\"success\":true}','0.03s',57,'819f93db-04f6-44a1-8fb0-14be320efa2d','0','创建菜单','2026-03-21 10:22:26','2026-03-21 10:22:26',1,1),(1,'/api/v1/system/auth/login','POST','username: admin\npassword: 123456\ncaptcha: 3\ncaptcha_key: ab89aeca732c4d5b9dcf0166de2e55fa\nremember: true\nlogin_type: PC端','127.0.0.1','内网IP','Windows','Edge',200,'{\"code\":0,\"msg\":\"登录成功\",\"data\":{\"access_token\":\"eyJhbGciOiJIUzI1NiIsInR5cCI6IkpXVCJ9.eyJzdWIiOiJ7XCJuYW1lXCI6XCJcdThkODVcdTdlYTdcdTdiYTFcdTc0MDZcdTU0NThcIixcInNlc3Npb25faWRcIjpcIjE3OTkwM2NjLTNlZWQtNGY2Zi05MjBmLTNmMWQyZjU0N2Y0ZVwiLFwidXNlcl9pZFwiOjEsXCJ1c2VyX25hbWVcIjpcImFkbWluXCIsXCJpcGFkZHJcIjpcIjEyNy4wLjAuMVwiLFwibG9naW5fbG9jYXRpb25cIjpcIlx1NTE4NVx1N2Y1MUlQXCIsXCJvc1wiOlwiV2luZG93c1wiLFwiYnJvd3NlclwiOlwiRWRnZVwiLFwibG9naW5fdGltZVwiOlwiMjAyNi0wMy0yMSAxMzozOToxOFwiLFwibG9naW5fdHlwZVwiOlwiUENcdTdhZWZcIn0iLCJpc19yZWZyZXNoIjpmYWxzZSwiZXhwIjoxNzc0MTAyMTU3fQ.X67Gzw6Q7UXFTPn1AD86UQN3ZxiSeHuvwyBAcDD3uCY\",\"refresh_token\":\"eyJhbGciOiJIUzI1NiIsInR5cCI6IkpXVCJ9.eyJzdWIiOiJ7XCJuYW1lXCI6XCJcdThkODVcdTdlYTdcdTdiYTFcdTc0MDZcdTU0NThcIixcInNlc3Npb25faWRcIjpcIjE3OTkwM2NjLTNlZWQtNGY2Zi05MjBmLTNmMWQyZjU0N2Y0ZVwiLFwidXNlcl9pZFwiOjEsXCJ1c2VyX25hbWVcIjpcImFkbWluXCIsXCJpcGFkZHJcIjpcIjEyNy4wLjAuMVwiLFwibG9naW5fbG9jYXRpb25cIjpcIlx1NTE4NVx1N2Y1MUlQXCIsXCJvc1wiOlwiV2luZG93c1wiLFwiYnJvd3NlclwiOlwiRWRnZVwiLFwibG9naW5fdGltZVwiOlwiMjAyNi0wMy0yMSAxMzozOToxOFwiLFwibG9naW5fdHlwZVwiOlwiUENcdTdhZWZcIn0iLCJpc19yZWZyZXNoIjp0cnVlLCJleHAiOjE3NzQxMDIxNTd9.tFTlUbVaV--tKp5ZNhs0JLaEBJ3jghgHAxOv4LhmAak\",\"token_type\":\"bearer\",\"expires_in\":1800},\"status_code\":200,\"success\":true}','0.31s',58,'58b51c59-20fa-4857-bd91-68f1fc0283f4','0','登录','2026-03-21 13:39:18','2026-03-21 13:39:18',NULL,NULL),(2,'/api/v1/system/menu/create','POST','{\"body\": {\"name\": \"工艺管理\", \"type\": 2, \"icon\": \"el-icon-Chicken\", \"order\": 2, \"permission\": \"module_produce:carft:query\", \"route_name\": \"Carft\", \"route_path\": \"/produce/carft\", \"component_path\": \"module_produce/carft/index\", \"redirect\": \"\", \"parent_id\": 160, \"keep_alive\": false, \"hidden\": false, \"always_show\": false, \"title\": \"工艺管理\", \"params\": [], \"affix\": false, \"status\": \"0\"}}','127.0.0.1','内网IP','Windows','Edge',200,'{\"code\":0,\"msg\":\"创建菜单成功\",\"data\":{\"id\":162,\"uuid\":\"7b1b3424-f5d4-4b33-949e-14108c02a39a\",\"status\":\"0\",\"description\":null,\"created_time\":\"2026-03-21 13:57:28\",\"updated_time\":\"2026-03-21 13:57:28\",\"name\":\"工艺管理\",\"type\":2,\"order\":2,\"permission\":\"module_produce:carft:query\",\"icon\":\"el-icon-Chicken\",\"route_name\":\"Carft\",\"route_path\":\"/produce/carft\",\"component_path\":\"module_produce/carft/index\",\"redirect\":null,\"hidden\":false,\"keep_alive\":false,\"always_show\":false,\"title\":\"工艺管理\",\"params\":[],\"affix\":false,\"parent_id\":160,\"parent_name\":null},\"status_code\":200,\"success\":true}','0.04s',59,'c453c62c-c490-4504-8040-4401c6b6b2a2','0','创建菜单','2026-03-21 13:57:28','2026-03-21 13:57:28',1,1),(2,'/api/v1/system/menu/create','POST','{\"body\": {\"name\": \"工艺路线\", \"type\": 2, \"icon\": \"el-icon-AddLocation\", \"order\": 3, \"permission\": \"module_produce:carft:query\", \"route_name\": \"Carftrouter\", \"route_path\": \"/produce/carftrouter\", \"component_path\": \"module_produce/carftrouter/index\", \"redirect\": \"\", \"parent_id\": 160, \"keep_alive\": false, \"hidden\": false, \"always_show\": false, \"title\": \"工艺路线\", \"params\": [], \"affix\": false, \"status\": \"0\"}}','127.0.0.1','内网IP','Windows','Edge',200,'{\"code\":0,\"msg\":\"创建菜单成功\",\"data\":{\"id\":163,\"uuid\":\"c955a625-983d-473b-b15b-0f96530e9020\",\"status\":\"0\",\"description\":null,\"created_time\":\"2026-03-21 14:02:12\",\"updated_time\":\"2026-03-21 14:02:12\",\"name\":\"工艺路线\",\"type\":2,\"order\":3,\"permission\":\"module_produce:carft:query\",\"icon\":\"el-icon-AddLocation\",\"route_name\":\"Carftrouter\",\"route_path\":\"/produce/carftrouter\",\"component_path\":\"module_produce/carftrouter/index\",\"redirect\":null,\"hidden\":false,\"keep_alive\":false,\"always_show\":false,\"title\":\"工艺路线\",\"params\":[],\"affix\":false,\"parent_id\":160,\"parent_name\":null},\"status_code\":200,\"success\":true}','0.05s',60,'0f5ba409-239d-4ced-b264-b1504634c7d3','0','创建菜单','2026-03-21 14:02:12','2026-03-21 14:02:12',1,1),(2,'/api/v1/system/menu/create','POST','{\"body\": {\"name\": \"工时管理\", \"type\": 2, \"icon\": \"el-icon-Clock\", \"order\": 4, \"permission\": \"module_produce:manhour:query\", \"route_name\": \"Manhour\", \"route_path\": \"/produce/manhour\", \"component_path\": \"module_produce/manhour/index\", \"redirect\": \"\", \"parent_id\": 160, \"keep_alive\": false, \"hidden\": false, \"always_show\": false, \"title\": \"工时管理\", \"params\": [], \"affix\": false, \"status\": \"0\"}}','127.0.0.1','内网IP','Windows','Edge',200,'{\"code\":0,\"msg\":\"创建菜单成功\",\"data\":{\"id\":164,\"uuid\":\"cbf6bebd-caae-4b07-bd80-317b89a18442\",\"status\":\"0\",\"description\":null,\"created_time\":\"2026-03-21 14:05:06\",\"updated_time\":\"2026-03-21 14:05:06\",\"name\":\"工时管理\",\"type\":2,\"order\":4,\"permission\":\"module_produce:manhour:query\",\"icon\":\"el-icon-Clock\",\"route_name\":\"Manhour\",\"route_path\":\"/produce/manhour\",\"component_path\":\"module_produce/manhour/index\",\"redirect\":null,\"hidden\":false,\"keep_alive\":false,\"always_show\":false,\"title\":\"工时管理\",\"params\":[],\"affix\":false,\"parent_id\":160,\"parent_name\":null},\"status_code\":200,\"success\":true}','0.04s',61,'a56bcbc4-ce3f-4e94-88ce-54d568a3fb5e','0','创建菜单','2026-03-21 14:05:06','2026-03-21 14:05:06',1,1),(2,'/api/v1/generator/gencode/create','POST','{\"body\": \"CREATE TABLE `produce_craft` (\\n  `id` int NOT NULL AUTO_INCREMENT COMMENT \'工艺ID\',\\n  `name` varchar(30) NOT NULL COMMENT \'工艺名称\',\\n  PRIMARY KEY (`id`),\\n  UNIQUE KEY `uk_name` (`name`)\\n) ENGINE=InnoDB DEFAULT CHARSET=utf8mb4 COMMENT=\'工艺字典表\';\"}','127.0.0.1','内网IP','Windows','Edge',200,'{\"code\":0,\"msg\":\"创建表结构成功\",\"data\":true,\"status_code\":200,\"success\":true}','0.08s',62,'0b0a56c9-1af1-47c9-af00-b67f8cd74d64','0','创建表结构','2026-03-21 14:06:46','2026-03-21 14:06:46',1,1),(2,'/api/v1/generator/gencode/import','POST','{\"body\": [\"produce_craft\"]}','127.0.0.1','内网IP','Windows','Edge',200,'{\"code\":0,\"msg\":\"导入表结构成功\",\"data\":true,\"status_code\":200,\"success\":true}','0.09s',63,'becc784a-f217-44e5-990e-76c1530737f5','0','导入表结构','2026-03-21 14:06:57','2026-03-21 14:06:57',1,1),(2,'/api/v1/generator/gencode/update/4','PUT','{\"body\": {\"id\": 4, \"table_name\": \"produce_craft\", \"table_comment\": \"工艺字典表\", \"sub_table_name\": null, \"sub_table_fk_name\": null, \"class_name\": \"ProduceCraft\", \"package_name\": \"gencode\", \"module_name\": \"module_produce\", \"business_name\": \"craft\", \"function_name\": \"工艺字典\", \"description\": null, \"parent_menu_id\": null, \"pk_column\": null, \"sub_table\": null, \"columns\": [{\"id\": 23, \"uuid\": \"624b29fb-9d50-4b4c-8ca0-5d15bcba6246\", \"status\": \"0\", \"description\": null, \"created_time\": \"2026-03-21 14:06:57\", \"updated_time\": \"2026-03-21 14:06:57\", \"table_id\": 4, \"column_name\": \"id\", \"column_comment\": \"工艺ID\", \"column_type\": \"INTEGER\", \"column_length\": \"\", \"column_default\": \"\", \"is_pk\": true, \"is_increment\": true, \"is_nullable\": false, \"is_unique\": false, \"python_type\": \"int\", \"python_field\": \"id\", \"is_insert\": true, \"is_edit\": false, \"is_list\": false, \"is_query\": false, \"query_type\": null, \"html_type\": \"input\", \"dict_type\": \"\", \"sort\": 1, \"super_column\": \"0\", \"select\": true}, {\"id\": 24, \"uuid\": \"1908af78-4f02-4ca2-8254-b82501947d24\", \"status\": \"0\", \"description\": null, \"created_time\": \"2026-03-21 14:06:57\", \"updated_time\": \"2026-03-21 14:06:57\", \"table_id\": 4, \"column_name\": \"name\", \"column_comment\": \"工艺名称\", \"column_type\": \"VARCHAR(30)\", \"column_length\": \"30\", \"column_default\": \"\", \"is_pk\": false, \"is_increment\": false, \"is_nullable\": false, \"is_unique\": true, \"python_type\": \"str\", \"python_field\": \"name\", \"is_insert\": true, \"is_edit\": true, \"is_list\": true, \"is_query\": true, \"query_type\": \"LIKE\", \"html_type\": \"input\", \"dict_type\": \"\", \"sort\": 2, \"super_column\": \"0\", \"select\": true}], \"sub\": null, \"uuid\": \"7b0c61d4-0c86-4872-b03a-eb66b300426f\", \"status\": \"0\", \"created_time\": \"2026-03-21 14:06:57\", \"updated_time\": \"2026-03-21 14:06:57\"}, \"path_params\": {\"table_id\": \"4\"}}','127.0.0.1','内网IP','Windows','Edge',200,'{\"code\":0,\"msg\":\"编辑业务表信息成功\",\"data\":{\"id\":4,\"uuid\":\"7b0c61d4-0c86-4872-b03a-eb66b300426f\",\"status\":\"0\",\"description\":null,\"created_time\":\"2026-03-21 14:06:57\",\"updated_time\":\"2026-03-21 14:08:28\",\"table_name\":\"produce_craft\",\"table_comment\":\"工艺字典表\",\"class_name\":\"ProduceCraft\",\"package_name\":\"gencode\",\"module_name\":\"module_produce\",\"business_name\":\"craft\",\"function_name\":\"工艺字典\",\"sub_table_name\":null,\"sub_table_fk_name\":null,\"parent_menu_id\":null,\"columns\":[{\"id\":23,\"uuid\":\"624b29fb-9d50-4b4c-8ca0-5d15bcba6246\",\"status\":\"0\",\"description\":null,\"created_time\":\"2026-03-21 14:06:57\",\"updated_time\":\"2026-03-21 14:06:57\",\"table_id\":4,\"column_name\":\"id\",\"column_comment\":\"工艺ID\",\"column_type\":\"INTEGER\",\"column_length\":\"\",\"column_default\":\"\",\"is_pk\":true,\"is_increment\":true,\"is_nullable\":false,\"is_unique\":false,\"python_type\":\"int\",\"python_field\":\"id\",\"is_insert\":true,\"is_edit\":false,\"is_list\":false,\"is_query\":false,\"query_type\":null,\"html_type\":\"input\",\"dict_type\":\"\",\"sort\":1,\"super_column\":\"0\"},{\"id\":24,\"uuid\":\"1908af78-4f02-4ca2-8254-b82501947d24\",\"status\":\"0\",\"description\":null,\"created_time\":\"2026-03-21 14:06:57\",\"updated_time\":\"2026-03-21 14:06:57\",\"table_id\":4,\"column_name\":\"name\",\"column_comment\":\"工艺名称\",\"column_type\":\"VARCHAR(30)\",\"column_length\":\"30\",\"column_default\":\"\",\"is_pk\":false,\"is_increment\":false,\"is_nullable\":false,\"is_unique\":true,\"python_type\":\"str\",\"python_field\":\"name\",\"is_insert\":true,\"is_edit\":true,\"is_list\":true,\"is_query\":true,\"query_type\":\"LIKE\",\"html_type\":\"input\",\"dict_type\":\"\",\"sort\":2,\"super_column\":\"0\"}],\"pk_column\":null,\"sub_table\":null,\"sub\":null},\"status_code\":200,\"success\":true}','0.28s',64,'0caf7a01-1217-49eb-bc76-3f4c061935f6','0','编辑业务表信息','2026-03-21 14:08:29','2026-03-21 14:08:29',1,1),(2,'/api/v1/generator/gencode/update/4','PUT','{\"body\": {\"id\": 4, \"table_name\": \"produce_craft\", \"table_comment\": \"工艺字典表\", \"sub_table_name\": null, \"sub_table_fk_name\": null, \"class_name\": \"ProduceCraft\", \"package_name\": \"gencode\", \"module_name\": \"module_produce\", \"business_name\": \"craft\", \"function_name\": \"工艺字典\", \"description\": null, \"parent_menu_id\": null, \"pk_column\": null, \"sub_table\": null, \"columns\": [{\"id\": 23, \"uuid\": \"624b29fb-9d50-4b4c-8ca0-5d15bcba6246\", \"status\": \"0\", \"description\": null, \"created_time\": \"2026-03-21 14:06:57\", \"updated_time\": \"2026-03-21 14:06:57\", \"table_id\": 4, \"column_name\": \"id\", \"column_comment\": \"工艺ID\", \"column_type\": \"INTEGER\", \"column_length\": \"\", \"column_default\": \"\", \"is_pk\": true, \"is_increment\": true, \"is_nullable\": false, \"is_unique\": false, \"python_type\": \"int\", \"python_field\": \"id\", \"is_insert\": true, \"is_edit\": false, \"is_list\": false, \"is_query\": false, \"query_type\": null, \"html_type\": \"input\", \"dict_type\": \"\", \"sort\": 1, \"super_column\": \"0\", \"select\": true}, {\"id\": 24, \"uuid\": \"1908af78-4f02-4ca2-8254-b82501947d24\", \"status\": \"0\", \"description\": null, \"created_time\": \"2026-03-21 14:06:57\", \"updated_time\": \"2026-03-21 14:06:57\", \"table_id\": 4, \"column_name\": \"name\", \"column_comment\": \"工艺名称\", \"column_type\": \"VARCHAR(30)\", \"column_length\": \"30\", \"column_default\": \"\", \"is_pk\": false, \"is_increment\": false, \"is_nullable\": false, \"is_unique\": true, \"python_type\": \"str\", \"python_field\": \"name\", \"is_insert\": true, \"is_edit\": true, \"is_list\": true, \"is_query\": true, \"query_type\": \"LIKE\", \"html_type\": \"input\", \"dict_type\": \"\", \"sort\": 2, \"super_column\": \"0\", \"select\": true}], \"sub\": null, \"uuid\": \"7b0c61d4-0c86-4872-b03a-eb66b300426f\", \"status\": \"0\", \"created_time\": \"2026-03-21 14:06:57\", \"updated_time\": \"2026-03-21 14:06:57\"}, \"path_params\": {\"table_id\": \"4\"}}','127.0.0.1','内网IP','Windows','Edge',200,'{\"code\":0,\"msg\":\"编辑业务表信息成功\",\"data\":{\"id\":4,\"uuid\":\"7b0c61d4-0c86-4872-b03a-eb66b300426f\",\"status\":\"0\",\"description\":null,\"created_time\":\"2026-03-21 14:06:57\",\"updated_time\":\"2026-03-21 14:08:28\",\"table_name\":\"produce_craft\",\"table_comment\":\"工艺字典表\",\"class_name\":\"ProduceCraft\",\"package_name\":\"gencode\",\"module_name\":\"module_produce\",\"business_name\":\"craft\",\"function_name\":\"工艺字典\",\"sub_table_name\":null,\"sub_table_fk_name\":null,\"parent_menu_id\":null,\"columns\":[{\"id\":23,\"uuid\":\"624b29fb-9d50-4b4c-8ca0-5d15bcba6246\",\"status\":\"0\",\"description\":null,\"created_time\":\"2026-03-21 14:06:57\",\"updated_time\":\"2026-03-21 14:06:57\",\"table_id\":4,\"column_name\":\"id\",\"column_comment\":\"工艺ID\",\"column_type\":\"INTEGER\",\"column_length\":\"\",\"column_default\":\"\",\"is_pk\":true,\"is_increment\":true,\"is_nullable\":false,\"is_unique\":false,\"python_type\":\"int\",\"python_field\":\"id\",\"is_insert\":true,\"is_edit\":false,\"is_list\":false,\"is_query\":false,\"query_type\":null,\"html_type\":\"input\",\"dict_type\":\"\",\"sort\":1,\"super_column\":\"0\"},{\"id\":24,\"uuid\":\"1908af78-4f02-4ca2-8254-b82501947d24\",\"status\":\"0\",\"description\":null,\"created_time\":\"2026-03-21 14:06:57\",\"updated_time\":\"2026-03-21 14:06:57\",\"table_id\":4,\"column_name\":\"name\",\"column_comment\":\"工艺名称\",\"column_type\":\"VARCHAR(30)\",\"column_length\":\"30\",\"column_default\":\"\",\"is_pk\":false,\"is_increment\":false,\"is_nullable\":false,\"is_unique\":true,\"python_type\":\"str\",\"python_field\":\"name\",\"is_insert\":true,\"is_edit\":true,\"is_list\":true,\"is_query\":true,\"query_type\":\"LIKE\",\"html_type\":\"input\",\"dict_type\":\"\",\"sort\":2,\"super_column\":\"0\"}],\"pk_column\":null,\"sub_table\":null,\"sub\":null},\"status_code\":200,\"success\":true}','0.27s',65,'971eabdb-0290-4b4e-b7b1-a89bbfa0fdd0','0','编辑业务表信息','2026-03-21 14:09:57','2026-03-21 14:09:57',1,1),(2,'/api/v1/generator/gencode/batch/output','PATCH','{\"body\": [\"produce_craft\"]}','127.0.0.1','内网IP','Windows','Edge',200,'{}','0.11s',66,'bac739d9-8e58-4abd-8f63-ff8a5a54c932','0','批量生成代码','2026-03-21 14:10:05','2026-03-21 14:10:05',1,1),(2,'/api/v1/generator/gencode/update/4','PUT','{\"body\": {\"id\": 4, \"table_name\": \"produce_craft\", \"table_comment\": \"工艺字典表\", \"sub_table_name\": null, \"sub_table_fk_name\": null, \"class_name\": \"ProduceCraft\", \"package_name\": \"gencode\", \"module_name\": \"module_produce\", \"business_name\": \"craft\", \"function_name\": \"工艺字典\", \"description\": null, \"parent_menu_id\": null, \"pk_column\": null, \"sub_table\": null, \"columns\": [{\"id\": 23, \"uuid\": \"624b29fb-9d50-4b4c-8ca0-5d15bcba6246\", \"status\": \"0\", \"description\": null, \"created_time\": \"2026-03-21 14:06:57\", \"updated_time\": \"2026-03-21 14:06:57\", \"table_id\": 4, \"column_name\": \"id\", \"column_comment\": \"工艺ID\", \"column_type\": \"INTEGER\", \"column_length\": \"\", \"column_default\": \"\", \"is_pk\": true, \"is_increment\": true, \"is_nullable\": false, \"is_unique\": false, \"python_type\": \"int\", \"python_field\": \"id\", \"is_insert\": true, \"is_edit\": false, \"is_list\": false, \"is_query\": false, \"query_type\": null, \"html_type\": \"input\", \"dict_type\": \"\", \"sort\": 1, \"super_column\": \"0\", \"select\": true}, {\"id\": 24, \"uuid\": \"1908af78-4f02-4ca2-8254-b82501947d24\", \"status\": \"0\", \"description\": null, \"created_time\": \"2026-03-21 14:06:57\", \"updated_time\": \"2026-03-21 14:06:57\", \"table_id\": 4, \"column_name\": \"name\", \"column_comment\": \"工艺名称\", \"column_type\": \"VARCHAR(30)\", \"column_length\": \"30\", \"column_default\": \"\", \"is_pk\": false, \"is_increment\": false, \"is_nullable\": false, \"is_unique\": true, \"python_type\": \"str\", \"python_field\": \"name\", \"is_insert\": true, \"is_edit\": true, \"is_list\": true, \"is_query\": true, \"query_type\": \"LIKE\", \"html_type\": \"input\", \"dict_type\": \"\", \"sort\": 2, \"super_column\": \"0\", \"select\": true}], \"sub\": null, \"uuid\": \"7b0c61d4-0c86-4872-b03a-eb66b300426f\", \"status\": \"0\", \"created_time\": \"2026-03-21 14:06:57\", \"updated_time\": \"2026-03-21 14:08:28\"}, \"path_params\": {\"table_id\": \"4\"}}','127.0.0.1','内网IP','Windows','Edge',200,'{\"code\":0,\"msg\":\"编辑业务表信息成功\",\"data\":{\"id\":4,\"uuid\":\"7b0c61d4-0c86-4872-b03a-eb66b300426f\",\"status\":\"0\",\"description\":null,\"created_time\":\"2026-03-21 14:06:57\",\"updated_time\":\"2026-03-21 14:08:28\",\"table_name\":\"produce_craft\",\"table_comment\":\"工艺字典表\",\"class_name\":\"ProduceCraft\",\"package_name\":\"gencode\",\"module_name\":\"module_produce\",\"business_name\":\"craft\",\"function_name\":\"工艺字典\",\"sub_table_name\":null,\"sub_table_fk_name\":null,\"parent_menu_id\":null,\"columns\":[{\"id\":23,\"uuid\":\"624b29fb-9d50-4b4c-8ca0-5d15bcba6246\",\"status\":\"0\",\"description\":null,\"created_time\":\"2026-03-21 14:06:57\",\"updated_time\":\"2026-03-21 14:06:57\",\"table_id\":4,\"column_name\":\"id\",\"column_comment\":\"工艺ID\",\"column_type\":\"INTEGER\",\"column_length\":\"\",\"column_default\":\"\",\"is_pk\":true,\"is_increment\":true,\"is_nullable\":false,\"is_unique\":false,\"python_type\":\"int\",\"python_field\":\"id\",\"is_insert\":true,\"is_edit\":false,\"is_list\":false,\"is_query\":false,\"query_type\":null,\"html_type\":\"input\",\"dict_type\":\"\",\"sort\":1,\"super_column\":\"0\"},{\"id\":24,\"uuid\":\"1908af78-4f02-4ca2-8254-b82501947d24\",\"status\":\"0\",\"description\":null,\"created_time\":\"2026-03-21 14:06:57\",\"updated_time\":\"2026-03-21 14:06:57\",\"table_id\":4,\"column_name\":\"name\",\"column_comment\":\"工艺名称\",\"column_type\":\"VARCHAR(30)\",\"column_length\":\"30\",\"column_default\":\"\",\"is_pk\":false,\"is_increment\":false,\"is_nullable\":false,\"is_unique\":true,\"python_type\":\"str\",\"python_field\":\"name\",\"is_insert\":true,\"is_edit\":true,\"is_list\":true,\"is_query\":true,\"query_type\":\"LIKE\",\"html_type\":\"input\",\"dict_type\":\"\",\"sort\":2,\"super_column\":\"0\"}],\"pk_column\":null,\"sub_table\":null,\"sub\":null},\"status_code\":200,\"success\":true}','0.33s',67,'53e252b7-daba-4186-9e3f-4262e506afb0','0','编辑业务表信息','2026-03-21 14:13:21','2026-03-21 14:13:21',1,1),(2,'/api/v1/generator/gencode/update/4','PUT','{\"body\": {\"id\": 4, \"table_name\": \"produce_craft\", \"table_comment\": \"工艺字典表\", \"sub_table_name\": null, \"sub_table_fk_name\": null, \"class_name\": \"ProduceCraft\", \"package_name\": \"gencode\", \"module_name\": \"module_produce\", \"business_name\": \"craft\", \"function_name\": \"工艺字典\", \"description\": null, \"parent_menu_id\": null, \"pk_column\": null, \"sub_table\": null, \"columns\": [{\"id\": 23, \"uuid\": \"624b29fb-9d50-4b4c-8ca0-5d15bcba6246\", \"status\": \"0\", \"description\": null, \"created_time\": \"2026-03-21 14:06:57\", \"updated_time\": \"2026-03-21 14:06:57\", \"table_id\": 4, \"column_name\": \"id\", \"column_comment\": \"工艺ID\", \"column_type\": \"INTEGER\", \"column_length\": \"\", \"column_default\": \"\", \"is_pk\": true, \"is_increment\": true, \"is_nullable\": false, \"is_unique\": false, \"python_type\": \"int\", \"python_field\": \"id\", \"is_insert\": true, \"is_edit\": false, \"is_list\": false, \"is_query\": false, \"query_type\": null, \"html_type\": \"input\", \"dict_type\": \"\", \"sort\": 1, \"super_column\": \"0\", \"select\": true}, {\"id\": 24, \"uuid\": \"1908af78-4f02-4ca2-8254-b82501947d24\", \"status\": \"0\", \"description\": null, \"created_time\": \"2026-03-21 14:06:57\", \"updated_time\": \"2026-03-21 14:06:57\", \"table_id\": 4, \"column_name\": \"name\", \"column_comment\": \"工艺名称\", \"column_type\": \"VARCHAR(30)\", \"column_length\": \"30\", \"column_default\": \"\", \"is_pk\": false, \"is_increment\": false, \"is_nullable\": false, \"is_unique\": true, \"python_type\": \"str\", \"python_field\": \"name\", \"is_insert\": true, \"is_edit\": true, \"is_list\": true, \"is_query\": true, \"query_type\": \"LIKE\", \"html_type\": \"input\", \"dict_type\": \"\", \"sort\": 2, \"super_column\": \"0\", \"select\": true}], \"sub\": null, \"uuid\": \"7b0c61d4-0c86-4872-b03a-eb66b300426f\", \"status\": \"0\", \"created_time\": \"2026-03-21 14:06:57\", \"updated_time\": \"2026-03-21 14:08:28\"}, \"path_params\": {\"table_id\": \"4\"}}','127.0.0.1','内网IP','Windows','Edge',200,'{\"code\":0,\"msg\":\"编辑业务表信息成功\",\"data\":{\"id\":4,\"uuid\":\"7b0c61d4-0c86-4872-b03a-eb66b300426f\",\"status\":\"0\",\"description\":null,\"created_time\":\"2026-03-21 14:06:57\",\"updated_time\":\"2026-03-21 14:08:28\",\"table_name\":\"produce_craft\",\"table_comment\":\"工艺字典表\",\"class_name\":\"ProduceCraft\",\"package_name\":\"gencode\",\"module_name\":\"module_produce\",\"business_name\":\"craft\",\"function_name\":\"工艺字典\",\"sub_table_name\":null,\"sub_table_fk_name\":null,\"parent_menu_id\":null,\"columns\":[{\"id\":23,\"uuid\":\"624b29fb-9d50-4b4c-8ca0-5d15bcba6246\",\"status\":\"0\",\"description\":null,\"created_time\":\"2026-03-21 14:06:57\",\"updated_time\":\"2026-03-21 14:06:57\",\"table_id\":4,\"column_name\":\"id\",\"column_comment\":\"工艺ID\",\"column_type\":\"INTEGER\",\"column_length\":\"\",\"column_default\":\"\",\"is_pk\":true,\"is_increment\":true,\"is_nullable\":false,\"is_unique\":false,\"python_type\":\"int\",\"python_field\":\"id\",\"is_insert\":true,\"is_edit\":false,\"is_list\":false,\"is_query\":false,\"query_type\":null,\"html_type\":\"input\",\"dict_type\":\"\",\"sort\":1,\"super_column\":\"0\"},{\"id\":24,\"uuid\":\"1908af78-4f02-4ca2-8254-b82501947d24\",\"status\":\"0\",\"description\":null,\"created_time\":\"2026-03-21 14:06:57\",\"updated_time\":\"2026-03-21 14:06:57\",\"table_id\":4,\"column_name\":\"name\",\"column_comment\":\"工艺名称\",\"column_type\":\"VARCHAR(30)\",\"column_length\":\"30\",\"column_default\":\"\",\"is_pk\":false,\"is_increment\":false,\"is_nullable\":false,\"is_unique\":true,\"python_type\":\"str\",\"python_field\":\"name\",\"is_insert\":true,\"is_edit\":true,\"is_list\":true,\"is_query\":true,\"query_type\":\"LIKE\",\"html_type\":\"input\",\"dict_type\":\"\",\"sort\":2,\"super_column\":\"0\"}],\"pk_column\":null,\"sub_table\":null,\"sub\":null},\"status_code\":200,\"success\":true}','0.24s',68,'362d226d-1821-4967-89de-1df166ca4e56','0','编辑业务表信息','2026-03-21 14:13:26','2026-03-21 14:13:26',1,1),(2,'/api/v1/generator/gencode/update/4','PUT','{\"body\": {\"id\": 4, \"table_name\": \"produce_craft\", \"table_comment\": \"工艺字典表\", \"sub_table_name\": null, \"sub_table_fk_name\": null, \"class_name\": \"ProduceCraft\", \"package_name\": \"gencode\", \"module_name\": \"module_produce\", \"business_name\": \"craft\", \"function_name\": \"工艺字典\", \"description\": null, \"parent_menu_id\": 162, \"pk_column\": null, \"sub_table\": null, \"columns\": [{\"id\": 23, \"uuid\": \"624b29fb-9d50-4b4c-8ca0-5d15bcba6246\", \"status\": \"0\", \"description\": null, \"created_time\": \"2026-03-21 14:06:57\", \"updated_time\": \"2026-03-21 14:06:57\", \"table_id\": 4, \"column_name\": \"id\", \"column_comment\": \"工艺ID\", \"column_type\": \"INTEGER\", \"column_length\": \"\", \"column_default\": \"\", \"is_pk\": true, \"is_increment\": true, \"is_nullable\": false, \"is_unique\": false, \"python_type\": \"int\", \"python_field\": \"id\", \"is_insert\": true, \"is_edit\": false, \"is_list\": false, \"is_query\": false, \"query_type\": null, \"html_type\": \"input\", \"dict_type\": \"\", \"sort\": 1, \"super_column\": \"0\", \"select\": true}, {\"id\": 24, \"uuid\": \"1908af78-4f02-4ca2-8254-b82501947d24\", \"status\": \"0\", \"description\": null, \"created_time\": \"2026-03-21 14:06:57\", \"updated_time\": \"2026-03-21 14:06:57\", \"table_id\": 4, \"column_name\": \"name\", \"column_comment\": \"工艺名称\", \"column_type\": \"VARCHAR(30)\", \"column_length\": \"30\", \"column_default\": \"\", \"is_pk\": false, \"is_increment\": false, \"is_nullable\": false, \"is_unique\": true, \"python_type\": \"str\", \"python_field\": \"name\", \"is_insert\": true, \"is_edit\": true, \"is_list\": true, \"is_query\": true, \"query_type\": \"LIKE\", \"html_type\": \"input\", \"dict_type\": \"\", \"sort\": 2, \"super_column\": \"0\", \"select\": true}], \"sub\": null, \"uuid\": \"7b0c61d4-0c86-4872-b03a-eb66b300426f\", \"status\": \"0\", \"created_time\": \"2026-03-21 14:06:57\", \"updated_time\": \"2026-03-21 14:08:28\"}, \"path_params\": {\"table_id\": \"4\"}}','127.0.0.1','内网IP','Windows','Edge',200,'{\"code\":0,\"msg\":\"编辑业务表信息成功\",\"data\":{\"id\":4,\"uuid\":\"7b0c61d4-0c86-4872-b03a-eb66b300426f\",\"status\":\"0\",\"description\":null,\"created_time\":\"2026-03-21 14:06:57\",\"updated_time\":\"2026-03-21 14:14:17\",\"table_name\":\"produce_craft\",\"table_comment\":\"工艺字典表\",\"class_name\":\"ProduceCraft\",\"package_name\":\"gencode\",\"module_name\":\"module_produce\",\"business_name\":\"craft\",\"function_name\":\"工艺字典\",\"sub_table_name\":null,\"sub_table_fk_name\":null,\"parent_menu_id\":162,\"columns\":[{\"id\":23,\"uuid\":\"624b29fb-9d50-4b4c-8ca0-5d15bcba6246\",\"status\":\"0\",\"description\":null,\"created_time\":\"2026-03-21 14:06:57\",\"updated_time\":\"2026-03-21 14:06:57\",\"table_id\":4,\"column_name\":\"id\",\"column_comment\":\"工艺ID\",\"column_type\":\"INTEGER\",\"column_length\":\"\",\"column_default\":\"\",\"is_pk\":true,\"is_increment\":true,\"is_nullable\":false,\"is_unique\":false,\"python_type\":\"int\",\"python_field\":\"id\",\"is_insert\":true,\"is_edit\":false,\"is_list\":false,\"is_query\":false,\"query_type\":null,\"html_type\":\"input\",\"dict_type\":\"\",\"sort\":1,\"super_column\":\"0\"},{\"id\":24,\"uuid\":\"1908af78-4f02-4ca2-8254-b82501947d24\",\"status\":\"0\",\"description\":null,\"created_time\":\"2026-03-21 14:06:57\",\"updated_time\":\"2026-03-21 14:06:57\",\"table_id\":4,\"column_name\":\"name\",\"column_comment\":\"工艺名称\",\"column_type\":\"VARCHAR(30)\",\"column_length\":\"30\",\"column_default\":\"\",\"is_pk\":false,\"is_increment\":false,\"is_nullable\":false,\"is_unique\":true,\"python_type\":\"str\",\"python_field\":\"name\",\"is_insert\":true,\"is_edit\":true,\"is_list\":true,\"is_query\":true,\"query_type\":\"LIKE\",\"html_type\":\"input\",\"dict_type\":\"\",\"sort\":2,\"super_column\":\"0\"}],\"pk_column\":null,\"sub_table\":null,\"sub\":null},\"status_code\":200,\"success\":true}','0.25s',69,'e03b5cbb-c549-4343-bced-2788ba9c4e6a','0','编辑业务表信息','2026-03-21 14:14:17','2026-03-21 14:14:17',1,1),(2,'/api/v1/generator/gencode/update/4','PUT','{\"body\": {\"id\": 4, \"table_name\": \"produce_craft\", \"table_comment\": \"工艺字典表\", \"sub_table_name\": null, \"sub_table_fk_name\": null, \"class_name\": \"ProduceCraft\", \"package_name\": \"gencode\", \"module_name\": \"module_produce\", \"business_name\": \"craft\", \"function_name\": \"工艺字典\", \"description\": null, \"parent_menu_id\": 162, \"pk_column\": null, \"sub_table\": null, \"columns\": [{\"id\": 23, \"uuid\": \"624b29fb-9d50-4b4c-8ca0-5d15bcba6246\", \"status\": \"0\", \"description\": null, \"created_time\": \"2026-03-21 14:06:57\", \"updated_time\": \"2026-03-21 14:06:57\", \"table_id\": 4, \"column_name\": \"id\", \"column_comment\": \"工艺ID\", \"column_type\": \"INTEGER\", \"column_length\": \"\", \"column_default\": \"\", \"is_pk\": true, \"is_increment\": true, \"is_nullable\": false, \"is_unique\": false, \"python_type\": \"int\", \"python_field\": \"id\", \"is_insert\": true, \"is_edit\": false, \"is_list\": false, \"is_query\": false, \"query_type\": null, \"html_type\": \"input\", \"dict_type\": \"\", \"sort\": 1, \"super_column\": \"0\", \"select\": true}, {\"id\": 24, \"uuid\": \"1908af78-4f02-4ca2-8254-b82501947d24\", \"status\": \"0\", \"description\": null, \"created_time\": \"2026-03-21 14:06:57\", \"updated_time\": \"2026-03-21 14:06:57\", \"table_id\": 4, \"column_name\": \"name\", \"column_comment\": \"工艺名称\", \"column_type\": \"VARCHAR(30)\", \"column_length\": \"30\", \"column_default\": \"\", \"is_pk\": false, \"is_increment\": false, \"is_nullable\": false, \"is_unique\": true, \"python_type\": \"str\", \"python_field\": \"name\", \"is_insert\": true, \"is_edit\": true, \"is_list\": true, \"is_query\": true, \"query_type\": \"LIKE\", \"html_type\": \"input\", \"dict_type\": \"\", \"sort\": 2, \"super_column\": \"0\", \"select\": true}], \"sub\": null, \"uuid\": \"7b0c61d4-0c86-4872-b03a-eb66b300426f\", \"status\": \"0\", \"created_time\": \"2026-03-21 14:06:57\", \"updated_time\": \"2026-03-21 14:08:28\"}, \"path_params\": {\"table_id\": \"4\"}}','127.0.0.1','内网IP','Windows','Edge',200,'{\"code\":0,\"msg\":\"编辑业务表信息成功\",\"data\":{\"id\":4,\"uuid\":\"7b0c61d4-0c86-4872-b03a-eb66b300426f\",\"status\":\"0\",\"description\":null,\"created_time\":\"2026-03-21 14:06:57\",\"updated_time\":\"2026-03-21 14:14:17\",\"table_name\":\"produce_craft\",\"table_comment\":\"工艺字典表\",\"class_name\":\"ProduceCraft\",\"package_name\":\"gencode\",\"module_name\":\"module_produce\",\"business_name\":\"craft\",\"function_name\":\"工艺字典\",\"sub_table_name\":null,\"sub_table_fk_name\":null,\"parent_menu_id\":162,\"columns\":[{\"id\":23,\"uuid\":\"624b29fb-9d50-4b4c-8ca0-5d15bcba6246\",\"status\":\"0\",\"description\":null,\"created_time\":\"2026-03-21 14:06:57\",\"updated_time\":\"2026-03-21 14:06:57\",\"table_id\":4,\"column_name\":\"id\",\"column_comment\":\"工艺ID\",\"column_type\":\"INTEGER\",\"column_length\":\"\",\"column_default\":\"\",\"is_pk\":true,\"is_increment\":true,\"is_nullable\":false,\"is_unique\":false,\"python_type\":\"int\",\"python_field\":\"id\",\"is_insert\":true,\"is_edit\":false,\"is_list\":false,\"is_query\":false,\"query_type\":null,\"html_type\":\"input\",\"dict_type\":\"\",\"sort\":1,\"super_column\":\"0\"},{\"id\":24,\"uuid\":\"1908af78-4f02-4ca2-8254-b82501947d24\",\"status\":\"0\",\"description\":null,\"created_time\":\"2026-03-21 14:06:57\",\"updated_time\":\"2026-03-21 14:06:57\",\"table_id\":4,\"column_name\":\"name\",\"column_comment\":\"工艺名称\",\"column_type\":\"VARCHAR(30)\",\"column_length\":\"30\",\"column_default\":\"\",\"is_pk\":false,\"is_increment\":false,\"is_nullable\":false,\"is_unique\":true,\"python_type\":\"str\",\"python_field\":\"name\",\"is_insert\":true,\"is_edit\":true,\"is_list\":true,\"is_query\":true,\"query_type\":\"LIKE\",\"html_type\":\"input\",\"dict_type\":\"\",\"sort\":2,\"super_column\":\"0\"}],\"pk_column\":null,\"sub_table\":null,\"sub\":null},\"status_code\":200,\"success\":true}','0.25s',70,'4aed5e8e-edb3-409a-9baf-5f79d5ffb1f6','0','编辑业务表信息','2026-03-21 14:14:20','2026-03-21 14:14:20',1,1),(2,'/api/v1/system/menu/update/162','PUT','{\"body\": {\"id\": 162, \"name\": \"工艺管理\", \"type\": 2, \"icon\": \"el-icon-Chicken\", \"order\": 2, \"permission\": \"module_produce:craft:query\", \"route_name\": \"Craft\", \"route_path\": \"/produce/carft\", \"component_path\": \"module_produce/craft/index\", \"redirect\": null, \"parent_id\": 160, \"keep_alive\": false, \"hidden\": false, \"always_show\": false, \"title\": \"工艺管理\", \"params\": [], \"affix\": false, \"status\": \"0\", \"description\": null, \"uuid\": \"7b1b3424-f5d4-4b33-949e-14108c02a39a\", \"created_time\": \"2026-03-21 13:57:28\", \"updated_time\": \"2026-03-21 13:57:28\", \"parent_name\": \"生产管理\"}, \"path_params\": {\"id\": \"162\"}}','127.0.0.1','内网IP','Windows','Edge',200,'{\"code\":0,\"msg\":\"修改菜单成功\",\"data\":{\"id\":162,\"uuid\":\"7b1b3424-f5d4-4b33-949e-14108c02a39a\",\"status\":\"0\",\"description\":null,\"created_time\":\"2026-03-21 13:57:28\",\"updated_time\":\"2026-03-21 14:26:29\",\"name\":\"工艺管理\",\"type\":2,\"order\":2,\"permission\":\"module_produce:craft:query\",\"icon\":\"el-icon-Chicken\",\"route_name\":\"Craft\",\"route_path\":\"/produce/carft\",\"component_path\":\"module_produce/craft/index\",\"redirect\":null,\"hidden\":false,\"keep_alive\":false,\"always_show\":false,\"title\":\"工艺管理\",\"params\":[],\"affix\":false,\"parent_id\":160,\"parent_name\":null},\"status_code\":200,\"success\":true}','0.07s',71,'b5150617-5cd3-4e6e-967c-6e5fb0e5271a','0','修改菜单','2026-03-21 14:26:30','2026-03-21 14:26:30',1,1),(2,'/api/v1/generator/gencode/create','POST','{\"body\": \"CREATE TABLE `produce_craft_route` (\\n  `id` int NOT NULL AUTO_INCREMENT COMMENT \'工艺路线ID\',\\n  `type` int NOT NULL COMMENT \'工艺路线\',\\n  `sort` int NOT NULL COMMENT \'排序\',\\n  `craft_id` int NOT NULL COMMENT \'工艺ID\',\\n  `uuid` varchar(64) NOT NULL DEFAULT (uuid()) COMMENT \'UUID全局唯一标识\',\\n  `status` varchar(10) NOT NULL DEFAULT \'0\' COMMENT \'是否启用(0:启用 1:禁用)\',\\n  `description` text COMMENT \'备注/描述\',\\n  `created_time` datetime NOT NULL DEFAULT CURRENT_TIMESTAMP COMMENT \'创建时间\',\\n  `updated_time` datetime NOT NULL DEFAULT CURRENT_TIMESTAMP ON UPDATE CURRENT_TIMESTAMP COMMENT \'更新时间\',\\n  `created_id` int DEFAULT NULL COMMENT \'创建人ID\',\\n  `updated_id` int DEFAULT NULL COMMENT \'更新人ID\',\\n  PRIMARY KEY (`id`),\\n  UNIQUE KEY `uk_uuid` (`uuid`)\\n) ENGINE=InnoDB DEFAULT CHARSET=utf8mb4 COMMENT=\'工艺路线表\';\"}','127.0.0.1','内网IP','Windows','Edge',200,'{\"code\":0,\"msg\":\"创建表结构成功\",\"data\":true,\"status_code\":200,\"success\":true}','0.06s',72,'8c98d4aa-bb28-4bd6-925b-a7166b811762','0','创建表结构','2026-03-21 14:45:08','2026-03-21 14:45:08',1,1),(2,'/api/v1/generator/gencode/import','POST','{\"body\": [\"produce_craft_route\"]}','127.0.0.1','内网IP','Windows','Edge',200,'{\"code\":0,\"msg\":\"导入表结构成功\",\"data\":true,\"status_code\":200,\"success\":true}','0.12s',73,'76039c19-52c2-43a7-9db8-b0eaa002fe55','0','导入表结构','2026-03-21 14:45:18','2026-03-21 14:45:18',1,1),(2,'/api/v1/generator/gencode/update/5','PUT','请求参数过长','127.0.0.1','内网IP','Windows','Edge',200,'{\"code\":0,\"msg\":\"编辑业务表信息成功\",\"data\":{\"id\":5,\"uuid\":\"ad0b7ff2-60f0-4c91-b0cb-c6cbc75f54f1\",\"status\":\"0\",\"description\":null,\"created_time\":\"2026-03-21 14:45:18\",\"updated_time\":\"2026-03-21 14:46:30\",\"table_name\":\"produce_craft_route\",\"table_comment\":\"工艺路线表\",\"class_name\":\"ProduceCraftRoute\",\"package_name\":\"gencode\",\"module_name\":\"module_produce\",\"business_name\":\"craftroute\",\"function_name\":\"工艺路线\",\"sub_table_name\":null,\"sub_table_fk_name\":null,\"parent_menu_id\":163,\"columns\":[{\"id\":25,\"uuid\":\"10d4ecdb-b3e4-477b-af47-7da4db989ad2\",\"status\":\"0\",\"description\":null,\"created_time\":\"2026-03-21 14:45:18\",\"updated_time\":\"2026-03-21 14:45:18\",\"table_id\":5,\"column_name\":\"id\",\"column_comment\":\"工艺路线ID\",\"column_type\":\"INTEGER\",\"column_length\":\"\",\"column_default\":\"\",\"is_pk\":true,\"is_increment\":true,\"is_nullable\":false,\"is_unique\":false,\"python_type\":\"int\",\"python_field\":\"id\",\"is_insert\":true,\"is_edit\":false,\"is_list\":false,\"is_query\":false,\"query_type\":null,\"html_type\":\"input\",\"dict_type\":\"\",\"sort\":1,\"super_column\":\"0\"},{\"id\":26,\"uuid\":\"af5255ce-6dac-4a33-8c6a-f357eab5feab\",\"status\":\"0\",\"description\":null,\"created_time\":\"2026-03-21 14:45:18\",\"updated_time\":\"2026-03-21 14:45:18\",\"table_id\":5,\"column_name\":\"type\",\"column_comment\":\"工艺路线\",\"column_type\":\"INTEGER\",\"column_length\":\"\",\"column_default\":\"\",\"is_pk\":false,\"is_increment\":false,\"is_nullable\":false,\"is_unique\":false,\"python_type\":\"int\",\"python_field\":\"type\",\"is_insert\":true,\"is_edit\":true,\"is_list\":true,\"is_query\":true,\"query_type\":\"EQ\",\"html_type\":\"input\",\"dict_type\":\"\",\"sort\":2,\"super_column\":\"0\"},{\"id\":27,\"uuid\":\"2cd11813-9e94-4ac0-a940-da804e3b2197\",\"status\":\"0\",\"description\":null,\"created_time\":\"2026-03-21 14:45:18\",\"updated_time\":\"2026-03-21 14:45:18\",\"table_id\":5,\"column_name\":\"sort\",\"column_comment\":\"排序\",\"column_type\":\"INTEGER\",\"column_length\":\"\",\"column_default\":\"\",\"is_pk\":false,\"is_increment\":false,\"is_nullable\":false,\"is_unique\":false,\"python_type\":\"int\",\"python_field\":\"sort\",\"is_insert\":true,\"is_edit\":true,\"is_list\":true,\"is_query\":true,\"query_type\":\"EQ\",\"html_type\":\"input\",\"dict_type\":\"\",\"sort\":3,\"super_column\":\"0\"},{\"id\":28,\"uuid\":\"177976eb-4569-4841-95d5-71ba98b94d9b\",\"status\":\"0\",\"description\":null,\"created_time\":\"2026-03-21 14:45:18\",\"updated_time\":\"2026-03-21 14:45:18\",\"table_id\":5,\"column_name\":\"craft_id\",\"column_comment\":\"工艺ID\",\"column_type\":\"INTEGER\",\"column_length\":\"\",\"column_default\":\"\",\"is_pk\":false,\"is_increment\":false,\"is_nullable\":false,\"is_unique\":false,\"python_type\":\"int\",\"python_field\":\"craftId\",\"is_insert\":true,\"is_edit\":true,\"is_list\":true,\"is_query\":true,\"query_type\":\"EQ\",\"html_type\":\"input\",\"dict_type\":\"\",\"sort\":4,\"super_column\":\"0\"},{\"id\":29,\"uuid\":\"df903b80-7f2b-4803-860c-54129a13e8fa\",\"status\":\"0\",\"description\":null,\"created_time\":\"2026-03-21 14:45:18\",\"updated_time\":\"2026-03-21 14:45:18\",\"table_id\":5,\"column_name\":\"uuid\",\"column_comment\":\"UUID全局唯一标识\",\"column_type\":\"VARCHAR(64)\",\"column_length\":\"64\",\"column_default\":\"(uuid())\",\"is_pk\":false,\"is_increment\":false,\"is_nullable\":false,\"is_unique\":true,\"python_type\":\"str\",\"python_field\":\"uuid\",\"is_insert\":true,\"is_edit\":false,\"is_list\":false,\"is_query\":false,\"query_type\":null,\"html_type\":\"input\",\"dict_type\":\"\",\"sort\":5,\"super_column\":\"0\"},{\"id\":30,\"uuid\":\"d1c391f4-4010-40bb-a0b8-b55e311c0e1a\",\"status\":\"0\",\"description\":null,\"created_time\":\"2026-03-21 14:45:18\",\"updated_time\":\"2026-03-21 14:45:18\",\"table_id\":5,\"column_name\":\"status\",\"column_comment\":\"是否启用(0:启用 1:禁用)\",\"column_type\":\"VARCHAR(10)\",\"column_length\":\"10\",\"column_default\":\"\'0\'\",\"is_pk\":false,\"is_increment\":false,\"is_nullable\":false,\"is_unique\":false,\"python_type\":\"str\",\"python_field\":\"status\",\"is_insert\":true,\"is_edit\":true,\"is_list\":true,\"is_query\":true,\"query_type\":\"EQ\",\"html_type\":\"input\",\"dict_type\":\"\",\"sort\":6,\"super_column\":\"0\"},{\"id\":31,\"uuid\":\"3e05a8d0-52c1-4438-8d02-e1e28c50ac1a\",\"status\":\"0\",\"description\":null,\"created_time\":\"2026-03-21 14:45:18\",\"updated_time\":\"2026-03-21 14:45:18\",\"table_id\":5,\"column_name\":\"description\",\"column_comment\":\"备注/描述\",\"column_type\":\"TEXT\",\"column_length\":\"\",\"column_default\":\"\",\"is_pk\":false,\"is_increment\":false,\"is_nullable\":true,\"is_unique\":false,\"python_type\":\"str\",\"python_field\":\"description\",\"is_insert\":true,\"is_edit\":true,\"is_list\":true,\"is_query\":false,\"query_type\":null,\"html_type\":\"input\",\"dict_type\":\"\",\"sort\":7,\"super_column\":\"0\"},{\"id\":32,\"uuid\":\"4dfb4bb4-5504-4e50-9af6-9a83e950d6d9\",\"status\":\"0\",\"description\":null,\"created_time\":\"2026-03-21 14:45:18\",\"updated_time\":\"2026-03-21 14:45:18\",\"table_id\":5,\"column_name\":\"created_time\",\"column_comment\":\"创建时间\",\"column_type\":\"DATETIME\",\"column_length\":\"\",\"column_default\":\"CURRENT_TIMESTAMP\",\"is_pk\":false,\"is_increment\":false,\"is_nullable\":false,\"is_unique\":false,\"python_type\":\"datetime\",\"python_field\":\"createdTime\",\"is_insert\":true,\"is_edit\":false,\"is_list\":true,\"is_query\":true,\"query_type\":\"EQ\",\"html_type\":\"input\",\"dict_type\":\"\",\"sort\":8,\"super_column\":\"0\"},{\"id\":33,\"uuid\":\"be9406fd-ac3a-47f0-95c2-e91338a3b435\",\"status\":\"0\",\"description\":null,\"created_time\":\"2026-03-21 14:45:18\",\"updated_time\":\"2026-03-21 14:45:18\",\"table_id\":5,\"column_name\":\"updated_time\",\"column_comment\":\"更新时间\",\"column_type\":\"DATETIME\",\"column_length\":\"\",\"column_default\":\"CURRENT_TIMESTAMP ON UPDATE CURRENT_TIMESTAMP\",\"is_pk\":false,\"is_increment\":false,\"is_nullable\":false,\"is_unique\":false,\"python_type\":\"datetime\",\"python_field\":\"updatedTime\",\"is_insert\":true,\"is_edit\":false,\"is_list\":true,\"is_query\":true,\"query_type\":\"EQ\",\"html_type\":\"input\",\"dict_type\":\"\",\"sort\":9,\"super_column\":\"0\"},{\"id\":34,\"uuid\":\"01ec2e54-d210-4329-826a-50302a902304\",\"status\":\"0\",\"description\":null,\"created_time\":\"2026-03-21 14:45:18\",\"updated_time\":\"2026-03-21 14:45:18\",\"table_id\":5,\"column_name\":\"created_id\",\"column_comment\":\"创建人ID\",\"column_type\":\"INTEGER\",\"column_length\":\"\",\"column_default\":\"\",\"is_pk\":false,\"is_increment\":false,\"is_nullable\":true,\"is_unique\":false,\"python_type\":\"int\",\"python_field\":\"createdId\",\"is_insert\":true,\"is_edit\":true,\"is_list\":true,\"is_query\":true,\"query_type\":\"EQ\",\"html_type\":\"input\",\"dict_type\":\"\",\"sort\":10,\"super_column\":\"0\"},{\"id\":35,\"uuid\":\"96b27399-1d8d-4083-924d-98daa7389363\",\"status\":\"0\",\"description\":null,\"created_time\":\"2026-03-21 14:45:18\",\"updated_time\":\"2026-03-21 14:45:18\",\"table_id\":5,\"column_name\":\"updated_id\",\"column_comment\":\"更新人ID\",\"column_type\":\"INTEGER\",\"column_length\":\"\",\"column_default\":\"\",\"is_pk\":false,\"is_increment\":false,\"is_nullable\":true,\"is_unique\":false,\"python_type\":\"int\",\"python_field\":\"updatedId\",\"is_insert\":true,\"is_edit\":true,\"is_list\":true,\"is_query\":true,\"query_type\":\"EQ\",\"html_type\":\"input\",\"dict_type\":\"\",\"sort\":11,\"super_column\":\"0\"}],\"pk_column\":null,\"sub_table\":null,\"sub\":null},\"status_code\":200,\"success\":true}','0.83s',74,'27e7d5b8-9bba-4b9d-a875-0d24dbf82879','0','编辑业务表信息','2026-03-21 14:46:31','2026-03-21 14:46:31',1,1),(2,'/api/v1/generator/gencode/update/5','PUT','请求参数过长','127.0.0.1','内网IP','Windows','Edge',200,'{\"code\":0,\"msg\":\"编辑业务表信息成功\",\"data\":{\"id\":5,\"uuid\":\"ad0b7ff2-60f0-4c91-b0cb-c6cbc75f54f1\",\"status\":\"0\",\"description\":null,\"created_time\":\"2026-03-21 14:45:18\",\"updated_time\":\"2026-03-21 14:46:30\",\"table_name\":\"produce_craft_route\",\"table_comment\":\"工艺路线表\",\"class_name\":\"ProduceCraftRoute\",\"package_name\":\"gencode\",\"module_name\":\"module_produce\",\"business_name\":\"craftroute\",\"function_name\":\"工艺路线\",\"sub_table_name\":null,\"sub_table_fk_name\":null,\"parent_menu_id\":163,\"columns\":[{\"id\":25,\"uuid\":\"10d4ecdb-b3e4-477b-af47-7da4db989ad2\",\"status\":\"0\",\"description\":null,\"created_time\":\"2026-03-21 14:45:18\",\"updated_time\":\"2026-03-21 14:45:18\",\"table_id\":5,\"column_name\":\"id\",\"column_comment\":\"工艺路线ID\",\"column_type\":\"INTEGER\",\"column_length\":\"\",\"column_default\":\"\",\"is_pk\":true,\"is_increment\":true,\"is_nullable\":false,\"is_unique\":false,\"python_type\":\"int\",\"python_field\":\"id\",\"is_insert\":true,\"is_edit\":false,\"is_list\":false,\"is_query\":false,\"query_type\":null,\"html_type\":\"input\",\"dict_type\":\"\",\"sort\":1,\"super_column\":\"0\"},{\"id\":26,\"uuid\":\"af5255ce-6dac-4a33-8c6a-f357eab5feab\",\"status\":\"0\",\"description\":null,\"created_time\":\"2026-03-21 14:45:18\",\"updated_time\":\"2026-03-21 14:45:18\",\"table_id\":5,\"column_name\":\"type\",\"column_comment\":\"工艺路线\",\"column_type\":\"INTEGER\",\"column_length\":\"\",\"column_default\":\"\",\"is_pk\":false,\"is_increment\":false,\"is_nullable\":false,\"is_unique\":false,\"python_type\":\"int\",\"python_field\":\"type\",\"is_insert\":true,\"is_edit\":true,\"is_list\":true,\"is_query\":true,\"query_type\":\"EQ\",\"html_type\":\"input\",\"dict_type\":\"\",\"sort\":2,\"super_column\":\"0\"},{\"id\":27,\"uuid\":\"2cd11813-9e94-4ac0-a940-da804e3b2197\",\"status\":\"0\",\"description\":null,\"created_time\":\"2026-03-21 14:45:18\",\"updated_time\":\"2026-03-21 14:45:18\",\"table_id\":5,\"column_name\":\"sort\",\"column_comment\":\"排序\",\"column_type\":\"INTEGER\",\"column_length\":\"\",\"column_default\":\"\",\"is_pk\":false,\"is_increment\":false,\"is_nullable\":false,\"is_unique\":false,\"python_type\":\"int\",\"python_field\":\"sort\",\"is_insert\":true,\"is_edit\":true,\"is_list\":true,\"is_query\":true,\"query_type\":\"EQ\",\"html_type\":\"input\",\"dict_type\":\"\",\"sort\":3,\"super_column\":\"0\"},{\"id\":28,\"uuid\":\"177976eb-4569-4841-95d5-71ba98b94d9b\",\"status\":\"0\",\"description\":null,\"created_time\":\"2026-03-21 14:45:18\",\"updated_time\":\"2026-03-21 14:45:18\",\"table_id\":5,\"column_name\":\"craft_id\",\"column_comment\":\"工艺ID\",\"column_type\":\"INTEGER\",\"column_length\":\"\",\"column_default\":\"\",\"is_pk\":false,\"is_increment\":false,\"is_nullable\":false,\"is_unique\":false,\"python_type\":\"int\",\"python_field\":\"craftId\",\"is_insert\":true,\"is_edit\":true,\"is_list\":true,\"is_query\":true,\"query_type\":\"EQ\",\"html_type\":\"input\",\"dict_type\":\"\",\"sort\":4,\"super_column\":\"0\"},{\"id\":29,\"uuid\":\"df903b80-7f2b-4803-860c-54129a13e8fa\",\"status\":\"0\",\"description\":null,\"created_time\":\"2026-03-21 14:45:18\",\"updated_time\":\"2026-03-21 14:45:18\",\"table_id\":5,\"column_name\":\"uuid\",\"column_comment\":\"UUID全局唯一标识\",\"column_type\":\"VARCHAR(64)\",\"column_length\":\"64\",\"column_default\":\"(uuid())\",\"is_pk\":false,\"is_increment\":false,\"is_nullable\":false,\"is_unique\":true,\"python_type\":\"str\",\"python_field\":\"uuid\",\"is_insert\":true,\"is_edit\":false,\"is_list\":false,\"is_query\":false,\"query_type\":null,\"html_type\":\"input\",\"dict_type\":\"\",\"sort\":5,\"super_column\":\"0\"},{\"id\":30,\"uuid\":\"d1c391f4-4010-40bb-a0b8-b55e311c0e1a\",\"status\":\"0\",\"description\":null,\"created_time\":\"2026-03-21 14:45:18\",\"updated_time\":\"2026-03-21 14:48:56\",\"table_id\":5,\"column_name\":\"status\",\"column_comment\":\"是否启用(0:启用 1:禁用)\",\"column_type\":\"VARCHAR(10)\",\"column_length\":\"10\",\"column_default\":\"\'0\'\",\"is_pk\":false,\"is_increment\":false,\"is_nullable\":false,\"is_unique\":false,\"python_type\":\"str\",\"python_field\":\"status\",\"is_insert\":true,\"is_edit\":true,\"is_list\":true,\"is_query\":true,\"query_type\":\"EQ\",\"html_type\":\"radio\",\"dict_type\":\"\",\"sort\":6,\"super_column\":\"0\"},{\"id\":31,\"uuid\":\"3e05a8d0-52c1-4438-8d02-e1e28c50ac1a\",\"status\":\"0\",\"description\":null,\"created_time\":\"2026-03-21 14:45:18\",\"updated_time\":\"2026-03-21 14:45:18\",\"table_id\":5,\"column_name\":\"description\",\"column_comment\":\"备注/描述\",\"column_type\":\"TEXT\",\"column_length\":\"\",\"column_default\":\"\",\"is_pk\":false,\"is_increment\":false,\"is_nullable\":true,\"is_unique\":false,\"python_type\":\"str\",\"python_field\":\"description\",\"is_insert\":true,\"is_edit\":true,\"is_list\":true,\"is_query\":false,\"query_type\":null,\"html_type\":\"input\",\"dict_type\":\"\",\"sort\":7,\"super_column\":\"0\"},{\"id\":32,\"uuid\":\"4dfb4bb4-5504-4e50-9af6-9a83e950d6d9\",\"status\":\"0\",\"description\":null,\"created_time\":\"2026-03-21 14:45:18\",\"updated_time\":\"2026-03-21 14:48:56\",\"table_id\":5,\"column_name\":\"created_time\",\"column_comment\":\"创建时间\",\"column_type\":\"DATETIME\",\"column_length\":\"\",\"column_default\":\"CURRENT_TIMESTAMP\",\"is_pk\":false,\"is_increment\":false,\"is_nullable\":false,\"is_unique\":false,\"python_type\":\"datetime\",\"python_field\":\"createdTime\",\"is_insert\":true,\"is_edit\":false,\"is_list\":true,\"is_query\":true,\"query_type\":\"EQ\",\"html_type\":\"datetime\",\"dict_type\":\"\",\"sort\":8,\"super_column\":\"0\"},{\"id\":33,\"uuid\":\"be9406fd-ac3a-47f0-95c2-e91338a3b435\",\"status\":\"0\",\"description\":null,\"created_time\":\"2026-03-21 14:45:18\",\"updated_time\":\"2026-03-21 14:48:57\",\"table_id\":5,\"column_name\":\"updated_time\",\"column_comment\":\"更新时间\",\"column_type\":\"DATETIME\",\"column_length\":\"\",\"column_default\":\"CURRENT_TIMESTAMP ON UPDATE CURRENT_TIMESTAMP\",\"is_pk\":false,\"is_increment\":false,\"is_nullable\":false,\"is_unique\":false,\"python_type\":\"datetime\",\"python_field\":\"updatedTime\",\"is_insert\":true,\"is_edit\":false,\"is_list\":true,\"is_query\":true,\"query_type\":\"EQ\",\"html_type\":\"datetime\",\"dict_type\":\"\",\"sort\":9,\"super_column\":\"0\"},{\"id\":34,\"uuid\":\"01ec2e54-d210-4329-826a-50302a902304\",\"status\":\"0\",\"description\":null,\"created_time\":\"2026-03-21 14:45:18\",\"updated_time\":\"2026-03-21 14:48:57\",\"table_id\":5,\"column_name\":\"created_id\",\"column_comment\":\"创建人ID\",\"column_type\":\"INTEGER\",\"column_length\":\"\",\"column_default\":\"\",\"is_pk\":false,\"is_increment\":false,\"is_nullable\":true,\"is_unique\":false,\"python_type\":\"int\",\"python_field\":\"createdId\",\"is_insert\":true,\"is_edit\":true,\"is_list\":true,\"is_query\":true,\"query_type\":\"EQ\",\"html_type\":\"select\",\"dict_type\":\"\",\"sort\":10,\"super_column\":\"0\"},{\"id\":35,\"uuid\":\"96b27399-1d8d-4083-924d-98daa7389363\",\"status\":\"0\",\"description\":null,\"created_time\":\"2026-03-21 14:45:18\",\"updated_time\":\"2026-03-21 14:48:57\",\"table_id\":5,\"column_name\":\"updated_id\",\"column_comment\":\"更新人ID\",\"column_type\":\"INTEGER\",\"column_length\":\"\",\"column_default\":\"\",\"is_pk\":false,\"is_increment\":false,\"is_nullable\":true,\"is_unique\":false,\"python_type\":\"int\",\"python_field\":\"updatedId\",\"is_insert\":true,\"is_edit\":true,\"is_list\":true,\"is_query\":true,\"query_type\":\"EQ\",\"html_type\":\"select\",\"dict_type\":\"\",\"sort\":11,\"super_column\":\"0\"}],\"pk_column\":null,\"sub_table\":null,\"sub\":null},\"status_code\":200,\"success\":true}','0.71s',75,'c1aff875-57b2-4761-a1cc-3830f4fba61e','0','编辑业务表信息','2026-03-21 14:48:57','2026-03-21 14:48:57',1,1),(2,'/api/v1/generator/gencode/batch/output','PATCH','{\"body\": [\"produce_craft_route\"]}','127.0.0.1','内网IP','Windows','Edge',200,'{}','0.07s',76,'6f8f82db-43fa-4c8b-a2ff-1e73743c226a','0','批量生成代码','2026-03-21 14:49:00','2026-03-21 14:49:00',1,1),(2,'/api/v1/system/menu/update/163','PUT','{\"body\": {\"id\": 163, \"name\": \"工艺路线\", \"type\": 2, \"icon\": \"el-icon-AddLocation\", \"order\": 3, \"permission\": \"module_produce:craft:query\", \"route_name\": \"Craftrouter\", \"route_path\": \"/produce/craftrouter\", \"component_path\": \"module_produce/craftrouter/index\", \"redirect\": null, \"parent_id\": 160, \"keep_alive\": false, \"hidden\": false, \"always_show\": false, \"title\": \"工艺路线\", \"params\": [], \"affix\": false, \"status\": \"0\", \"description\": null, \"uuid\": \"c955a625-983d-473b-b15b-0f96530e9020\", \"created_time\": \"2026-03-21 14:02:12\", \"updated_time\": \"2026-03-21 14:02:12\", \"parent_name\": \"生产管理\"}, \"path_params\": {\"id\": \"163\"}}','127.0.0.1','内网IP','Windows','Edge',200,'{\"code\":0,\"msg\":\"修改菜单成功\",\"data\":{\"id\":163,\"uuid\":\"c955a625-983d-473b-b15b-0f96530e9020\",\"status\":\"0\",\"description\":null,\"created_time\":\"2026-03-21 14:02:12\",\"updated_time\":\"2026-03-21 14:51:59\",\"name\":\"工艺路线\",\"type\":2,\"order\":3,\"permission\":\"module_produce:craft:query\",\"icon\":\"el-icon-AddLocation\",\"route_name\":\"Craftrouter\",\"route_path\":\"/produce/craftrouter\",\"component_path\":\"module_produce/craftrouter/index\",\"redirect\":null,\"hidden\":false,\"keep_alive\":false,\"always_show\":false,\"title\":\"工艺路线\",\"params\":[],\"affix\":false,\"parent_id\":160,\"parent_name\":null},\"status_code\":200,\"success\":true}','0.07s',77,'dd5be24d-7cc3-40ed-bde5-13acc59ae071','0','修改菜单','2026-03-21 14:51:59','2026-03-21 14:51:59',1,1),(2,'/api/v1/system/menu/update/163','PUT','{\"body\": {\"id\": 163, \"name\": \"工艺路线\", \"type\": 2, \"icon\": \"el-icon-AddLocation\", \"order\": 3, \"permission\": \"module_produce:craft:query\", \"route_name\": \"Craftroute\", \"route_path\": \"/produce/craftroute\", \"component_path\": \"module_produce/craftroute/index\", \"redirect\": null, \"parent_id\": 160, \"keep_alive\": false, \"hidden\": false, \"always_show\": false, \"title\": \"工艺路线\", \"params\": [], \"affix\": false, \"status\": \"0\", \"description\": null, \"uuid\": \"c955a625-983d-473b-b15b-0f96530e9020\", \"created_time\": \"2026-03-21 14:02:12\", \"updated_time\": \"2026-03-21 14:51:59\", \"parent_name\": \"生产管理\"}, \"path_params\": {\"id\": \"163\"}}','127.0.0.1','内网IP','Windows','Edge',200,'{\"code\":0,\"msg\":\"修改菜单成功\",\"data\":{\"id\":163,\"uuid\":\"c955a625-983d-473b-b15b-0f96530e9020\",\"status\":\"0\",\"description\":null,\"created_time\":\"2026-03-21 14:02:12\",\"updated_time\":\"2026-03-21 14:55:35\",\"name\":\"工艺路线\",\"type\":2,\"order\":3,\"permission\":\"module_produce:craft:query\",\"icon\":\"el-icon-AddLocation\",\"route_name\":\"Craftroute\",\"route_path\":\"/produce/craftroute\",\"component_path\":\"module_produce/craftroute/index\",\"redirect\":null,\"hidden\":false,\"keep_alive\":false,\"always_show\":false,\"title\":\"工艺路线\",\"params\":[],\"affix\":false,\"parent_id\":160,\"parent_name\":null},\"status_code\":200,\"success\":true}','0.06s',78,'f3c9a829-9f0a-49c5-88a5-e1a2637eee63','0','修改菜单','2026-03-21 14:55:36','2026-03-21 14:55:36',1,1),(1,'/api/v1/system/auth/login','POST','username: admin\npassword: 123456\ncaptcha: 3\ncaptcha_key: 63a2bc9c030d429f8f562eb0df3782c1\nremember: true\nlogin_type: PC端','127.0.0.1','内网IP','Windows','Edge',200,'{\"code\":0,\"msg\":\"登录成功\",\"data\":{\"access_token\":\"eyJhbGciOiJIUzI1NiIsInR5cCI6IkpXVCJ9.eyJzdWIiOiJ7XCJuYW1lXCI6XCJcdThkODVcdTdlYTdcdTdiYTFcdTc0MDZcdTU0NThcIixcInNlc3Npb25faWRcIjpcIjBlNWI3MjdiLTAyNWEtNGIwYS1iNTRkLWViY2JmMWVjYzlkMFwiLFwidXNlcl9pZFwiOjEsXCJ1c2VyX25hbWVcIjpcImFkbWluXCIsXCJpcGFkZHJcIjpcIjEyNy4wLjAuMVwiLFwibG9naW5fbG9jYXRpb25cIjpcIlx1NTE4NVx1N2Y1MUlQXCIsXCJvc1wiOlwiV2luZG93c1wiLFwiYnJvd3NlclwiOlwiRWRnZVwiLFwibG9naW5fdGltZVwiOlwiMjAyNi0wMy0yMSAxNTozNzo0M1wiLFwibG9naW5fdHlwZVwiOlwiUENcdTdhZWZcIn0iLCJpc19yZWZyZXNoIjpmYWxzZSwiZXhwIjoxNzc0MTA5MjYyfQ.ZHcvISYY80kl8tSy7W3oDlmN9rMZuhgZzbWbTe1m_e4\",\"refresh_token\":\"eyJhbGciOiJIUzI1NiIsInR5cCI6IkpXVCJ9.eyJzdWIiOiJ7XCJuYW1lXCI6XCJcdThkODVcdTdlYTdcdTdiYTFcdTc0MDZcdTU0NThcIixcInNlc3Npb25faWRcIjpcIjBlNWI3MjdiLTAyNWEtNGIwYS1iNTRkLWViY2JmMWVjYzlkMFwiLFwidXNlcl9pZFwiOjEsXCJ1c2VyX25hbWVcIjpcImFkbWluXCIsXCJpcGFkZHJcIjpcIjEyNy4wLjAuMVwiLFwibG9naW5fbG9jYXRpb25cIjpcIlx1NTE4NVx1N2Y1MUlQXCIsXCJvc1wiOlwiV2luZG93c1wiLFwiYnJvd3NlclwiOlwiRWRnZVwiLFwibG9naW5fdGltZVwiOlwiMjAyNi0wMy0yMSAxNTozNzo0M1wiLFwibG9naW5fdHlwZVwiOlwiUENcdTdhZWZcIn0iLCJpc19yZWZyZXNoIjp0cnVlLCJleHAiOjE3NzQxMDkyNjJ9.DZoVPvFgIbeWJIX4mL8hRrhCVT5h8IbV1vV5gj7bZKU\",\"token_type\":\"bearer\",\"expires_in\":1800},\"status_code\":200,\"success\":true}','0.30s',79,'fcbed569-5cb9-49a1-81c2-f5c46aae94b7','0','登录','2026-03-21 15:37:43','2026-03-21 15:37:43',NULL,NULL),(1,'/api/v1/system/auth/login','POST','username: admin\npassword: 123456\ncaptcha: 2\ncaptcha_key: d1cba8c9cb7946b69ec3b58c3627dad9\nremember: true\nlogin_type: PC端','127.0.0.1','内网IP','Windows','Edge',200,'{\"code\":0,\"msg\":\"登录成功\",\"data\":{\"access_token\":\"eyJhbGciOiJIUzI1NiIsInR5cCI6IkpXVCJ9.eyJzdWIiOiJ7XCJuYW1lXCI6XCJcdThkODVcdTdlYTdcdTdiYTFcdTc0MDZcdTU0NThcIixcInNlc3Npb25faWRcIjpcIjhkN2Y4NDM0LTNmNmYtNDNiZS05NDBjLTA5M2RkYWEyMDY0ZlwiLFwidXNlcl9pZFwiOjEsXCJ1c2VyX25hbWVcIjpcImFkbWluXCIsXCJpcGFkZHJcIjpcIjEyNy4wLjAuMVwiLFwibG9naW5fbG9jYXRpb25cIjpcIlx1NTE4NVx1N2Y1MUlQXCIsXCJvc1wiOlwiV2luZG93c1wiLFwiYnJvd3NlclwiOlwiRWRnZVwiLFwibG9naW5fdGltZVwiOlwiMjAyNi0wMy0yMyAwODo1MjowNlwiLFwibG9naW5fdHlwZVwiOlwiUENcdTdhZWZcIn0iLCJpc19yZWZyZXNoIjpmYWxzZSwiZXhwIjoxNzc0MjU3NzI1fQ.uSnmM82GMYOMzwCBQPa4641bZ3J-pKHI3QOestSXqhk\",\"refresh_token\":\"eyJhbGciOiJIUzI1NiIsInR5cCI6IkpXVCJ9.eyJzdWIiOiJ7XCJuYW1lXCI6XCJcdThkODVcdTdlYTdcdTdiYTFcdTc0MDZcdTU0NThcIixcInNlc3Npb25faWRcIjpcIjhkN2Y4NDM0LTNmNmYtNDNiZS05NDBjLTA5M2RkYWEyMDY0ZlwiLFwidXNlcl9pZFwiOjEsXCJ1c2VyX25hbWVcIjpcImFkbWluXCIsXCJpcGFkZHJcIjpcIjEyNy4wLjAuMVwiLFwibG9naW5fbG9jYXRpb25cIjpcIlx1NTE4NVx1N2Y1MUlQXCIsXCJvc1wiOlwiV2luZG93c1wiLFwiYnJvd3NlclwiOlwiRWRnZVwiLFwibG9naW5fdGltZVwiOlwiMjAyNi0wMy0yMyAwODo1MjowNlwiLFwibG9naW5fdHlwZVwiOlwiUENcdTdhZWZcIn0iLCJpc19yZWZyZXNoIjp0cnVlLCJleHAiOjE3NzQyNTc3MjV9.ZVBWpRu2o7u7gAJ-Zsk2VyStBFFk1BOieY-fyapF-ho\",\"token_type\":\"bearer\",\"expires_in\":1800},\"status_code\":200,\"success\":true}','0.34s',80,'951d5272-3453-4083-a3a9-0b0e4f4976f6','0','登录','2026-03-23 08:52:06','2026-03-23 08:52:06',NULL,NULL),(2,'/api/v1/system/menu/update/164','PUT','{\"body\": {\"id\": 164, \"name\": \"工时管理\", \"type\": 2, \"icon\": \"el-icon-Clock\", \"order\": 5, \"permission\": \"module_produce:manhour:query\", \"route_name\": \"Manhour\", \"route_path\": \"/produce/manhour\", \"component_path\": \"module_produce/manhour/index\", \"redirect\": null, \"parent_id\": 160, \"keep_alive\": false, \"hidden\": false, \"always_show\": false, \"title\": \"工时管理\", \"params\": [], \"affix\": false, \"status\": \"0\", \"description\": null, \"uuid\": \"cbf6bebd-caae-4b07-bd80-317b89a18442\", \"created_time\": \"2026-03-21 14:05:06\", \"updated_time\": \"2026-03-21 14:05:06\", \"parent_name\": \"生产管理\"}, \"path_params\": {\"id\": \"164\"}}','127.0.0.1','内网IP','Windows','Edge',200,'{\"code\":0,\"msg\":\"修改菜单成功\",\"data\":{\"id\":164,\"uuid\":\"cbf6bebd-caae-4b07-bd80-317b89a18442\",\"status\":\"0\",\"description\":null,\"created_time\":\"2026-03-21 14:05:06\",\"updated_time\":\"2026-03-23 11:37:30\",\"name\":\"工时管理\",\"type\":2,\"order\":5,\"permission\":\"module_produce:manhour:query\",\"icon\":\"el-icon-Clock\",\"route_name\":\"Manhour\",\"route_path\":\"/produce/manhour\",\"component_path\":\"module_produce/manhour/index\",\"redirect\":null,\"hidden\":false,\"keep_alive\":false,\"always_show\":false,\"title\":\"工时管理\",\"params\":[],\"affix\":false,\"parent_id\":160,\"parent_name\":null},\"status_code\":200,\"success\":true}','0.07s',81,'df2cf277-c1bc-444a-9da1-237bb33c9ec7','0','修改菜单','2026-03-23 11:37:31','2026-03-23 11:37:31',1,1),(2,'/api/v1/system/menu/create','POST','{\"body\": {\"name\": \"工艺规划\", \"type\": 2, \"icon\": \"el-icon-Connection\", \"order\": 4, \"permission\": \"module_produce:craft:query\", \"route_name\": \"Craftplan\", \"route_path\": \"/produce/craftplan\", \"component_path\": \"module_produce/craftplan/index\", \"redirect\": \"\", \"parent_id\": 160, \"keep_alive\": false, \"hidden\": false, \"always_show\": false, \"title\": \"工艺规划\", \"params\": [], \"affix\": false, \"status\": \"0\", \"uuid\": \"cbf6bebd-caae-4b07-bd80-317b89a18442\", \"created_time\": \"2026-03-21 14:05:06\", \"updated_time\": \"2026-03-21 14:05:06\", \"parent_name\": \"生产管理\"}}','127.0.0.1','内网IP','Windows','Edge',200,'{\"code\":0,\"msg\":\"创建菜单成功\",\"data\":{\"id\":165,\"uuid\":\"e8d578ff-65a3-4139-8b3a-4b386b07380c\",\"status\":\"0\",\"description\":null,\"created_time\":\"2026-03-23 11:41:35\",\"updated_time\":\"2026-03-23 11:41:35\",\"name\":\"工艺规划\",\"type\":2,\"order\":4,\"permission\":\"module_produce:craft:query\",\"icon\":\"el-icon-Connection\",\"route_name\":\"Craftplan\",\"route_path\":\"/produce/craftplan\",\"component_path\":\"module_produce/craftplan/index\",\"redirect\":null,\"hidden\":false,\"keep_alive\":false,\"always_show\":false,\"title\":\"工艺规划\",\"params\":[],\"affix\":false,\"parent_id\":160,\"parent_name\":null},\"status_code\":200,\"success\":true}','0.05s',82,'aa675412-164a-4781-8d2d-1f311dce4a08','0','创建菜单','2026-03-23 11:41:35','2026-03-23 11:41:35',1,1),(1,'/api/v1/system/auth/login','POST','username: admin\npassword: 123456\ncaptcha: 11\ncaptcha_key: 0baf539364e64d538a16029e5457f3ee\nremember: true\nlogin_type: PC端','127.0.0.1','内网IP','Windows','Edge',200,'{\"code\":0,\"msg\":\"登录成功\",\"data\":{\"access_token\":\"eyJhbGciOiJIUzI1NiIsInR5cCI6IkpXVCJ9.eyJzdWIiOiJ7XCJuYW1lXCI6XCJcdThkODVcdTdlYTdcdTdiYTFcdTc0MDZcdTU0NThcIixcInNlc3Npb25faWRcIjpcImEzZDgzZDM5LTIyOTAtNDdlNS1iYjJlLTRlNjdlMGJlYWU2MFwiLFwidXNlcl9pZFwiOjEsXCJ1c2VyX25hbWVcIjpcImFkbWluXCIsXCJpcGFkZHJcIjpcIjEyNy4wLjAuMVwiLFwibG9naW5fbG9jYXRpb25cIjpcIlx1NTE4NVx1N2Y1MUlQXCIsXCJvc1wiOlwiV2luZG93c1wiLFwiYnJvd3NlclwiOlwiRWRnZVwiLFwibG9naW5fdGltZVwiOlwiMjAyNi0wMy0yMyAxMzo1OToyN1wiLFwibG9naW5fdHlwZVwiOlwiUENcdTdhZWZcIn0iLCJpc19yZWZyZXNoIjpmYWxzZSwiZXhwIjoxNzc0Mjc2MTY2fQ.sMSn2wIhR-Qei3u9TSMqX0DHAwrxCrjUhEb7gLY9Cfg\",\"refresh_token\":\"eyJhbGciOiJIUzI1NiIsInR5cCI6IkpXVCJ9.eyJzdWIiOiJ7XCJuYW1lXCI6XCJcdThkODVcdTdlYTdcdTdiYTFcdTc0MDZcdTU0NThcIixcInNlc3Npb25faWRcIjpcImEzZDgzZDM5LTIyOTAtNDdlNS1iYjJlLTRlNjdlMGJlYWU2MFwiLFwidXNlcl9pZFwiOjEsXCJ1c2VyX25hbWVcIjpcImFkbWluXCIsXCJpcGFkZHJcIjpcIjEyNy4wLjAuMVwiLFwibG9naW5fbG9jYXRpb25cIjpcIlx1NTE4NVx1N2Y1MUlQXCIsXCJvc1wiOlwiV2luZG93c1wiLFwiYnJvd3NlclwiOlwiRWRnZVwiLFwibG9naW5fdGltZVwiOlwiMjAyNi0wMy0yMyAxMzo1OToyN1wiLFwibG9naW5fdHlwZVwiOlwiUENcdTdhZWZcIn0iLCJpc19yZWZyZXNoIjp0cnVlLCJleHAiOjE3NzQyNzYxNjZ9.xDIq3WU0XdmhdENUfvMWV622lVTaimzmi116Vt1fEzQ\",\"token_type\":\"bearer\",\"expires_in\":1800},\"status_code\":200,\"success\":true}','0.28s',83,'38c53fb8-4873-43f8-ae3f-8e006f680383','0','登录','2026-03-23 13:59:27','2026-03-23 13:59:27',NULL,NULL),(2,'/api/v1/generator/gencode/create','POST','{\"body\": \"CREATE TABLE `produce_bom_route` (\\n  `bom_id` int NOT NULL COMMENT \'BOMID\',\\n  `route` int NOT NULL COMMENT \'工艺路线\',\\n  PRIMARY KEY (`bom_id`,`route`) USING BTREE,\\n  KEY `idx_route` (`route`),\\n  CONSTRAINT `fk_data_bom_id` FOREIGN KEY (`bom_id`) REFERENCES `data_bom` (`id`) ON DELETE CASCADE ON UPDATE CASCADE,\\n  CONSTRAINT `fk_produce_route_name_route` FOREIGN KEY (`route`) REFERENCES `produce_route_name` (`route`) ON DELETE CASCADE ON UPDATE CASCADE\\n) ENGINE=InnoDB DEFAULT CHARSET=utf8mb4 COLLATE=utf8mb4_unicode_ci COMMENT=\'BOM路线关联表\';\"}','127.0.0.1','内网IP','Windows','Edge',200,'{\"code\":0,\"msg\":\"创建表结构成功\",\"data\":true,\"status_code\":200,\"success\":true}','0.07s',84,'e89485f4-c904-4ef3-9250-4e5dded0895c','0','创建表结构','2026-03-23 14:47:22','2026-03-23 14:47:22',1,1),(2,'/api/v1/generator/gencode/import','POST','{\"body\": [\"produce_bom_route\"]}','127.0.0.1','内网IP','Windows','Edge',200,'{\"code\":0,\"msg\":\"导入表结构成功\",\"data\":true,\"status_code\":200,\"success\":true}','0.09s',85,'15e453b1-65fb-4cdf-8d08-be0418266db8','0','导入表结构','2026-03-23 14:47:36','2026-03-23 14:47:36',1,1),(2,'/api/v1/generator/gencode/update/6','PUT','{\"body\": {\"id\": 6, \"table_name\": \"produce_bom_route\", \"table_comment\": \"BOM路线关联表\", \"sub_table_name\": null, \"sub_table_fk_name\": null, \"class_name\": \"ProduceBomRoute\", \"package_name\": \"gencode\", \"module_name\": \"module_produce\", \"business_name\": \"bomroute\", \"function_name\": \"BOM路线关联\", \"description\": null, \"parent_menu_id\": 165, \"pk_column\": null, \"sub_table\": null, \"columns\": [{\"id\": 36, \"uuid\": \"23132d9a-a879-4413-9bd7-d98738220d49\", \"status\": \"0\", \"description\": null, \"created_time\": \"2026-03-23 14:47:36\", \"updated_time\": \"2026-03-23 14:47:36\", \"table_id\": 6, \"column_name\": \"bom_id\", \"column_comment\": \"BOMID\", \"column_type\": \"INTEGER\", \"column_length\": \"\", \"column_default\": \"\", \"is_pk\": true, \"is_increment\": false, \"is_nullable\": false, \"is_unique\": false, \"python_type\": \"int\", \"python_field\": \"bomId\", \"is_insert\": true, \"is_edit\": false, \"is_list\": false, \"is_query\": false, \"query_type\": null, \"html_type\": \"input\", \"dict_type\": \"\", \"sort\": 1, \"super_column\": \"0\", \"select\": true}, {\"id\": 37, \"uuid\": \"85109c08-b833-41ad-9a6d-12a45ca6ed5c\", \"status\": \"0\", \"description\": null, \"created_time\": \"2026-03-23 14:47:36\", \"updated_time\": \"2026-03-23 14:47:36\", \"table_id\": 6, \"column_name\": \"route\", \"column_comment\": \"工艺路线\", \"column_type\": \"INTEGER\", \"column_length\": \"\", \"column_default\": \"\", \"is_pk\": true, \"is_increment\": false, \"is_nullable\": false, \"is_unique\": false, \"python_type\": \"int\", \"python_field\": \"route\", \"is_insert\": true, \"is_edit\": false, \"is_list\": false, \"is_query\": false, \"query_type\": null, \"html_type\": \"input\", \"dict_type\": \"\", \"sort\": 2, \"super_column\": \"0\", \"select\": true}], \"sub\": null, \"uuid\": \"819a63fa-0839-4711-85e2-253f8884ee97\", \"status\": \"0\", \"created_time\": \"2026-03-23 14:47:36\", \"updated_time\": \"2026-03-23 14:47:36\"}, \"path_params\": {\"table_id\": \"6\"}}','127.0.0.1','内网IP','Windows','Edge',200,'{\"code\":0,\"msg\":\"编辑业务表信息成功\",\"data\":{\"id\":6,\"uuid\":\"819a63fa-0839-4711-85e2-253f8884ee97\",\"status\":\"0\",\"description\":null,\"created_time\":\"2026-03-23 14:47:36\",\"updated_time\":\"2026-03-23 14:49:58\",\"table_name\":\"produce_bom_route\",\"table_comment\":\"BOM路线关联表\",\"class_name\":\"ProduceBomRoute\",\"package_name\":\"gencode\",\"module_name\":\"module_produce\",\"business_name\":\"bomroute\",\"function_name\":\"BOM路线关联\",\"sub_table_name\":null,\"sub_table_fk_name\":null,\"parent_menu_id\":165,\"columns\":[{\"id\":36,\"uuid\":\"23132d9a-a879-4413-9bd7-d98738220d49\",\"status\":\"0\",\"description\":null,\"created_time\":\"2026-03-23 14:47:36\",\"updated_time\":\"2026-03-23 14:47:36\",\"table_id\":6,\"column_name\":\"bom_id\",\"column_comment\":\"BOMID\",\"column_type\":\"INTEGER\",\"column_length\":\"\",\"column_default\":\"\",\"is_pk\":true,\"is_increment\":false,\"is_nullable\":false,\"is_unique\":false,\"python_type\":\"int\",\"python_field\":\"bomId\",\"is_insert\":true,\"is_edit\":false,\"is_list\":false,\"is_query\":false,\"query_type\":null,\"html_type\":\"input\",\"dict_type\":\"\",\"sort\":1,\"super_column\":\"0\"},{\"id\":37,\"uuid\":\"85109c08-b833-41ad-9a6d-12a45ca6ed5c\",\"status\":\"0\",\"description\":null,\"created_time\":\"2026-03-23 14:47:36\",\"updated_time\":\"2026-03-23 14:47:36\",\"table_id\":6,\"column_name\":\"route\",\"column_comment\":\"工艺路线\",\"column_type\":\"INTEGER\",\"column_length\":\"\",\"column_default\":\"\",\"is_pk\":true,\"is_increment\":false,\"is_nullable\":false,\"is_unique\":false,\"python_type\":\"int\",\"python_field\":\"route\",\"is_insert\":true,\"is_edit\":false,\"is_list\":false,\"is_query\":false,\"query_type\":null,\"html_type\":\"input\",\"dict_type\":\"\",\"sort\":2,\"super_column\":\"0\"}],\"pk_column\":null,\"sub_table\":null,\"sub\":null},\"status_code\":200,\"success\":true}','0.30s',86,'1adb0a33-5e61-4013-a208-2e89732f6d48','0','编辑业务表信息','2026-03-23 14:49:58','2026-03-23 14:49:58',1,1),(2,'/api/v1/generator/gencode/update/6','PUT','{\"body\": {\"id\": 6, \"table_name\": \"produce_bom_route\", \"table_comment\": \"BOM路线关联表\", \"sub_table_name\": null, \"sub_table_fk_name\": null, \"class_name\": \"ProduceBomRoute\", \"package_name\": \"gencode\", \"module_name\": \"module_produce\", \"business_name\": \"bomroute\", \"function_name\": \"BOM路线关联\", \"description\": null, \"parent_menu_id\": 165, \"pk_column\": null, \"sub_table\": null, \"columns\": [{\"id\": 36, \"uuid\": \"23132d9a-a879-4413-9bd7-d98738220d49\", \"status\": \"0\", \"description\": null, \"created_time\": \"2026-03-23 14:47:36\", \"updated_time\": \"2026-03-23 14:47:36\", \"table_id\": 6, \"column_name\": \"bom_id\", \"column_comment\": \"BOMID\", \"column_type\": \"INTEGER\", \"column_length\": \"\", \"column_default\": \"\", \"is_pk\": true, \"is_increment\": false, \"is_nullable\": false, \"is_unique\": false, \"python_type\": \"int\", \"python_field\": \"bomId\", \"is_insert\": true, \"is_edit\": false, \"is_list\": false, \"is_query\": false, \"query_type\": null, \"html_type\": \"input\", \"dict_type\": \"\", \"sort\": 1, \"super_column\": \"0\", \"select\": true}, {\"id\": 37, \"uuid\": \"85109c08-b833-41ad-9a6d-12a45ca6ed5c\", \"status\": \"0\", \"description\": null, \"created_time\": \"2026-03-23 14:47:36\", \"updated_time\": \"2026-03-23 14:47:36\", \"table_id\": 6, \"column_name\": \"route\", \"column_comment\": \"工艺路线\", \"column_type\": \"INTEGER\", \"column_length\": \"\", \"column_default\": \"\", \"is_pk\": true, \"is_increment\": false, \"is_nullable\": false, \"is_unique\": false, \"python_type\": \"int\", \"python_field\": \"route\", \"is_insert\": true, \"is_edit\": false, \"is_list\": false, \"is_query\": false, \"query_type\": null, \"html_type\": \"input\", \"dict_type\": \"\", \"sort\": 2, \"super_column\": \"0\", \"select\": true}], \"sub\": null, \"uuid\": \"819a63fa-0839-4711-85e2-253f8884ee97\", \"status\": \"0\", \"created_time\": \"2026-03-23 14:47:36\", \"updated_time\": \"2026-03-23 14:47:36\"}, \"path_params\": {\"table_id\": \"6\"}}','127.0.0.1','内网IP','Windows','Edge',200,'{\"code\":0,\"msg\":\"编辑业务表信息成功\",\"data\":{\"id\":6,\"uuid\":\"819a63fa-0839-4711-85e2-253f8884ee97\",\"status\":\"0\",\"description\":null,\"created_time\":\"2026-03-23 14:47:36\",\"updated_time\":\"2026-03-23 14:49:58\",\"table_name\":\"produce_bom_route\",\"table_comment\":\"BOM路线关联表\",\"class_name\":\"ProduceBomRoute\",\"package_name\":\"gencode\",\"module_name\":\"module_produce\",\"business_name\":\"bomroute\",\"function_name\":\"BOM路线关联\",\"sub_table_name\":null,\"sub_table_fk_name\":null,\"parent_menu_id\":165,\"columns\":[{\"id\":36,\"uuid\":\"23132d9a-a879-4413-9bd7-d98738220d49\",\"status\":\"0\",\"description\":null,\"created_time\":\"2026-03-23 14:47:36\",\"updated_time\":\"2026-03-23 14:47:36\",\"table_id\":6,\"column_name\":\"bom_id\",\"column_comment\":\"BOMID\",\"column_type\":\"INTEGER\",\"column_length\":\"\",\"column_default\":\"\",\"is_pk\":true,\"is_increment\":false,\"is_nullable\":false,\"is_unique\":false,\"python_type\":\"int\",\"python_field\":\"bomId\",\"is_insert\":true,\"is_edit\":false,\"is_list\":false,\"is_query\":false,\"query_type\":null,\"html_type\":\"input\",\"dict_type\":\"\",\"sort\":1,\"super_column\":\"0\"},{\"id\":37,\"uuid\":\"85109c08-b833-41ad-9a6d-12a45ca6ed5c\",\"status\":\"0\",\"description\":null,\"created_time\":\"2026-03-23 14:47:36\",\"updated_time\":\"2026-03-23 14:47:36\",\"table_id\":6,\"column_name\":\"route\",\"column_comment\":\"工艺路线\",\"column_type\":\"INTEGER\",\"column_length\":\"\",\"column_default\":\"\",\"is_pk\":true,\"is_increment\":false,\"is_nullable\":false,\"is_unique\":false,\"python_type\":\"int\",\"python_field\":\"route\",\"is_insert\":true,\"is_edit\":false,\"is_list\":false,\"is_query\":false,\"query_type\":null,\"html_type\":\"input\",\"dict_type\":\"\",\"sort\":2,\"super_column\":\"0\"}],\"pk_column\":null,\"sub_table\":null,\"sub\":null},\"status_code\":200,\"success\":true}','0.25s',87,'6d793ab8-4e1d-4ce8-a2df-a917a891755d','0','编辑业务表信息','2026-03-23 14:50:28','2026-03-23 14:50:28',1,1),(2,'/api/v1/generator/gencode/batch/output','PATCH','{\"body\": [\"produce_bom_route\"]}','127.0.0.1','内网IP','Windows','Edge',200,'{}','0.07s',88,'78d91f9e-9fd4-4d69-99a6-06295d37ba61','0','批量生成代码','2026-03-23 14:50:31','2026-03-23 14:50:31',1,1),(2,'/api/v1/system/menu/update/165','PUT','{\"body\": {\"id\": 165, \"name\": \"工艺规划\", \"type\": 2, \"icon\": \"el-icon-Connection\", \"order\": 4, \"permission\": \"module_produce:craft:query\", \"route_name\": \"Bomroute\", \"route_path\": \"/produce/bomroute\", \"component_path\": \"module_produce/bomroute/index\", \"redirect\": null, \"parent_id\": 160, \"keep_alive\": false, \"hidden\": false, \"always_show\": false, \"title\": \"工艺规划\", \"params\": [], \"affix\": false, \"status\": \"0\", \"description\": null, \"uuid\": \"e8d578ff-65a3-4139-8b3a-4b386b07380c\", \"created_time\": \"2026-03-23 11:41:35\", \"updated_time\": \"2026-03-23 11:41:35\", \"parent_name\": \"生产管理\"}, \"path_params\": {\"id\": \"165\"}}','127.0.0.1','内网IP','Windows','Edge',200,'{\"code\":0,\"msg\":\"修改菜单成功\",\"data\":{\"id\":165,\"uuid\":\"e8d578ff-65a3-4139-8b3a-4b386b07380c\",\"status\":\"0\",\"description\":null,\"created_time\":\"2026-03-23 11:41:35\",\"updated_time\":\"2026-03-23 14:58:33\",\"name\":\"工艺规划\",\"type\":2,\"order\":4,\"permission\":\"module_produce:craft:query\",\"icon\":\"el-icon-Connection\",\"route_name\":\"Bomroute\",\"route_path\":\"/produce/bomroute\",\"component_path\":\"module_produce/bomroute/index\",\"redirect\":null,\"hidden\":false,\"keep_alive\":false,\"always_show\":false,\"title\":\"工艺规划\",\"params\":[],\"affix\":false,\"parent_id\":160,\"parent_name\":null},\"status_code\":200,\"success\":true}','0.07s',89,'19e8d92a-0503-44f1-b4c1-36d000993c3c','0','修改菜单','2026-03-23 14:58:33','2026-03-23 14:58:33',1,1),(1,'/api/v1/system/auth/login','POST','username: admin\npassword: 123456\ncaptcha: 16\ncaptcha_key: 68d0c8e505c24934b2209976c34f847f\nremember: true\nlogin_type: PC端','127.0.0.1','内网IP','Windows','Edge',200,'{\"code\":0,\"msg\":\"登录成功\",\"data\":{\"access_token\":\"eyJhbGciOiJIUzI1NiIsInR5cCI6IkpXVCJ9.eyJzdWIiOiJ7XCJuYW1lXCI6XCJcdThkODVcdTdlYTdcdTdiYTFcdTc0MDZcdTU0NThcIixcInNlc3Npb25faWRcIjpcIjc0ZWRhNTdkLWY5OWItNDIzNy1hYTVmLWNjYjYzODg5N2ZkOFwiLFwidXNlcl9pZFwiOjEsXCJ1c2VyX25hbWVcIjpcImFkbWluXCIsXCJpcGFkZHJcIjpcIjEyNy4wLjAuMVwiLFwibG9naW5fbG9jYXRpb25cIjpcIlx1NTE4NVx1N2Y1MUlQXCIsXCJvc1wiOlwiV2luZG93c1wiLFwiYnJvd3NlclwiOlwiRWRnZVwiLFwibG9naW5fdGltZVwiOlwiMjAyNi0wMy0yMyAxNjo1MjowNlwiLFwibG9naW5fdHlwZVwiOlwiUENcdTdhZWZcIn0iLCJpc19yZWZyZXNoIjpmYWxzZSwiZXhwIjoxNzc0Mjg2NTI2fQ.fZoI59mUmwEY91P3WebUPvtC1-HEVwVv0tWYLq5Bgfo\",\"refresh_token\":\"eyJhbGciOiJIUzI1NiIsInR5cCI6IkpXVCJ9.eyJzdWIiOiJ7XCJuYW1lXCI6XCJcdThkODVcdTdlYTdcdTdiYTFcdTc0MDZcdTU0NThcIixcInNlc3Npb25faWRcIjpcIjc0ZWRhNTdkLWY5OWItNDIzNy1hYTVmLWNjYjYzODg5N2ZkOFwiLFwidXNlcl9pZFwiOjEsXCJ1c2VyX25hbWVcIjpcImFkbWluXCIsXCJpcGFkZHJcIjpcIjEyNy4wLjAuMVwiLFwibG9naW5fbG9jYXRpb25cIjpcIlx1NTE4NVx1N2Y1MUlQXCIsXCJvc1wiOlwiV2luZG93c1wiLFwiYnJvd3NlclwiOlwiRWRnZVwiLFwibG9naW5fdGltZVwiOlwiMjAyNi0wMy0yMyAxNjo1MjowNlwiLFwibG9naW5fdHlwZVwiOlwiUENcdTdhZWZcIn0iLCJpc19yZWZyZXNoIjp0cnVlLCJleHAiOjE3NzQyODY1MjZ9.y2SUlRoEj8Z6MuxCH5wIwmzWKcyRjiSppRPqxeqklKk\",\"token_type\":\"bearer\",\"expires_in\":1800},\"status_code\":200,\"success\":true}','0.37s',90,'434b5add-ee72-41cf-95e2-069b338ed967','0','登录','2026-03-23 16:52:07','2026-03-23 16:52:07',NULL,NULL),(1,'/api/v1/system/auth/login','POST','username: admin\npassword: 123456\ncaptcha: 3\ncaptcha_key: 802a5c143b0048548e1051db1b5d8541\nremember: true\nlogin_type: PC端','127.0.0.1','内网IP','Windows','Edge',200,'{\"code\":0,\"msg\":\"登录成功\",\"data\":{\"access_token\":\"eyJhbGciOiJIUzI1NiIsInR5cCI6IkpXVCJ9.eyJzdWIiOiJ7XCJuYW1lXCI6XCJcdThkODVcdTdlYTdcdTdiYTFcdTc0MDZcdTU0NThcIixcInNlc3Npb25faWRcIjpcIjFiY2M0ZDU2LTcxMTQtNDMxYy1hOGRhLWQ1ZDVhZTIyNDZjNFwiLFwidXNlcl9pZFwiOjEsXCJ1c2VyX25hbWVcIjpcImFkbWluXCIsXCJpcGFkZHJcIjpcIjEyNy4wLjAuMVwiLFwibG9naW5fbG9jYXRpb25cIjpcIlx1NTE4NVx1N2Y1MUlQXCIsXCJvc1wiOlwiV2luZG93c1wiLFwiYnJvd3NlclwiOlwiRWRnZVwiLFwibG9naW5fdGltZVwiOlwiMjAyNi0wMy0yNCAwODoyMDozNlwiLFwibG9naW5fdHlwZVwiOlwiUENcdTdhZWZcIn0iLCJpc19yZWZyZXNoIjpmYWxzZSwiZXhwIjoxNzc0MzQyMjM1fQ.2u9H_LmXS6m_Gky-Ej2IoMd_4k_vBSsKJnT-uSc4wpo\",\"refresh_token\":\"eyJhbGciOiJIUzI1NiIsInR5cCI6IkpXVCJ9.eyJzdWIiOiJ7XCJuYW1lXCI6XCJcdThkODVcdTdlYTdcdTdiYTFcdTc0MDZcdTU0NThcIixcInNlc3Npb25faWRcIjpcIjFiY2M0ZDU2LTcxMTQtNDMxYy1hOGRhLWQ1ZDVhZTIyNDZjNFwiLFwidXNlcl9pZFwiOjEsXCJ1c2VyX25hbWVcIjpcImFkbWluXCIsXCJpcGFkZHJcIjpcIjEyNy4wLjAuMVwiLFwibG9naW5fbG9jYXRpb25cIjpcIlx1NTE4NVx1N2Y1MUlQXCIsXCJvc1wiOlwiV2luZG93c1wiLFwiYnJvd3NlclwiOlwiRWRnZVwiLFwibG9naW5fdGltZVwiOlwiMjAyNi0wMy0yNCAwODoyMDozNlwiLFwibG9naW5fdHlwZVwiOlwiUENcdTdhZWZcIn0iLCJpc19yZWZyZXNoIjp0cnVlLCJleHAiOjE3NzQzNDIyMzV9.4bY_qd8GBOMntKML1It8mi9FYWDlfwEAUIl9H0fLLek\",\"token_type\":\"bearer\",\"expires_in\":1800},\"status_code\":200,\"success\":true}','0.34s',91,'d7251f67-6a65-4792-ad54-4f87815c577a','0','登录','2026-03-24 08:20:36','2026-03-24 08:20:36',NULL,NULL),(1,'/api/v1/system/auth/login','POST','username: admin\npassword: 123456\ncaptcha: 35\ncaptcha_key: e726af13bc854764bd1e482d7172657c\nremember: true\nlogin_type: PC端','127.0.0.1','内网IP','Windows','Edge',200,'{\"code\":0,\"msg\":\"登录成功\",\"data\":{\"access_token\":\"eyJhbGciOiJIUzI1NiIsInR5cCI6IkpXVCJ9.eyJzdWIiOiJ7XCJuYW1lXCI6XCJcdThkODVcdTdlYTdcdTdiYTFcdTc0MDZcdTU0NThcIixcInNlc3Npb25faWRcIjpcIjY0NDAzMGU5LTMyYTQtNGU5Mi1hZTc3LWQ3YzY4NTIzZjE1NlwiLFwidXNlcl9pZFwiOjEsXCJ1c2VyX25hbWVcIjpcImFkbWluXCIsXCJpcGFkZHJcIjpcIjEyNy4wLjAuMVwiLFwibG9naW5fbG9jYXRpb25cIjpcIlx1NTE4NVx1N2Y1MUlQXCIsXCJvc1wiOlwiV2luZG93c1wiLFwiYnJvd3NlclwiOlwiRWRnZVwiLFwibG9naW5fdGltZVwiOlwiMjAyNi0wMy0yNCAwOToyMTo0OVwiLFwibG9naW5fdHlwZVwiOlwiUENcdTdhZWZcIn0iLCJpc19yZWZyZXNoIjpmYWxzZSwiZXhwIjoxNzc0MzQ1OTA5fQ.sodSY8mF5_UJawm95_Ecvf6p8CJC2ochEpMhFWpp3bk\",\"refresh_token\":\"eyJhbGciOiJIUzI1NiIsInR5cCI6IkpXVCJ9.eyJzdWIiOiJ7XCJuYW1lXCI6XCJcdThkODVcdTdlYTdcdTdiYTFcdTc0MDZcdTU0NThcIixcInNlc3Npb25faWRcIjpcIjY0NDAzMGU5LTMyYTQtNGU5Mi1hZTc3LWQ3YzY4NTIzZjE1NlwiLFwidXNlcl9pZFwiOjEsXCJ1c2VyX25hbWVcIjpcImFkbWluXCIsXCJpcGFkZHJcIjpcIjEyNy4wLjAuMVwiLFwibG9naW5fbG9jYXRpb25cIjpcIlx1NTE4NVx1N2Y1MUlQXCIsXCJvc1wiOlwiV2luZG93c1wiLFwiYnJvd3NlclwiOlwiRWRnZVwiLFwibG9naW5fdGltZVwiOlwiMjAyNi0wMy0yNCAwOToyMTo0OVwiLFwibG9naW5fdHlwZVwiOlwiUENcdTdhZWZcIn0iLCJpc19yZWZyZXNoIjp0cnVlLCJleHAiOjE3NzQzNDU5MDl9.outG-VvebfBbcrVSYwiOpqro-rRsYx-4_jU2G4bJ9Z0\",\"token_type\":\"bearer\",\"expires_in\":1800},\"status_code\":200,\"success\":true}','0.33s',92,'bd76b9b7-4e9b-4944-b673-e7b1b5f67a55','0','登录','2026-03-24 09:21:49','2026-03-24 09:21:49',NULL,NULL),(1,'/api/v1/system/auth/login','POST','username: admin\npassword: 123456\ncaptcha: 12\ncaptcha_key: f9498143c909455f90d34d9909269187\nremember: true\nlogin_type: PC端','127.0.0.1','内网IP','Windows','Edge',200,'{\"code\":0,\"msg\":\"登录成功\",\"data\":{\"access_token\":\"eyJhbGciOiJIUzI1NiIsInR5cCI6IkpXVCJ9.eyJzdWIiOiJ7XCJuYW1lXCI6XCJcdThkODVcdTdlYTdcdTdiYTFcdTc0MDZcdTU0NThcIixcInNlc3Npb25faWRcIjpcIjc1OTc0MGQwLWY2OTEtNDNkYi1hZDYzLTAwMmE2ZDVlNWU0Y1wiLFwidXNlcl9pZFwiOjEsXCJ1c2VyX25hbWVcIjpcImFkbWluXCIsXCJpcGFkZHJcIjpcIjEyNy4wLjAuMVwiLFwibG9naW5fbG9jYXRpb25cIjpcIlx1NTE4NVx1N2Y1MUlQXCIsXCJvc1wiOlwiV2luZG93c1wiLFwiYnJvd3NlclwiOlwiRWRnZVwiLFwibG9naW5fdGltZVwiOlwiMjAyNi0wMy0yNCAxMzo0NTo1OFwiLFwibG9naW5fdHlwZVwiOlwiUENcdTdhZWZcIn0iLCJpc19yZWZyZXNoIjpmYWxzZSwiZXhwIjoxNzc0MzYxNzU4fQ.pSvJmB8MYsVa6_5iJvMZs2vZO3yRymtL0_2uy0GmkgE\",\"refresh_token\":\"eyJhbGciOiJIUzI1NiIsInR5cCI6IkpXVCJ9.eyJzdWIiOiJ7XCJuYW1lXCI6XCJcdThkODVcdTdlYTdcdTdiYTFcdTc0MDZcdTU0NThcIixcInNlc3Npb25faWRcIjpcIjc1OTc0MGQwLWY2OTEtNDNkYi1hZDYzLTAwMmE2ZDVlNWU0Y1wiLFwidXNlcl9pZFwiOjEsXCJ1c2VyX25hbWVcIjpcImFkbWluXCIsXCJpcGFkZHJcIjpcIjEyNy4wLjAuMVwiLFwibG9naW5fbG9jYXRpb25cIjpcIlx1NTE4NVx1N2Y1MUlQXCIsXCJvc1wiOlwiV2luZG93c1wiLFwiYnJvd3NlclwiOlwiRWRnZVwiLFwibG9naW5fdGltZVwiOlwiMjAyNi0wMy0yNCAxMzo0NTo1OFwiLFwibG9naW5fdHlwZVwiOlwiUENcdTdhZWZcIn0iLCJpc19yZWZyZXNoIjp0cnVlLCJleHAiOjE3NzQzNjE3NTh9.8LJYULa-9JTI7rL6PFVuSIuDaJ_HkwkM8xE4YXhCRYU\",\"token_type\":\"bearer\",\"expires_in\":1800},\"status_code\":200,\"success\":true}','0.34s',93,'f709ec18-6059-4df8-8443-c6be29499b5f','0','登录','2026-03-24 13:45:58','2026-03-24 13:45:58',NULL,NULL),(1,'/api/v1/system/auth/login','POST','username: admin\npassword: 123456\ncaptcha: 7\ncaptcha_key: 43cd43c2851041b69299e383573a77a9\nremember: true\nlogin_type: PC端','127.0.0.1','内网IP','Windows','Chrome',200,'{\"code\":0,\"msg\":\"登录成功\",\"data\":{\"access_token\":\"eyJhbGciOiJIUzI1NiIsInR5cCI6IkpXVCJ9.eyJzdWIiOiJ7XCJuYW1lXCI6XCJcdThkODVcdTdlYTdcdTdiYTFcdTc0MDZcdTU0NThcIixcInNlc3Npb25faWRcIjpcIjY1NzUyZDdmLTEyY2EtNGE5YS1iYWZhLTU1OWVkNzkwMWZhZFwiLFwidXNlcl9pZFwiOjEsXCJ1c2VyX25hbWVcIjpcImFkbWluXCIsXCJpcGFkZHJcIjpcIjEyNy4wLjAuMVwiLFwibG9naW5fbG9jYXRpb25cIjpcIlx1NTE4NVx1N2Y1MUlQXCIsXCJvc1wiOlwiV2luZG93c1wiLFwiYnJvd3NlclwiOlwiQ2hyb21lXCIsXCJsb2dpbl90aW1lXCI6XCIyMDI2LTA0LTA3IDA4OjE0OjU1XCIsXCJsb2dpbl90eXBlXCI6XCJQQ1x1N2FlZlwifSIsImlzX3JlZnJlc2giOmZhbHNlLCJleHAiOjE3NzU1NTE0OTV9.dQ0TNyOi687u-P7NUk3JGJNNq8Lq3y-eNWVvbnF3Rws\",\"refresh_token\":\"eyJhbGciOiJIUzI1NiIsInR5cCI6IkpXVCJ9.eyJzdWIiOiJ7XCJuYW1lXCI6XCJcdThkODVcdTdlYTdcdTdiYTFcdTc0MDZcdTU0NThcIixcInNlc3Npb25faWRcIjpcIjY1NzUyZDdmLTEyY2EtNGE5YS1iYWZhLTU1OWVkNzkwMWZhZFwiLFwidXNlcl9pZFwiOjEsXCJ1c2VyX25hbWVcIjpcImFkbWluXCIsXCJpcGFkZHJcIjpcIjEyNy4wLjAuMVwiLFwibG9naW5fbG9jYXRpb25cIjpcIlx1NTE4NVx1N2Y1MUlQXCIsXCJvc1wiOlwiV2luZG93c1wiLFwiYnJvd3NlclwiOlwiQ2hyb21lXCIsXCJsb2dpbl90aW1lXCI6XCIyMDI2LTA0LTA3IDA4OjE0OjU1XCIsXCJsb2dpbl90eXBlXCI6XCJQQ1x1N2FlZlwifSIsImlzX3JlZnJlc2giOnRydWUsImV4cCI6MTc3NTU1MTQ5NX0.n9mv7Z5OmGJVsB323vmMpcs4INvG0DXomsNj5VpAKTA\",\"token_type\":\"bearer\",\"expires_in\":1800},\"status_code\":200,\"success\":true}','0.37s',94,'0111bab0-4d78-47e3-ba3d-e1fa2b93486d','0','登录','2026-04-07 08:14:55','2026-04-07 08:14:55',NULL,NULL),(1,'/api/v1/system/auth/login','POST','username: admin\npassword: 123456\ncaptcha: 16\ncaptcha_key: 871a0b607b744970a7cdaac9e7f4b07e\nremember: true\nlogin_type: PC端','127.0.0.1','内网IP','Windows','Chrome',200,'{\"code\":0,\"msg\":\"登录成功\",\"data\":{\"access_token\":\"eyJhbGciOiJIUzI1NiIsInR5cCI6IkpXVCJ9.eyJzdWIiOiJ7XCJuYW1lXCI6XCJcdThkODVcdTdlYTdcdTdiYTFcdTc0MDZcdTU0NThcIixcInNlc3Npb25faWRcIjpcImFlYmEwNDBmLWU2ZWQtNGM4MS1hNDY1LWUwZDQ4YzY1NWQyNVwiLFwidXNlcl9pZFwiOjEsXCJ1c2VyX25hbWVcIjpcImFkbWluXCIsXCJpcGFkZHJcIjpcIjEyNy4wLjAuMVwiLFwibG9naW5fbG9jYXRpb25cIjpcIlx1NTE4NVx1N2Y1MUlQXCIsXCJvc1wiOlwiV2luZG93c1wiLFwiYnJvd3NlclwiOlwiQ2hyb21lXCIsXCJsb2dpbl90aW1lXCI6XCIyMDI2LTA0LTA3IDEwOjQ0OjI4XCIsXCJsb2dpbl90eXBlXCI6XCJQQ1x1N2FlZlwifSIsImlzX3JlZnJlc2giOmZhbHNlLCJleHAiOjE3NzU1NjA0Njh9.wB2gbkYfnN9oIqWXuJikuW4xbMs_BH88O8TfIXPKumU\",\"refresh_token\":\"eyJhbGciOiJIUzI1NiIsInR5cCI6IkpXVCJ9.eyJzdWIiOiJ7XCJuYW1lXCI6XCJcdThkODVcdTdlYTdcdTdiYTFcdTc0MDZcdTU0NThcIixcInNlc3Npb25faWRcIjpcImFlYmEwNDBmLWU2ZWQtNGM4MS1hNDY1LWUwZDQ4YzY1NWQyNVwiLFwidXNlcl9pZFwiOjEsXCJ1c2VyX25hbWVcIjpcImFkbWluXCIsXCJpcGFkZHJcIjpcIjEyNy4wLjAuMVwiLFwibG9naW5fbG9jYXRpb25cIjpcIlx1NTE4NVx1N2Y1MUlQXCIsXCJvc1wiOlwiV2luZG93c1wiLFwiYnJvd3NlclwiOlwiQ2hyb21lXCIsXCJsb2dpbl90aW1lXCI6XCIyMDI2LTA0LTA3IDEwOjQ0OjI4XCIsXCJsb2dpbl90eXBlXCI6XCJQQ1x1N2FlZlwifSIsImlzX3JlZnJlc2giOnRydWUsImV4cCI6MTc3NTU2MDQ2OH0.aUs1NeEMEKaB9nPXvCowjdoAhUZzeK6HLQPeZ34somI\",\"token_type\":\"bearer\",\"expires_in\":1800},\"status_code\":200,\"success\":true}','0.30s',95,'a76294ea-8431-4522-8892-1975948d2d62','0','登录','2026-04-07 10:44:28','2026-04-07 10:44:28',NULL,NULL),(1,'/api/v1/system/auth/login','POST','username: admin\npassword: 123456\ncaptcha: 5\ncaptcha_key: 0ebc2a8bbd1e4ec9aa8128c8175415f1\nremember: true\nlogin_type: PC端','127.0.0.1','内网IP','Windows','Chrome',200,'{\"code\":0,\"msg\":\"登录成功\",\"data\":{\"access_token\":\"eyJhbGciOiJIUzI1NiIsInR5cCI6IkpXVCJ9.eyJzdWIiOiJ7XCJuYW1lXCI6XCJcdThkODVcdTdlYTdcdTdiYTFcdTc0MDZcdTU0NThcIixcInNlc3Npb25faWRcIjpcIjc3ZGE1MTFmLTY2YWYtNDRlMC04MDMwLWRkM2I3MTY2ZTE0MVwiLFwidXNlcl9pZFwiOjEsXCJ1c2VyX25hbWVcIjpcImFkbWluXCIsXCJpcGFkZHJcIjpcIjEyNy4wLjAuMVwiLFwibG9naW5fbG9jYXRpb25cIjpcIlx1NTE4NVx1N2Y1MUlQXCIsXCJvc1wiOlwiV2luZG93c1wiLFwiYnJvd3NlclwiOlwiQ2hyb21lXCIsXCJsb2dpbl90aW1lXCI6XCIyMDI2LTA0LTA3IDEzOjM5OjA1XCIsXCJsb2dpbl90eXBlXCI6XCJQQ1x1N2FlZlwifSIsImlzX3JlZnJlc2giOmZhbHNlLCJleHAiOjE3NzU1NzA5NDV9.UgOyGc9hQpq3KME_sKyGIcPsIrLTe90gsrBJ1BX481E\",\"refresh_token\":\"eyJhbGciOiJIUzI1NiIsInR5cCI6IkpXVCJ9.eyJzdWIiOiJ7XCJuYW1lXCI6XCJcdThkODVcdTdlYTdcdTdiYTFcdTc0MDZcdTU0NThcIixcInNlc3Npb25faWRcIjpcIjc3ZGE1MTFmLTY2YWYtNDRlMC04MDMwLWRkM2I3MTY2ZTE0MVwiLFwidXNlcl9pZFwiOjEsXCJ1c2VyX25hbWVcIjpcImFkbWluXCIsXCJpcGFkZHJcIjpcIjEyNy4wLjAuMVwiLFwibG9naW5fbG9jYXRpb25cIjpcIlx1NTE4NVx1N2Y1MUlQXCIsXCJvc1wiOlwiV2luZG93c1wiLFwiYnJvd3NlclwiOlwiQ2hyb21lXCIsXCJsb2dpbl90aW1lXCI6XCIyMDI2LTA0LTA3IDEzOjM5OjA1XCIsXCJsb2dpbl90eXBlXCI6XCJQQ1x1N2FlZlwifSIsImlzX3JlZnJlc2giOnRydWUsImV4cCI6MTc3NTU3MDk0NX0.gqfl9nYB24THA5gcRCyJHPkfnwlv3BFtDO2JWSxWJLI\",\"token_type\":\"bearer\",\"expires_in\":1800},\"status_code\":200,\"success\":true}','0.34s',96,'baab2cc6-79bf-4ce7-939c-1cd67d0a0ab0','0','登录','2026-04-07 13:39:06','2026-04-07 13:39:06',NULL,NULL),(2,'/api/v1/generator/gencode/create','POST','{\"body\": \"CREATE TABLE `produce_bom_manhour` (\\n  `id` int NOT NULL AUTO_INCREMENT COMMENT \'主键ID\',\\n  `bom_id` int NOT NULL COMMENT \'BOM ID\',\\n  `craft_id` int NOT NULL COMMENT \'工序ID\',\\n  `manhour` int NOT NULL DEFAULT \'0\' COMMENT \'工时\',\\n  PRIMARY KEY (`id`),\\n  UNIQUE KEY `uk_bom_craft` (`bom_id`, `craft_id`),\\n  CONSTRAINT `fk_pbm_bom` FOREIGN KEY (`bom_id`) REFERENCES `data_bom` (`id`) ON DELETE CASCADE ON UPDATE CASCADE,\\n  CONSTRAINT `fk_pbm_craft` FOREIGN KEY (`craft_id`) REFERENCES `produce_craft` (`id`) ON DELETE CASCADE ON UPDATE CASCADE\\n) ENGINE=InnoDB DEFAULT CHARSET=utf8mb4 COLLATE=utf8mb4_unicode_ci COMMENT=\'BOM工时关联表\';\"}','127.0.0.1','内网IP','Windows','Chrome',200,'{\"code\":0,\"msg\":\"创建表结构成功\",\"data\":true,\"status_code\":200,\"success\":true}','0.06s',97,'d4db8868-2cb5-4d39-b6b6-43265f5ac5b2','0','创建表结构','2026-04-07 13:53:24','2026-04-07 13:53:24',1,1),(2,'/api/v1/generator/gencode/import','POST','{\"body\": [\"produce_bom_manhour\"]}','127.0.0.1','内网IP','Windows','Chrome',200,'{\"code\":0,\"msg\":\"导入表结构成功\",\"data\":true,\"status_code\":200,\"success\":true}','0.11s',98,'7388afef-aedf-417c-ba4e-c75ec1e9a952','0','导入表结构','2026-04-07 13:54:07','2026-04-07 13:54:07',1,1),(2,'/api/v1/generator/gencode/update/7','PUT','请求参数过长','127.0.0.1','内网IP','Windows','Chrome',200,'{\"code\":0,\"msg\":\"编辑业务表信息成功\",\"data\":{\"id\":7,\"uuid\":\"b0ab5771-a81d-4fb6-a667-97290762c090\",\"status\":\"0\",\"description\":null,\"created_time\":\"2026-04-07 13:54:06\",\"updated_time\":\"2026-04-07 13:56:41\",\"table_name\":\"produce_bom_manhour\",\"table_comment\":\"BOM工时关联表\",\"class_name\":\"ProduceBomManhour\",\"package_name\":\"module_produce\",\"module_name\":\"module_produce\",\"business_name\":\"bommanhour\",\"function_name\":\"BOM工时关联\",\"sub_table_name\":null,\"sub_table_fk_name\":null,\"parent_menu_id\":164,\"columns\":[{\"id\":38,\"uuid\":\"293529be-46ac-4741-a55b-80d36a3bea39\",\"status\":\"0\",\"description\":null,\"created_time\":\"2026-04-07 13:54:06\",\"updated_time\":\"2026-04-07 13:54:06\",\"table_id\":7,\"column_name\":\"id\",\"column_comment\":\"主键ID\",\"column_type\":\"INTEGER\",\"column_length\":\"\",\"column_default\":\"\",\"is_pk\":true,\"is_increment\":true,\"is_nullable\":false,\"is_unique\":false,\"python_type\":\"int\",\"python_field\":\"id\",\"is_insert\":true,\"is_edit\":false,\"is_list\":false,\"is_query\":false,\"query_type\":null,\"html_type\":\"input\",\"dict_type\":\"\",\"sort\":1,\"super_column\":\"0\"},{\"id\":39,\"uuid\":\"408ce004-e2ab-47f7-be07-e689dbe5722d\",\"status\":\"0\",\"description\":null,\"created_time\":\"2026-04-07 13:54:07\",\"updated_time\":\"2026-04-07 13:54:07\",\"table_id\":7,\"column_name\":\"bom_id\",\"column_comment\":\"BOM ID\",\"column_type\":\"INTEGER\",\"column_length\":\"\",\"column_default\":\"\",\"is_pk\":false,\"is_increment\":false,\"is_nullable\":false,\"is_unique\":true,\"python_type\":\"int\",\"python_field\":\"bomId\",\"is_insert\":true,\"is_edit\":true,\"is_list\":true,\"is_query\":true,\"query_type\":\"EQ\",\"html_type\":\"input\",\"dict_type\":\"\",\"sort\":2,\"super_column\":\"0\"},{\"id\":40,\"uuid\":\"c664d97a-972d-4656-8109-c8de17cc9085\",\"status\":\"0\",\"description\":null,\"created_time\":\"2026-04-07 13:54:07\",\"updated_time\":\"2026-04-07 13:54:07\",\"table_id\":7,\"column_name\":\"craft_id\",\"column_comment\":\"工序ID\",\"column_type\":\"INTEGER\",\"column_length\":\"\",\"column_default\":\"\",\"is_pk\":false,\"is_increment\":false,\"is_nullable\":false,\"is_unique\":true,\"python_type\":\"int\",\"python_field\":\"craftId\",\"is_insert\":true,\"is_edit\":true,\"is_list\":true,\"is_query\":true,\"query_type\":\"EQ\",\"html_type\":\"input\",\"dict_type\":\"\",\"sort\":3,\"super_column\":\"0\"},{\"id\":41,\"uuid\":\"b4b52aa2-22d7-459f-8520-593c8f0c7b55\",\"status\":\"0\",\"description\":null,\"created_time\":\"2026-04-07 13:54:07\",\"updated_time\":\"2026-04-07 13:54:07\",\"table_id\":7,\"column_name\":\"manhour\",\"column_comment\":\"工时\",\"column_type\":\"INTEGER\",\"column_length\":\"\",\"column_default\":\"\'0\'\",\"is_pk\":false,\"is_increment\":false,\"is_nullable\":false,\"is_unique\":false,\"python_type\":\"int\",\"python_field\":\"manhour\",\"is_insert\":true,\"is_edit\":true,\"is_list\":true,\"is_query\":true,\"query_type\":\"EQ\",\"html_type\":\"input\",\"dict_type\":\"\",\"sort\":4,\"super_column\":\"0\"}],\"pk_column\":null,\"sub_table\":null,\"sub\":null},\"status_code\":200,\"success\":true}','0.41s',99,'3944eac4-254c-4f60-9497-bfb73cd0970e','0','编辑业务表信息','2026-04-07 13:56:41','2026-04-07 13:56:41',1,1),(2,'/api/v1/generator/gencode/update/7','PUT','请求参数过长','127.0.0.1','内网IP','Windows','Chrome',200,'{\"code\":0,\"msg\":\"编辑业务表信息成功\",\"data\":{\"id\":7,\"uuid\":\"b0ab5771-a81d-4fb6-a667-97290762c090\",\"status\":\"0\",\"description\":null,\"created_time\":\"2026-04-07 13:54:06\",\"updated_time\":\"2026-04-07 13:56:41\",\"table_name\":\"produce_bom_manhour\",\"table_comment\":\"BOM工时关联表\",\"class_name\":\"ProduceBomManhour\",\"package_name\":\"module_produce\",\"module_name\":\"module_produce\",\"business_name\":\"bommanhour\",\"function_name\":\"BOM工时关联\",\"sub_table_name\":null,\"sub_table_fk_name\":null,\"parent_menu_id\":164,\"columns\":[{\"id\":38,\"uuid\":\"293529be-46ac-4741-a55b-80d36a3bea39\",\"status\":\"0\",\"description\":null,\"created_time\":\"2026-04-07 13:54:06\",\"updated_time\":\"2026-04-07 13:54:06\",\"table_id\":7,\"column_name\":\"id\",\"column_comment\":\"主键ID\",\"column_type\":\"INTEGER\",\"column_length\":\"\",\"column_default\":\"\",\"is_pk\":true,\"is_increment\":true,\"is_nullable\":false,\"is_unique\":false,\"python_type\":\"int\",\"python_field\":\"id\",\"is_insert\":true,\"is_edit\":false,\"is_list\":false,\"is_query\":false,\"query_type\":null,\"html_type\":\"input\",\"dict_type\":\"\",\"sort\":1,\"super_column\":\"0\"},{\"id\":39,\"uuid\":\"408ce004-e2ab-47f7-be07-e689dbe5722d\",\"status\":\"0\",\"description\":null,\"created_time\":\"2026-04-07 13:54:07\",\"updated_time\":\"2026-04-07 13:54:07\",\"table_id\":7,\"column_name\":\"bom_id\",\"column_comment\":\"BOM ID\",\"column_type\":\"INTEGER\",\"column_length\":\"\",\"column_default\":\"\",\"is_pk\":false,\"is_increment\":false,\"is_nullable\":false,\"is_unique\":true,\"python_type\":\"int\",\"python_field\":\"bomId\",\"is_insert\":true,\"is_edit\":true,\"is_list\":true,\"is_query\":true,\"query_type\":\"EQ\",\"html_type\":\"input\",\"dict_type\":\"\",\"sort\":2,\"super_column\":\"0\"},{\"id\":40,\"uuid\":\"c664d97a-972d-4656-8109-c8de17cc9085\",\"status\":\"0\",\"description\":null,\"created_time\":\"2026-04-07 13:54:07\",\"updated_time\":\"2026-04-07 13:54:07\",\"table_id\":7,\"column_name\":\"craft_id\",\"column_comment\":\"工序ID\",\"column_type\":\"INTEGER\",\"column_length\":\"\",\"column_default\":\"\",\"is_pk\":false,\"is_increment\":false,\"is_nullable\":false,\"is_unique\":true,\"python_type\":\"int\",\"python_field\":\"craftId\",\"is_insert\":true,\"is_edit\":true,\"is_list\":true,\"is_query\":true,\"query_type\":\"EQ\",\"html_type\":\"input\",\"dict_type\":\"\",\"sort\":3,\"super_column\":\"0\"},{\"id\":41,\"uuid\":\"b4b52aa2-22d7-459f-8520-593c8f0c7b55\",\"status\":\"0\",\"description\":null,\"created_time\":\"2026-04-07 13:54:07\",\"updated_time\":\"2026-04-07 13:54:07\",\"table_id\":7,\"column_name\":\"manhour\",\"column_comment\":\"工时\",\"column_type\":\"INTEGER\",\"column_length\":\"\",\"column_default\":\"\'0\'\",\"is_pk\":false,\"is_increment\":false,\"is_nullable\":false,\"is_unique\":false,\"python_type\":\"int\",\"python_field\":\"manhour\",\"is_insert\":true,\"is_edit\":true,\"is_list\":true,\"is_query\":true,\"query_type\":\"EQ\",\"html_type\":\"input\",\"dict_type\":\"\",\"sort\":4,\"super_column\":\"0\"}],\"pk_column\":null,\"sub_table\":null,\"sub\":null},\"status_code\":200,\"success\":true}','0.37s',100,'c96b4d7e-0e70-4bc1-b919-64794822dccf','0','编辑业务表信息','2026-04-07 13:57:39','2026-04-07 13:57:39',1,1),(2,'/api/v1/generator/gencode/batch/output','PATCH','{\"body\": [\"produce_bom_manhour\"]}','127.0.0.1','内网IP','Windows','Chrome',200,'{}','0.07s',101,'ca75f23a-33fb-4944-8ff8-e26c062d0b67','0','批量生成代码','2026-04-07 13:57:48','2026-04-07 13:57:48',1,1),(2,'/api/v1/system/menu/update/164','PUT','{\"body\": {\"id\": 164, \"name\": \"工时管理\", \"type\": 2, \"icon\": \"el-icon-Clock\", \"order\": 5, \"permission\": \"module_produce:bommanhour:query\", \"route_name\": \"Bommanhour\", \"route_path\": \"/produce/bommanhour\", \"component_path\": \"module_produce/bommanhour/index\", \"redirect\": null, \"parent_id\": 160, \"keep_alive\": false, \"hidden\": false, \"always_show\": false, \"title\": \"工时管理\", \"params\": [], \"affix\": false, \"status\": \"0\", \"description\": null, \"uuid\": \"cbf6bebd-caae-4b07-bd80-317b89a18442\", \"created_time\": \"2026-03-21 14:05:06\", \"updated_time\": \"2026-03-23 11:37:31\", \"parent_name\": \"生产管理\"}, \"path_params\": {\"id\": \"164\"}}','127.0.0.1','内网IP','Windows','Chrome',200,'{\"code\":0,\"msg\":\"修改菜单成功\",\"data\":{\"id\":164,\"uuid\":\"cbf6bebd-caae-4b07-bd80-317b89a18442\",\"status\":\"0\",\"description\":null,\"created_time\":\"2026-03-21 14:05:06\",\"updated_time\":\"2026-04-07 14:05:08\",\"name\":\"工时管理\",\"type\":2,\"order\":5,\"permission\":\"module_produce:bommanhour:query\",\"icon\":\"el-icon-Clock\",\"route_name\":\"Bommanhour\",\"route_path\":\"/produce/bommanhour\",\"component_path\":\"module_produce/bommanhour/index\",\"redirect\":null,\"hidden\":false,\"keep_alive\":false,\"always_show\":false,\"title\":\"工时管理\",\"params\":[],\"affix\":false,\"parent_id\":160,\"parent_name\":null},\"status_code\":200,\"success\":true}','0.08s',102,'f972e393-06fd-4d20-bb83-7d16fb15ecab','0','修改菜单','2026-04-07 14:05:08','2026-04-07 14:05:08',1,1),(1,'/api/v1/system/auth/login','POST','username: admin\npassword: 123456\ncaptcha: 7\ncaptcha_key: 74024cae571847aaac8da9d1643c4e45\nremember: true\nlogin_type: PC端','127.0.0.1','内网IP','Windows','Edge',200,'{\"code\":0,\"msg\":\"登录成功\",\"data\":{\"access_token\":\"eyJhbGciOiJIUzI1NiIsInR5cCI6IkpXVCJ9.eyJzdWIiOiJ7XCJuYW1lXCI6XCJcdThkODVcdTdlYTdcdTdiYTFcdTc0MDZcdTU0NThcIixcInNlc3Npb25faWRcIjpcIjBkNmRiNzI1LWJmNmMtNGFlZS04ZGRmLTllZTQ0M2E4YzJhMVwiLFwidXNlcl9pZFwiOjEsXCJ1c2VyX25hbWVcIjpcImFkbWluXCIsXCJpcGFkZHJcIjpcIjEyNy4wLjAuMVwiLFwibG9naW5fbG9jYXRpb25cIjpcIlx1NTE4NVx1N2Y1MUlQXCIsXCJvc1wiOlwiV2luZG93c1wiLFwiYnJvd3NlclwiOlwiRWRnZVwiLFwibG9naW5fdGltZVwiOlwiMjAyNi0wNC0wOCAxNDoxMToyN1wiLFwibG9naW5fdHlwZVwiOlwiUENcdTdhZWZcIn0iLCJpc19yZWZyZXNoIjpmYWxzZSwiZXhwIjoxNzc1NjU5Mjg2fQ.SVIYv9DuTRB-jMWLzw-rd21EEzJaB4_BVKZmDUWwerw\",\"refresh_token\":\"eyJhbGciOiJIUzI1NiIsInR5cCI6IkpXVCJ9.eyJzdWIiOiJ7XCJuYW1lXCI6XCJcdThkODVcdTdlYTdcdTdiYTFcdTc0MDZcdTU0NThcIixcInNlc3Npb25faWRcIjpcIjBkNmRiNzI1LWJmNmMtNGFlZS04ZGRmLTllZTQ0M2E4YzJhMVwiLFwidXNlcl9pZFwiOjEsXCJ1c2VyX25hbWVcIjpcImFkbWluXCIsXCJpcGFkZHJcIjpcIjEyNy4wLjAuMVwiLFwibG9naW5fbG9jYXRpb25cIjpcIlx1NTE4NVx1N2Y1MUlQXCIsXCJvc1wiOlwiV2luZG93c1wiLFwiYnJvd3NlclwiOlwiRWRnZVwiLFwibG9naW5fdGltZVwiOlwiMjAyNi0wNC0wOCAxNDoxMToyN1wiLFwibG9naW5fdHlwZVwiOlwiUENcdTdhZWZcIn0iLCJpc19yZWZyZXNoIjp0cnVlLCJleHAiOjE3NzU2NTkyODZ9.lxG6IJPnPK_ZeRm9aRHlsa00riyHO90CCCocfhPnX4I\",\"token_type\":\"bearer\",\"expires_in\":1800},\"status_code\":200,\"success\":true}','0.31s',103,'0952dc23-edf7-4589-95fc-86899a4a64c9','0','登录','2026-04-08 14:11:27','2026-04-08 14:11:27',NULL,NULL),(1,'/api/v1/system/auth/login','POST','username: admin\npassword: 123456\ncaptcha: 7\ncaptcha_key: 0b896820fded4215bbb10fe1558b92a8\nremember: true\nlogin_type: PC端','127.0.0.1','内网IP','Windows','Edge',200,'{\"code\":0,\"msg\":\"登录成功\",\"data\":{\"access_token\":\"eyJhbGciOiJIUzI1NiIsInR5cCI6IkpXVCJ9.eyJzdWIiOiJ7XCJuYW1lXCI6XCJcdThkODVcdTdlYTdcdTdiYTFcdTc0MDZcdTU0NThcIixcInNlc3Npb25faWRcIjpcIjI0NmFkOWJhLTBhZGQtNGUzNC1iNjQ3LTM5ODFjNTYwNzg0YlwiLFwidXNlcl9pZFwiOjEsXCJ1c2VyX25hbWVcIjpcImFkbWluXCIsXCJpcGFkZHJcIjpcIjEyNy4wLjAuMVwiLFwibG9naW5fbG9jYXRpb25cIjpcIlx1NTE4NVx1N2Y1MUlQXCIsXCJvc1wiOlwiV2luZG93c1wiLFwiYnJvd3NlclwiOlwiRWRnZVwiLFwibG9naW5fdGltZVwiOlwiMjAyNi0wNC0wOSAwODowNzoxMVwiLFwibG9naW5fdHlwZVwiOlwiUENcdTdhZWZcIn0iLCJpc19yZWZyZXNoIjpmYWxzZSwiZXhwIjoxNzc1NzIzODMxfQ.u6ZmNmUVdKkkH4TOB7fM0RE2fli5c929n11YsZrL1ao\",\"refresh_token\":\"eyJhbGciOiJIUzI1NiIsInR5cCI6IkpXVCJ9.eyJzdWIiOiJ7XCJuYW1lXCI6XCJcdThkODVcdTdlYTdcdTdiYTFcdTc0MDZcdTU0NThcIixcInNlc3Npb25faWRcIjpcIjI0NmFkOWJhLTBhZGQtNGUzNC1iNjQ3LTM5ODFjNTYwNzg0YlwiLFwidXNlcl9pZFwiOjEsXCJ1c2VyX25hbWVcIjpcImFkbWluXCIsXCJpcGFkZHJcIjpcIjEyNy4wLjAuMVwiLFwibG9naW5fbG9jYXRpb25cIjpcIlx1NTE4NVx1N2Y1MUlQXCIsXCJvc1wiOlwiV2luZG93c1wiLFwiYnJvd3NlclwiOlwiRWRnZVwiLFwibG9naW5fdGltZVwiOlwiMjAyNi0wNC0wOSAwODowNzoxMVwiLFwibG9naW5fdHlwZVwiOlwiUENcdTdhZWZcIn0iLCJpc19yZWZyZXNoIjp0cnVlLCJleHAiOjE3NzU3MjM4MzF9.7wml-pm5TT5e1Zx8Ns7_bG_OXXs660tRV3T3OV8YJz8\",\"token_type\":\"bearer\",\"expires_in\":1800},\"status_code\":200,\"success\":true}','0.32s',104,'27d814a3-ed11-4e2a-84a6-8a8b02ba201c','0','登录','2026-04-09 08:07:12','2026-04-09 08:07:12',NULL,NULL),(1,'/api/v1/system/auth/login','POST','username: admin\npassword: 123456\ncaptcha: 12\ncaptcha_key: 08356e5ba4ec44e8848f87aec28bf25d\nremember: true\nlogin_type: PC端','127.0.0.1','内网IP','Windows','Edge',200,'{\"code\":0,\"msg\":\"登录成功\",\"data\":{\"access_token\":\"eyJhbGciOiJIUzI1NiIsInR5cCI6IkpXVCJ9.eyJzdWIiOiJ7XCJuYW1lXCI6XCJcdThkODVcdTdlYTdcdTdiYTFcdTc0MDZcdTU0NThcIixcInNlc3Npb25faWRcIjpcIjZhNGUyYmI0LTgzNDAtNGM4YS04ZGZhLTM5ZWY1ZmZjYzM2NVwiLFwidXNlcl9pZFwiOjEsXCJ1c2VyX25hbWVcIjpcImFkbWluXCIsXCJpcGFkZHJcIjpcIjEyNy4wLjAuMVwiLFwibG9naW5fbG9jYXRpb25cIjpcIlx1NTE4NVx1N2Y1MUlQXCIsXCJvc1wiOlwiV2luZG93c1wiLFwiYnJvd3NlclwiOlwiRWRnZVwiLFwibG9naW5fdGltZVwiOlwiMjAyNi0wNC0wOSAxMDo1NzowMlwiLFwibG9naW5fdHlwZVwiOlwiUENcdTdhZWZcIn0iLCJpc19yZWZyZXNoIjpmYWxzZSwiZXhwIjoxNzc1NzM0MDIyfQ.8VHLXFsiq8nL6FavqBWS-tEMzArU_CKwG3qVwlZY40s\",\"refresh_token\":\"eyJhbGciOiJIUzI1NiIsInR5cCI6IkpXVCJ9.eyJzdWIiOiJ7XCJuYW1lXCI6XCJcdThkODVcdTdlYTdcdTdiYTFcdTc0MDZcdTU0NThcIixcInNlc3Npb25faWRcIjpcIjZhNGUyYmI0LTgzNDAtNGM4YS04ZGZhLTM5ZWY1ZmZjYzM2NVwiLFwidXNlcl9pZFwiOjEsXCJ1c2VyX25hbWVcIjpcImFkbWluXCIsXCJpcGFkZHJcIjpcIjEyNy4wLjAuMVwiLFwibG9naW5fbG9jYXRpb25cIjpcIlx1NTE4NVx1N2Y1MUlQXCIsXCJvc1wiOlwiV2luZG93c1wiLFwiYnJvd3NlclwiOlwiRWRnZVwiLFwibG9naW5fdGltZVwiOlwiMjAyNi0wNC0wOSAxMDo1NzowMlwiLFwibG9naW5fdHlwZVwiOlwiUENcdTdhZWZcIn0iLCJpc19yZWZyZXNoIjp0cnVlLCJleHAiOjE3NzU3MzQwMjJ9.Dp1bNKJJIDs0_ZYHs7GSVTL21oFFs_Du-8OGfoMVeMQ\",\"token_type\":\"bearer\",\"expires_in\":1800},\"status_code\":200,\"success\":true}','0.31s',105,'37a3cd2e-1966-43b3-b497-ba95f1b9aa38','0','登录','2026-04-09 10:57:02','2026-04-09 10:57:02',NULL,NULL),(2,'/api/v1/generator/gencode/create','POST','{\"body\": \"CREATE TABLE `produce_order` (\\n  `bom_id` int NOT NULL COMMENT \'BOM ID\',\\n  `craft_id` int NOT NULL COMMENT \'子工艺ID\',\\n  `man_hour` int NOT NULL DEFAULT 0 COMMENT \'工时\',  \\n  `plan_count` int NOT NULL DEFAULT 1 COMMENT \'计划数量\',\\n  `real_count` int DEFAULT 0 COMMENT \'实际数量\',\\n  `plan_date` date NOT NULL COMMENT \'计划日期\',\\n  `real_date` date DEFAULT NULL COMMENT \'实际日期\',\\n\\n  `id` int NOT NULL AUTO_INCREMENT COMMENT \'工单ID\',  \\n  `uuid` varchar(64) NOT NULL DEFAULT (UUID()) COMMENT \'UUID\',\\n  `status` varchar(10) NOT NULL DEFAULT \'0\' COMMENT \'状态 0=待生产 1=生产中 2=已完成 3=已取消 4=已暂停\',\\n  `description` text NULL COMMENT \'备注/描述\',\\n  `created_time` datetime NOT NULL DEFAULT CURRENT_TIMESTAMP COMMENT \'创建时间\',\\n  `updated_time` datetime NOT NULL DEFAULT CURRENT_TIMESTAMP ON UPDATE CURRENT_TIMESTAMP COMMENT \'更新时间\',\\n  `created_id` int NULL COMMENT \'创建人ID\',\\n  `updated_id` int NULL COMMENT \'更新人ID\',\\n\\n  PRIMARY KEY (`id`),\\n  UNIQUE KEY `uk_order_uuid` (`uuid`),\\n  UNIQUE KEY `uk_order_bom_craft` (`bom_id`,`craft_id`),\\n  KEY `idx_bom` (`bom_id`),\\n  KEY `idx_craft` (`craft_id`),\\n  KEY `ix_order_status` (`status`),\\n  KEY `ix_order_created_time` (`created_time`),\\n  KEY `ix_order_updated_time` (`updated_time`),\\n  KEY `ix_order_created_id` (`created_id`),\\n  KEY `ix_order_updated_id` (`updated_id`),\\n  \\n  CONSTRAINT `fk_order_bom` FOREIGN KEY (`bom_id`) REFERENCES `data_bom` (`id`) ON DELETE CASCADE,\\n  CONSTRAINT `fk_order_craft` FOREIGN KEY (`craft_id`) REFERENCES `produce_craft` (`id`) ON DELETE CASCADE,\\n  CONSTRAINT `fk_order_created_id` FOREIGN KEY (`created_id`) REFERENCES `sys_user` (`id`) ON DELETE SET NULL ON UPDATE CASCADE,\\n  CONSTRAINT `fk_order_updated_id` FOREIGN KEY (`updated_id`) REFERENCES `sys_user` (`id`) ON DELETE SET NULL ON UPDATE CASCADE\\n) ENGINE=InnoDB DEFAULT CHARSET=utf8mb4 COLLATE=utf8mb4_unicode_ci COMMENT=\'工单表\';\"}','127.0.0.1','内网IP','Windows','Edge',200,'{\"code\":0,\"msg\":\"创建表结构成功\",\"data\":true,\"status_code\":200,\"success\":true}','0.10s',106,'22ce3258-7241-4b41-99b8-b2ab75b0d865','0','创建表结构','2026-04-09 10:58:19','2026-04-09 10:58:19',1,1),(2,'/api/v1/generator/gencode/import','POST','{\"body\": [\"produce_order\"]}','127.0.0.1','内网IP','Windows','Edge',200,'{\"code\":0,\"msg\":\"导入表结构成功\",\"data\":true,\"status_code\":200,\"success\":true}','0.13s',107,'a223162c-f9d3-42e2-adfb-21052176bdf8','0','导入表结构','2026-04-09 10:58:34','2026-04-09 10:58:34',1,1),(2,'/api/v1/generator/gencode/update/8','PUT','请求参数过长','127.0.0.1','内网IP','Windows','Edge',200,'{\"code\":0,\"msg\":\"编辑业务表信息成功\",\"data\":{\"id\":8,\"uuid\":\"bfd057a1-8f09-45b2-afa4-e339d0d15598\",\"status\":\"0\",\"description\":null,\"created_time\":\"2026-04-09 10:58:33\",\"updated_time\":\"2026-04-09 11:02:37\",\"table_name\":\"produce_order\",\"table_comment\":\"工单表\",\"class_name\":\"ProduceOrder\",\"package_name\":\"module_produce\",\"module_name\":\"module_produce\",\"business_name\":\"order\",\"function_name\":\"工单\",\"sub_table_name\":null,\"sub_table_fk_name\":null,\"parent_menu_id\":161,\"columns\":[{\"id\":42,\"uuid\":\"362d21ab-96c1-4f85-99f8-3808013bd41f\",\"status\":\"0\",\"description\":null,\"created_time\":\"2026-04-09 10:58:33\",\"updated_time\":\"2026-04-09 10:58:33\",\"table_id\":8,\"column_name\":\"bom_id\",\"column_comment\":\"BOM ID\",\"column_type\":\"INTEGER\",\"column_length\":\"\",\"column_default\":\"\",\"is_pk\":false,\"is_increment\":false,\"is_nullable\":false,\"is_unique\":true,\"python_type\":\"int\",\"python_field\":\"bomId\",\"is_insert\":true,\"is_edit\":true,\"is_list\":true,\"is_query\":true,\"query_type\":\"EQ\",\"html_type\":\"input\",\"dict_type\":\"\",\"sort\":1,\"super_column\":\"0\"},{\"id\":43,\"uuid\":\"655ebd04-4b94-4000-9856-f3348c1e02ac\",\"status\":\"0\",\"description\":null,\"created_time\":\"2026-04-09 10:58:33\",\"updated_time\":\"2026-04-09 10:58:33\",\"table_id\":8,\"column_name\":\"craft_id\",\"column_comment\":\"子工艺ID\",\"column_type\":\"INTEGER\",\"column_length\":\"\",\"column_default\":\"\",\"is_pk\":false,\"is_increment\":false,\"is_nullable\":false,\"is_unique\":true,\"python_type\":\"int\",\"python_field\":\"craftId\",\"is_insert\":true,\"is_edit\":true,\"is_list\":true,\"is_query\":true,\"query_type\":\"EQ\",\"html_type\":\"input\",\"dict_type\":\"\",\"sort\":2,\"super_column\":\"0\"},{\"id\":44,\"uuid\":\"ccb0393c-05df-4095-9265-6c3e1abb6777\",\"status\":\"0\",\"description\":null,\"created_time\":\"2026-04-09 10:58:33\",\"updated_time\":\"2026-04-09 10:58:33\",\"table_id\":8,\"column_name\":\"man_hour\",\"column_comment\":\"工时\",\"column_type\":\"INTEGER\",\"column_length\":\"\",\"column_default\":\"\'0\'\",\"is_pk\":false,\"is_increment\":false,\"is_nullable\":false,\"is_unique\":false,\"python_type\":\"int\",\"python_field\":\"manHour\",\"is_insert\":true,\"is_edit\":true,\"is_list\":true,\"is_query\":true,\"query_type\":\"EQ\",\"html_type\":\"input\",\"dict_type\":\"\",\"sort\":3,\"super_column\":\"0\"},{\"id\":45,\"uuid\":\"82a9165a-89d8-4dd4-80f4-c2859b1e2b6d\",\"status\":\"0\",\"description\":null,\"created_time\":\"2026-04-09 10:58:33\",\"updated_time\":\"2026-04-09 10:58:33\",\"table_id\":8,\"column_name\":\"plan_count\",\"column_comment\":\"计划数量\",\"column_type\":\"INTEGER\",\"column_length\":\"\",\"column_default\":\"\'1\'\",\"is_pk\":false,\"is_increment\":false,\"is_nullable\":false,\"is_unique\":false,\"python_type\":\"int\",\"python_field\":\"planCount\",\"is_insert\":true,\"is_edit\":true,\"is_list\":true,\"is_query\":true,\"query_type\":\"EQ\",\"html_type\":\"input\",\"dict_type\":\"\",\"sort\":4,\"super_column\":\"0\"},{\"id\":46,\"uuid\":\"9448615a-1d15-41c6-9ff1-ca4206aa04a2\",\"status\":\"0\",\"description\":null,\"created_time\":\"2026-04-09 10:58:33\",\"updated_time\":\"2026-04-09 10:58:33\",\"table_id\":8,\"column_name\":\"real_count\",\"column_comment\":\"实际数量\",\"column_type\":\"INTEGER\",\"column_length\":\"\",\"column_default\":\"\'0\'\",\"is_pk\":false,\"is_increment\":false,\"is_nullable\":true,\"is_unique\":false,\"python_type\":\"int\",\"python_field\":\"realCount\",\"is_insert\":true,\"is_edit\":true,\"is_list\":true,\"is_query\":true,\"query_type\":\"EQ\",\"html_type\":\"input\",\"dict_type\":\"\",\"sort\":5,\"super_column\":\"0\"},{\"id\":47,\"uuid\":\"a5bd994f-cef9-479d-b1a5-d7f6130d84ce\",\"status\":\"0\",\"description\":null,\"created_time\":\"2026-04-09 10:58:33\",\"updated_time\":\"2026-04-09 10:58:33\",\"table_id\":8,\"column_name\":\"plan_date\",\"column_comment\":\"计划日期\",\"column_type\":\"DATE\",\"column_length\":\"\",\"column_default\":\"\",\"is_pk\":false,\"is_increment\":false,\"is_nullable\":false,\"is_unique\":false,\"python_type\":\"date\",\"python_field\":\"planDate\",\"is_insert\":true,\"is_edit\":true,\"is_list\":true,\"is_query\":true,\"query_type\":\"EQ\",\"html_type\":\"input\",\"dict_type\":\"\",\"sort\":6,\"super_column\":\"0\"},{\"id\":48,\"uuid\":\"9b4b74a4-1b8a-48c3-8837-ebca62b7b3c0\",\"status\":\"0\",\"description\":null,\"created_time\":\"2026-04-09 10:58:33\",\"updated_time\":\"2026-04-09 10:58:33\",\"table_id\":8,\"column_name\":\"real_date\",\"column_comment\":\"实际日期\",\"column_type\":\"DATE\",\"column_length\":\"\",\"column_default\":\"\",\"is_pk\":false,\"is_increment\":false,\"is_nullable\":true,\"is_unique\":false,\"python_type\":\"date\",\"python_field\":\"realDate\",\"is_insert\":true,\"is_edit\":true,\"is_list\":true,\"is_query\":true,\"query_type\":\"EQ\",\"html_type\":\"input\",\"dict_type\":\"\",\"sort\":7,\"super_column\":\"0\"},{\"id\":49,\"uuid\":\"a10440b1-afbf-454a-9a02-cb8c30ee2f1b\",\"status\":\"0\",\"description\":null,\"created_time\":\"2026-04-09 10:58:33\",\"updated_time\":\"2026-04-09 10:58:33\",\"table_id\":8,\"column_name\":\"id\",\"column_comment\":\"工单ID\",\"column_type\":\"INTEGER\",\"column_length\":\"\",\"column_default\":\"\",\"is_pk\":true,\"is_increment\":true,\"is_nullable\":false,\"is_unique\":false,\"python_type\":\"int\",\"python_field\":\"id\",\"is_insert\":true,\"is_edit\":false,\"is_list\":false,\"is_query\":false,\"query_type\":null,\"html_type\":\"input\",\"dict_type\":\"\",\"sort\":8,\"super_column\":\"0\"},{\"id\":50,\"uuid\":\"6b54c277-9933-4d84-8dff-179a66b36356\",\"status\":\"0\",\"description\":null,\"created_time\":\"2026-04-09 10:58:34\",\"updated_time\":\"2026-04-09 10:58:34\",\"table_id\":8,\"column_name\":\"uuid\",\"column_comment\":\"UUID\",\"column_type\":\"VARCHAR(64) COLLATE \\\"utf8mb4_unicode_ci\\\"\",\"column_length\":\"64\",\"column_default\":\"(uuid())\",\"is_pk\":false,\"is_increment\":false,\"is_nullable\":false,\"is_unique\":true,\"python_type\":\"str\",\"python_field\":\"uuid\",\"is_insert\":true,\"is_edit\":false,\"is_list\":false,\"is_query\":false,\"query_type\":null,\"html_type\":\"input\",\"dict_type\":\"\",\"sort\":9,\"super_column\":\"0\"},{\"id\":51,\"uuid\":\"72c5c18f-14a3-4049-bb49-1a2fadc9426b\",\"status\":\"0\",\"description\":null,\"created_time\":\"2026-04-09 10:58:34\",\"updated_time\":\"2026-04-09 10:58:34\",\"table_id\":8,\"column_name\":\"status\",\"column_comment\":\"状态 0=待生产 1=生产中 2=已完成 3=已取消 4=已暂停\",\"column_type\":\"VARCHAR(10) COLLATE \\\"utf8mb4_unicode_ci\\\"\",\"column_length\":\"10\",\"column_default\":\"\'0\'\",\"is_pk\":false,\"is_increment\":false,\"is_nullable\":false,\"is_unique\":false,\"python_type\":\"str\",\"python_field\":\"status\",\"is_insert\":true,\"is_edit\":true,\"is_list\":true,\"is_query\":true,\"query_type\":\"EQ\",\"html_type\":\"input\",\"dict_type\":\"\",\"sort\":10,\"super_column\":\"0\"},{\"id\":52,\"uuid\":\"1d76bebe-6091-4760-94d5-04ad3a4da10a\",\"status\":\"0\",\"description\":null,\"created_time\":\"2026-04-09 10:58:34\",\"updated_time\":\"2026-04-09 10:58:34\",\"table_id\":8,\"column_name\":\"description\",\"column_comment\":\"备注/描述\",\"column_type\":\"TEXT COLLATE \\\"utf8mb4_unicode_ci\\\"\",\"column_length\":\"\",\"column_default\":\"\",\"is_pk\":false,\"is_increment\":false,\"is_nullable\":true,\"is_unique\":false,\"python_type\":\"str\",\"python_field\":\"description\",\"is_insert\":true,\"is_edit\":true,\"is_list\":true,\"is_query\":false,\"query_type\":null,\"html_type\":\"input\",\"dict_type\":\"\",\"sort\":11,\"super_column\":\"0\"},{\"id\":53,\"uuid\":\"5894ec49-9c19-4a5f-b49c-395eb087e02d\",\"status\":\"0\",\"description\":null,\"created_time\":\"2026-04-09 10:58:34\",\"updated_time\":\"2026-04-09 10:58:34\",\"table_id\":8,\"column_name\":\"created_time\",\"column_comment\":\"创建时间\",\"column_type\":\"DATETIME\",\"column_length\":\"\",\"column_default\":\"CURRENT_TIMESTAMP\",\"is_pk\":false,\"is_increment\":false,\"is_nullable\":false,\"is_unique\":false,\"python_type\":\"datetime\",\"python_field\":\"createdTime\",\"is_insert\":true,\"is_edit\":false,\"is_list\":true,\"is_query\":true,\"query_type\":\"EQ\",\"html_type\":\"input\",\"dict_type\":\"\",\"sort\":12,\"super_column\":\"0\"},{\"id\":54,\"uuid\":\"a7683a75-ab99-4e99-9dc1-31749e028c5a\",\"status\":\"0\",\"description\":null,\"created_time\":\"2026-04-09 10:58:34\",\"updated_time\":\"2026-04-09 10:58:34\",\"table_id\":8,\"column_name\":\"updated_time\",\"column_comment\":\"更新时间\",\"column_type\":\"DATETIME\",\"column_length\":\"\",\"column_default\":\"CURRENT_TIMESTAMP ON UPDATE CURRENT_TIMESTAMP\",\"is_pk\":false,\"is_increment\":false,\"is_nullable\":false,\"is_unique\":false,\"python_type\":\"datetime\",\"python_field\":\"updatedTime\",\"is_insert\":true,\"is_edit\":false,\"is_list\":true,\"is_query\":true,\"query_type\":\"EQ\",\"html_type\":\"input\",\"dict_type\":\"\",\"sort\":13,\"super_column\":\"0\"},{\"id\":55,\"uuid\":\"4b28baa6-dfc6-495d-abaa-7bc8bce0b576\",\"status\":\"0\",\"description\":null,\"created_time\":\"2026-04-09 10:58:34\",\"updated_time\":\"2026-04-09 10:58:34\",\"table_id\":8,\"column_name\":\"created_id\",\"column_comment\":\"创建人ID\",\"column_type\":\"INTEGER\",\"column_length\":\"\",\"column_default\":\"\",\"is_pk\":false,\"is_increment\":false,\"is_nullable\":true,\"is_unique\":false,\"python_type\":\"int\",\"python_field\":\"createdId\",\"is_insert\":true,\"is_edit\":true,\"is_list\":true,\"is_query\":true,\"query_type\":\"EQ\",\"html_type\":\"input\",\"dict_type\":\"\",\"sort\":14,\"super_column\":\"0\"},{\"id\":56,\"uuid\":\"a6841636-b72a-420f-b619-5aab758e7efc\",\"status\":\"0\",\"description\":null,\"created_time\":\"2026-04-09 10:58:34\",\"updated_time\":\"2026-04-09 10:58:34\",\"table_id\":8,\"column_name\":\"updated_id\",\"column_comment\":\"更新人ID\",\"column_type\":\"INTEGER\",\"column_length\":\"\",\"column_default\":\"\",\"is_pk\":false,\"is_increment\":false,\"is_nullable\":true,\"is_unique\":false,\"python_type\":\"int\",\"python_field\":\"updatedId\",\"is_insert\":true,\"is_edit\":true,\"is_list\":true,\"is_query\":true,\"query_type\":\"EQ\",\"html_type\":\"input\",\"dict_type\":\"\",\"sort\":15,\"super_column\":\"0\"}],\"pk_column\":null,\"sub_table\":null,\"sub\":null},\"status_code\":200,\"success\":true}','0.87s',108,'fc47cca5-4353-4120-bad7-8181d2c08149','0','编辑业务表信息','2026-04-09 11:02:38','2026-04-09 11:02:38',1,1),(2,'/api/v1/generator/gencode/update/8','PUT','请求参数过长','127.0.0.1','内网IP','Windows','Edge',200,'{\"code\":0,\"msg\":\"编辑业务表信息成功\",\"data\":{\"id\":8,\"uuid\":\"bfd057a1-8f09-45b2-afa4-e339d0d15598\",\"status\":\"0\",\"description\":null,\"created_time\":\"2026-04-09 10:58:33\",\"updated_time\":\"2026-04-09 11:02:37\",\"table_name\":\"produce_order\",\"table_comment\":\"工单表\",\"class_name\":\"ProduceOrder\",\"package_name\":\"module_produce\",\"module_name\":\"module_produce\",\"business_name\":\"order\",\"function_name\":\"工单\",\"sub_table_name\":null,\"sub_table_fk_name\":null,\"parent_menu_id\":161,\"columns\":[{\"id\":42,\"uuid\":\"362d21ab-96c1-4f85-99f8-3808013bd41f\",\"status\":\"0\",\"description\":null,\"created_time\":\"2026-04-09 10:58:33\",\"updated_time\":\"2026-04-09 10:58:33\",\"table_id\":8,\"column_name\":\"bom_id\",\"column_comment\":\"BOM ID\",\"column_type\":\"INTEGER\",\"column_length\":\"\",\"column_default\":\"\",\"is_pk\":false,\"is_increment\":false,\"is_nullable\":false,\"is_unique\":true,\"python_type\":\"int\",\"python_field\":\"bomId\",\"is_insert\":true,\"is_edit\":true,\"is_list\":true,\"is_query\":true,\"query_type\":\"EQ\",\"html_type\":\"input\",\"dict_type\":\"\",\"sort\":1,\"super_column\":\"0\"},{\"id\":43,\"uuid\":\"655ebd04-4b94-4000-9856-f3348c1e02ac\",\"status\":\"0\",\"description\":null,\"created_time\":\"2026-04-09 10:58:33\",\"updated_time\":\"2026-04-09 10:58:33\",\"table_id\":8,\"column_name\":\"craft_id\",\"column_comment\":\"子工艺ID\",\"column_type\":\"INTEGER\",\"column_length\":\"\",\"column_default\":\"\",\"is_pk\":false,\"is_increment\":false,\"is_nullable\":false,\"is_unique\":true,\"python_type\":\"int\",\"python_field\":\"craftId\",\"is_insert\":true,\"is_edit\":true,\"is_list\":true,\"is_query\":true,\"query_type\":\"EQ\",\"html_type\":\"input\",\"dict_type\":\"\",\"sort\":2,\"super_column\":\"0\"},{\"id\":44,\"uuid\":\"ccb0393c-05df-4095-9265-6c3e1abb6777\",\"status\":\"0\",\"description\":null,\"created_time\":\"2026-04-09 10:58:33\",\"updated_time\":\"2026-04-09 10:58:33\",\"table_id\":8,\"column_name\":\"man_hour\",\"column_comment\":\"工时\",\"column_type\":\"INTEGER\",\"column_length\":\"\",\"column_default\":\"\'0\'\",\"is_pk\":false,\"is_increment\":false,\"is_nullable\":false,\"is_unique\":false,\"python_type\":\"int\",\"python_field\":\"manHour\",\"is_insert\":true,\"is_edit\":true,\"is_list\":true,\"is_query\":true,\"query_type\":\"EQ\",\"html_type\":\"input\",\"dict_type\":\"\",\"sort\":3,\"super_column\":\"0\"},{\"id\":45,\"uuid\":\"82a9165a-89d8-4dd4-80f4-c2859b1e2b6d\",\"status\":\"0\",\"description\":null,\"created_time\":\"2026-04-09 10:58:33\",\"updated_time\":\"2026-04-09 10:58:33\",\"table_id\":8,\"column_name\":\"plan_count\",\"column_comment\":\"计划数量\",\"column_type\":\"INTEGER\",\"column_length\":\"\",\"column_default\":\"\'1\'\",\"is_pk\":false,\"is_increment\":false,\"is_nullable\":false,\"is_unique\":false,\"python_type\":\"int\",\"python_field\":\"planCount\",\"is_insert\":true,\"is_edit\":true,\"is_list\":true,\"is_query\":true,\"query_type\":\"EQ\",\"html_type\":\"input\",\"dict_type\":\"\",\"sort\":4,\"super_column\":\"0\"},{\"id\":46,\"uuid\":\"9448615a-1d15-41c6-9ff1-ca4206aa04a2\",\"status\":\"0\",\"description\":null,\"created_time\":\"2026-04-09 10:58:33\",\"updated_time\":\"2026-04-09 10:58:33\",\"table_id\":8,\"column_name\":\"real_count\",\"column_comment\":\"实际数量\",\"column_type\":\"INTEGER\",\"column_length\":\"\",\"column_default\":\"\'0\'\",\"is_pk\":false,\"is_increment\":false,\"is_nullable\":true,\"is_unique\":false,\"python_type\":\"int\",\"python_field\":\"realCount\",\"is_insert\":true,\"is_edit\":true,\"is_list\":true,\"is_query\":true,\"query_type\":\"EQ\",\"html_type\":\"input\",\"dict_type\":\"\",\"sort\":5,\"super_column\":\"0\"},{\"id\":47,\"uuid\":\"a5bd994f-cef9-479d-b1a5-d7f6130d84ce\",\"status\":\"0\",\"description\":null,\"created_time\":\"2026-04-09 10:58:33\",\"updated_time\":\"2026-04-09 11:06:01\",\"table_id\":8,\"column_name\":\"plan_date\",\"column_comment\":\"计划日期\",\"column_type\":\"DATE\",\"column_length\":\"\",\"column_default\":\"\",\"is_pk\":false,\"is_increment\":false,\"is_nullable\":false,\"is_unique\":false,\"python_type\":\"date\",\"python_field\":\"planDate\",\"is_insert\":true,\"is_edit\":true,\"is_list\":true,\"is_query\":true,\"query_type\":\"EQ\",\"html_type\":\"datetime\",\"dict_type\":\"\",\"sort\":6,\"super_column\":\"0\"},{\"id\":48,\"uuid\":\"9b4b74a4-1b8a-48c3-8837-ebca62b7b3c0\",\"status\":\"0\",\"description\":null,\"created_time\":\"2026-04-09 10:58:33\",\"updated_time\":\"2026-04-09 11:06:01\",\"table_id\":8,\"column_name\":\"real_date\",\"column_comment\":\"实际日期\",\"column_type\":\"DATE\",\"column_length\":\"\",\"column_default\":\"\",\"is_pk\":false,\"is_increment\":false,\"is_nullable\":true,\"is_unique\":false,\"python_type\":\"date\",\"python_field\":\"realDate\",\"is_insert\":true,\"is_edit\":true,\"is_list\":true,\"is_query\":true,\"query_type\":\"EQ\",\"html_type\":\"datetime\",\"dict_type\":\"\",\"sort\":7,\"super_column\":\"0\"},{\"id\":49,\"uuid\":\"a10440b1-afbf-454a-9a02-cb8c30ee2f1b\",\"status\":\"0\",\"description\":null,\"created_time\":\"2026-04-09 10:58:33\",\"updated_time\":\"2026-04-09 10:58:33\",\"table_id\":8,\"column_name\":\"id\",\"column_comment\":\"工单ID\",\"column_type\":\"INTEGER\",\"column_length\":\"\",\"column_default\":\"\",\"is_pk\":true,\"is_increment\":true,\"is_nullable\":false,\"is_unique\":false,\"python_type\":\"int\",\"python_field\":\"id\",\"is_insert\":true,\"is_edit\":false,\"is_list\":false,\"is_query\":false,\"query_type\":null,\"html_type\":\"input\",\"dict_type\":\"\",\"sort\":8,\"super_column\":\"0\"},{\"id\":50,\"uuid\":\"6b54c277-9933-4d84-8dff-179a66b36356\",\"status\":\"0\",\"description\":null,\"created_time\":\"2026-04-09 10:58:34\",\"updated_time\":\"2026-04-09 10:58:34\",\"table_id\":8,\"column_name\":\"uuid\",\"column_comment\":\"UUID\",\"column_type\":\"VARCHAR(64) COLLATE \\\"utf8mb4_unicode_ci\\\"\",\"column_length\":\"64\",\"column_default\":\"(uuid())\",\"is_pk\":false,\"is_increment\":false,\"is_nullable\":false,\"is_unique\":true,\"python_type\":\"str\",\"python_field\":\"uuid\",\"is_insert\":true,\"is_edit\":false,\"is_list\":false,\"is_query\":false,\"query_type\":null,\"html_type\":\"input\",\"dict_type\":\"\",\"sort\":9,\"super_column\":\"0\"},{\"id\":51,\"uuid\":\"72c5c18f-14a3-4049-bb49-1a2fadc9426b\",\"status\":\"0\",\"description\":null,\"created_time\":\"2026-04-09 10:58:34\",\"updated_time\":\"2026-04-09 10:58:34\",\"table_id\":8,\"column_name\":\"status\",\"column_comment\":\"状态 0=待生产 1=生产中 2=已完成 3=已取消 4=已暂停\",\"column_type\":\"VARCHAR(10) COLLATE \\\"utf8mb4_unicode_ci\\\"\",\"column_length\":\"10\",\"column_default\":\"\'0\'\",\"is_pk\":false,\"is_increment\":false,\"is_nullable\":false,\"is_unique\":false,\"python_type\":\"str\",\"python_field\":\"status\",\"is_insert\":true,\"is_edit\":true,\"is_list\":true,\"is_query\":true,\"query_type\":\"EQ\",\"html_type\":\"input\",\"dict_type\":\"\",\"sort\":10,\"super_column\":\"0\"},{\"id\":52,\"uuid\":\"1d76bebe-6091-4760-94d5-04ad3a4da10a\",\"status\":\"0\",\"description\":null,\"created_time\":\"2026-04-09 10:58:34\",\"updated_time\":\"2026-04-09 10:58:34\",\"table_id\":8,\"column_name\":\"description\",\"column_comment\":\"备注/描述\",\"column_type\":\"TEXT COLLATE \\\"utf8mb4_unicode_ci\\\"\",\"column_length\":\"\",\"column_default\":\"\",\"is_pk\":false,\"is_increment\":false,\"is_nullable\":true,\"is_unique\":false,\"python_type\":\"str\",\"python_field\":\"description\",\"is_insert\":true,\"is_edit\":true,\"is_list\":true,\"is_query\":false,\"query_type\":null,\"html_type\":\"input\",\"dict_type\":\"\",\"sort\":11,\"super_column\":\"0\"},{\"id\":53,\"uuid\":\"5894ec49-9c19-4a5f-b49c-395eb087e02d\",\"status\":\"0\",\"description\":null,\"created_time\":\"2026-04-09 10:58:34\",\"updated_time\":\"2026-04-09 11:06:01\",\"table_id\":8,\"column_name\":\"created_time\",\"column_comment\":\"创建时间\",\"column_type\":\"DATETIME\",\"column_length\":\"\",\"column_default\":\"CURRENT_TIMESTAMP\",\"is_pk\":false,\"is_increment\":false,\"is_nullable\":false,\"is_unique\":false,\"python_type\":\"datetime\",\"python_field\":\"createdTime\",\"is_insert\":true,\"is_edit\":false,\"is_list\":true,\"is_query\":true,\"query_type\":\"EQ\",\"html_type\":\"datetime\",\"dict_type\":\"\",\"sort\":12,\"super_column\":\"0\"},{\"id\":54,\"uuid\":\"a7683a75-ab99-4e99-9dc1-31749e028c5a\",\"status\":\"0\",\"description\":null,\"created_time\":\"2026-04-09 10:58:34\",\"updated_time\":\"2026-04-09 11:06:01\",\"table_id\":8,\"column_name\":\"updated_time\",\"column_comment\":\"更新时间\",\"column_type\":\"DATETIME\",\"column_length\":\"\",\"column_default\":\"CURRENT_TIMESTAMP ON UPDATE CURRENT_TIMESTAMP\",\"is_pk\":false,\"is_increment\":false,\"is_nullable\":false,\"is_unique\":false,\"python_type\":\"datetime\",\"python_field\":\"updatedTime\",\"is_insert\":true,\"is_edit\":false,\"is_list\":true,\"is_query\":true,\"query_type\":\"EQ\",\"html_type\":\"datetime\",\"dict_type\":\"\",\"sort\":13,\"super_column\":\"0\"},{\"id\":55,\"uuid\":\"4b28baa6-dfc6-495d-abaa-7bc8bce0b576\",\"status\":\"0\",\"description\":null,\"created_time\":\"2026-04-09 10:58:34\",\"updated_time\":\"2026-04-09 10:58:34\",\"table_id\":8,\"column_name\":\"created_id\",\"column_comment\":\"创建人ID\",\"column_type\":\"INTEGER\",\"column_length\":\"\",\"column_default\":\"\",\"is_pk\":false,\"is_increment\":false,\"is_nullable\":true,\"is_unique\":false,\"python_type\":\"int\",\"python_field\":\"createdId\",\"is_insert\":true,\"is_edit\":true,\"is_list\":true,\"is_query\":true,\"query_type\":\"EQ\",\"html_type\":\"input\",\"dict_type\":\"\",\"sort\":14,\"super_column\":\"0\"},{\"id\":56,\"uuid\":\"a6841636-b72a-420f-b619-5aab758e7efc\",\"status\":\"0\",\"description\":null,\"created_time\":\"2026-04-09 10:58:34\",\"updated_time\":\"2026-04-09 10:58:34\",\"table_id\":8,\"column_name\":\"updated_id\",\"column_comment\":\"更新人ID\",\"column_type\":\"INTEGER\",\"column_length\":\"\",\"column_default\":\"\",\"is_pk\":false,\"is_increment\":false,\"is_nullable\":true,\"is_unique\":false,\"python_type\":\"int\",\"python_field\":\"updatedId\",\"is_insert\":true,\"is_edit\":true,\"is_list\":true,\"is_query\":true,\"query_type\":\"EQ\",\"html_type\":\"input\",\"dict_type\":\"\",\"sort\":15,\"super_column\":\"0\"}],\"pk_column\":null,\"sub_table\":null,\"sub\":null},\"status_code\":200,\"success\":true}','0.93s',109,'a93b79bd-d19d-4036-98b8-b15854fb28ac','0','编辑业务表信息','2026-04-09 11:06:01','2026-04-09 11:06:01',1,1),(2,'/api/v1/generator/gencode/output/produce_order','POST','{\"path_params\": {\"table_name\": \"produce_order\"}}','127.0.0.1','内网IP','Windows','Edge',200,'{\"code\":0,\"msg\":\"生成代码到指定路径成功\",\"data\":true,\"status_code\":200,\"success\":true}','0.17s',110,'0d41aca8-7c3b-4d54-8262-06f0360b468a','0','生成代码到指定路径','2026-04-09 11:07:02','2026-04-09 11:07:02',1,1),(1,'/api/v1/system/auth/login','POST','username: admin\npassword: 123456\ncaptcha: 12\ncaptcha_key: e634a4c4f54346aeb80a50a761bfd734\nremember: true\nlogin_type: PC端','127.0.0.1','内网IP','Windows','Edge',200,'{\"code\":0,\"msg\":\"登录成功\",\"data\":{\"access_token\":\"eyJhbGciOiJIUzI1NiIsInR5cCI6IkpXVCJ9.eyJzdWIiOiJ7XCJuYW1lXCI6XCJcdThkODVcdTdlYTdcdTdiYTFcdTc0MDZcdTU0NThcIixcInNlc3Npb25faWRcIjpcImZlZGU1YjM5LWQ1NGEtNGYwNC04MDBiLTExMzY1ZDkxOTU0OFwiLFwidXNlcl9pZFwiOjEsXCJ1c2VyX25hbWVcIjpcImFkbWluXCIsXCJpcGFkZHJcIjpcIjEyNy4wLjAuMVwiLFwibG9naW5fbG9jYXRpb25cIjpcIlx1NTE4NVx1N2Y1MUlQXCIsXCJvc1wiOlwiV2luZG93c1wiLFwiYnJvd3NlclwiOlwiRWRnZVwiLFwibG9naW5fdGltZVwiOlwiMjAyNi0wNC0wOSAxMToxNzoyOFwiLFwibG9naW5fdHlwZVwiOlwiUENcdTdhZWZcIn0iLCJpc19yZWZyZXNoIjpmYWxzZSwiZXhwIjoxNzc1NzM1MjQ4fQ.DjTL1L6rQD3QzSmOnbSnUCL8kUa_UmDQa-1OUcv-J3Y\",\"refresh_token\":\"eyJhbGciOiJIUzI1NiIsInR5cCI6IkpXVCJ9.eyJzdWIiOiJ7XCJuYW1lXCI6XCJcdThkODVcdTdlYTdcdTdiYTFcdTc0MDZcdTU0NThcIixcInNlc3Npb25faWRcIjpcImZlZGU1YjM5LWQ1NGEtNGYwNC04MDBiLTExMzY1ZDkxOTU0OFwiLFwidXNlcl9pZFwiOjEsXCJ1c2VyX25hbWVcIjpcImFkbWluXCIsXCJpcGFkZHJcIjpcIjEyNy4wLjAuMVwiLFwibG9naW5fbG9jYXRpb25cIjpcIlx1NTE4NVx1N2Y1MUlQXCIsXCJvc1wiOlwiV2luZG93c1wiLFwiYnJvd3NlclwiOlwiRWRnZVwiLFwibG9naW5fdGltZVwiOlwiMjAyNi0wNC0wOSAxMToxNzoyOFwiLFwibG9naW5fdHlwZVwiOlwiUENcdTdhZWZcIn0iLCJpc19yZWZyZXNoIjp0cnVlLCJleHAiOjE3NzU3MzUyNDh9.a3StxTvNZf6Sz8zmsQd1y5VQizvbzfYmmhvFdyIlvN4\",\"token_type\":\"bearer\",\"expires_in\":1800},\"status_code\":200,\"success\":true}','0.32s',111,'35a7ed36-b4ec-4070-bfe2-e39b6dfe6269','0','登录','2026-04-09 11:17:28','2026-04-09 11:17:28',NULL,NULL),(1,'/api/v1/system/auth/login','POST','username: admin\npassword: 123456\ncaptcha: 42\ncaptcha_key: b516b9a8b7ab4be5a618b6833669e870\nremember: true\nlogin_type: PC端','127.0.0.1','内网IP','Windows','Edge',200,'{\"code\":0,\"msg\":\"登录成功\",\"data\":{\"access_token\":\"eyJhbGciOiJIUzI1NiIsInR5cCI6IkpXVCJ9.eyJzdWIiOiJ7XCJuYW1lXCI6XCJcdThkODVcdTdlYTdcdTdiYTFcdTc0MDZcdTU0NThcIixcInNlc3Npb25faWRcIjpcIjhhOTUxMTI1LTg5ODQtNGU5ZC1hM2EyLWQxMzE4M2YyYjhkMFwiLFwidXNlcl9pZFwiOjEsXCJ1c2VyX25hbWVcIjpcImFkbWluXCIsXCJpcGFkZHJcIjpcIjEyNy4wLjAuMVwiLFwibG9naW5fbG9jYXRpb25cIjpcIlx1NTE4NVx1N2Y1MUlQXCIsXCJvc1wiOlwiV2luZG93c1wiLFwiYnJvd3NlclwiOlwiRWRnZVwiLFwibG9naW5fdGltZVwiOlwiMjAyNi0wNC0wOSAxMToxNzozOFwiLFwibG9naW5fdHlwZVwiOlwiUENcdTdhZWZcIn0iLCJpc19yZWZyZXNoIjpmYWxzZSwiZXhwIjoxNzc1NzM1MjU3fQ.oVIOXfN-1PWKNCK1TeN_lj4zLfd7CvDiDiDW4QkwYxA\",\"refresh_token\":\"eyJhbGciOiJIUzI1NiIsInR5cCI6IkpXVCJ9.eyJzdWIiOiJ7XCJuYW1lXCI6XCJcdThkODVcdTdlYTdcdTdiYTFcdTc0MDZcdTU0NThcIixcInNlc3Npb25faWRcIjpcIjhhOTUxMTI1LTg5ODQtNGU5ZC1hM2EyLWQxMzE4M2YyYjhkMFwiLFwidXNlcl9pZFwiOjEsXCJ1c2VyX25hbWVcIjpcImFkbWluXCIsXCJpcGFkZHJcIjpcIjEyNy4wLjAuMVwiLFwibG9naW5fbG9jYXRpb25cIjpcIlx1NTE4NVx1N2Y1MUlQXCIsXCJvc1wiOlwiV2luZG93c1wiLFwiYnJvd3NlclwiOlwiRWRnZVwiLFwibG9naW5fdGltZVwiOlwiMjAyNi0wNC0wOSAxMToxNzozOFwiLFwibG9naW5fdHlwZVwiOlwiUENcdTdhZWZcIn0iLCJpc19yZWZyZXNoIjp0cnVlLCJleHAiOjE3NzU3MzUyNTd9.CH3dlGaLxObaU3k7l9xi4qgW_QtsdrbZsOsoN_IQfZ0\",\"token_type\":\"bearer\",\"expires_in\":1800},\"status_code\":200,\"success\":true}','0.28s',112,'b0bb5ea5-1146-47f7-9d7b-e755a8ae66c4','0','登录','2026-04-09 11:17:38','2026-04-09 11:17:38',NULL,NULL),(1,'/api/v1/system/auth/login','POST','username: admin\npassword: 123456\ncaptcha: 4\ncaptcha_key: 5e95e0378d9c4c5fb2a1a74b809029d5\nremember: true\nlogin_type: PC端','127.0.0.1','内网IP','Windows','Edge',200,'{\"code\":0,\"msg\":\"登录成功\",\"data\":{\"access_token\":\"eyJhbGciOiJIUzI1NiIsInR5cCI6IkpXVCJ9.eyJzdWIiOiJ7XCJuYW1lXCI6XCJcdThkODVcdTdlYTdcdTdiYTFcdTc0MDZcdTU0NThcIixcInNlc3Npb25faWRcIjpcIjg1N2Q0NmNmLTNhM2ItNDc0OS1iYTZhLTE4YjRhYjM1OTExZlwiLFwidXNlcl9pZFwiOjEsXCJ1c2VyX25hbWVcIjpcImFkbWluXCIsXCJpcGFkZHJcIjpcIjEyNy4wLjAuMVwiLFwibG9naW5fbG9jYXRpb25cIjpcIlx1NTE4NVx1N2Y1MUlQXCIsXCJvc1wiOlwiV2luZG93c1wiLFwiYnJvd3NlclwiOlwiRWRnZVwiLFwibG9naW5fdGltZVwiOlwiMjAyNi0wNC0wOSAxMToxNzo1MVwiLFwibG9naW5fdHlwZVwiOlwiUENcdTdhZWZcIn0iLCJpc19yZWZyZXNoIjpmYWxzZSwiZXhwIjoxNzc1NzM1MjcxfQ.0soP9LOvCXWC56Pr2D4vvvCUGPuh6VeyNVuXU_AgXCo\",\"refresh_token\":\"eyJhbGciOiJIUzI1NiIsInR5cCI6IkpXVCJ9.eyJzdWIiOiJ7XCJuYW1lXCI6XCJcdThkODVcdTdlYTdcdTdiYTFcdTc0MDZcdTU0NThcIixcInNlc3Npb25faWRcIjpcIjg1N2Q0NmNmLTNhM2ItNDc0OS1iYTZhLTE4YjRhYjM1OTExZlwiLFwidXNlcl9pZFwiOjEsXCJ1c2VyX25hbWVcIjpcImFkbWluXCIsXCJpcGFkZHJcIjpcIjEyNy4wLjAuMVwiLFwibG9naW5fbG9jYXRpb25cIjpcIlx1NTE4NVx1N2Y1MUlQXCIsXCJvc1wiOlwiV2luZG93c1wiLFwiYnJvd3NlclwiOlwiRWRnZVwiLFwibG9naW5fdGltZVwiOlwiMjAyNi0wNC0wOSAxMToxNzo1MVwiLFwibG9naW5fdHlwZVwiOlwiUENcdTdhZWZcIn0iLCJpc19yZWZyZXNoIjp0cnVlLCJleHAiOjE3NzU3MzUyNzF9.wx_G8_XAP_kXO_JLCFL55Pz7vds2SrXHRBQVDxw53BU\",\"token_type\":\"bearer\",\"expires_in\":1800},\"status_code\":200,\"success\":true}','0.27s',113,'f318160b-4ae7-41b4-b087-04b4d90a7ccd','0','登录','2026-04-09 11:17:51','2026-04-09 11:17:51',NULL,NULL),(1,'/api/v1/system/auth/login','POST','username: admin\npassword: 123456\ncaptcha: 6\ncaptcha_key: ff36ba6e390c4000ba9c4d6b5738ef6d\nremember: true\nlogin_type: PC端','127.0.0.1','内网IP','Windows','Edge',200,'{\"code\":0,\"msg\":\"登录成功\",\"data\":{\"access_token\":\"eyJhbGciOiJIUzI1NiIsInR5cCI6IkpXVCJ9.eyJzdWIiOiJ7XCJuYW1lXCI6XCJcdThkODVcdTdlYTdcdTdiYTFcdTc0MDZcdTU0NThcIixcInNlc3Npb25faWRcIjpcImYwMjEyM2NiLWE3ZDYtNDY3OS05ZWVlLWMzYjI5MWFiNWY5Y1wiLFwidXNlcl9pZFwiOjEsXCJ1c2VyX25hbWVcIjpcImFkbWluXCIsXCJpcGFkZHJcIjpcIjEyNy4wLjAuMVwiLFwibG9naW5fbG9jYXRpb25cIjpcIlx1NTE4NVx1N2Y1MUlQXCIsXCJvc1wiOlwiV2luZG93c1wiLFwiYnJvd3NlclwiOlwiRWRnZVwiLFwibG9naW5fdGltZVwiOlwiMjAyNi0wNC0wOSAxMToxODozNFwiLFwibG9naW5fdHlwZVwiOlwiUENcdTdhZWZcIn0iLCJpc19yZWZyZXNoIjpmYWxzZSwiZXhwIjoxNzc1NzM1MzE0fQ.p3jghdElprCQUgmtIrN0tKTvaunpHen_MeaT-CN6fZ4\",\"refresh_token\":\"eyJhbGciOiJIUzI1NiIsInR5cCI6IkpXVCJ9.eyJzdWIiOiJ7XCJuYW1lXCI6XCJcdThkODVcdTdlYTdcdTdiYTFcdTc0MDZcdTU0NThcIixcInNlc3Npb25faWRcIjpcImYwMjEyM2NiLWE3ZDYtNDY3OS05ZWVlLWMzYjI5MWFiNWY5Y1wiLFwidXNlcl9pZFwiOjEsXCJ1c2VyX25hbWVcIjpcImFkbWluXCIsXCJpcGFkZHJcIjpcIjEyNy4wLjAuMVwiLFwibG9naW5fbG9jYXRpb25cIjpcIlx1NTE4NVx1N2Y1MUlQXCIsXCJvc1wiOlwiV2luZG93c1wiLFwiYnJvd3NlclwiOlwiRWRnZVwiLFwibG9naW5fdGltZVwiOlwiMjAyNi0wNC0wOSAxMToxODozNFwiLFwibG9naW5fdHlwZVwiOlwiUENcdTdhZWZcIn0iLCJpc19yZWZyZXNoIjp0cnVlLCJleHAiOjE3NzU3MzUzMTR9.g6lgqKK4wNCBQOuDqsdfwcIzPpmjeOAChWSJ6wQaihM\",\"token_type\":\"bearer\",\"expires_in\":1800},\"status_code\":200,\"success\":true}','0.27s',114,'56e89bae-2298-45c7-b958-5499c0d3255d','0','登录','2026-04-09 11:18:34','2026-04-09 11:18:34',NULL,NULL),(1,'/api/v1/system/auth/login','POST','username: admin\npassword: 123456\ncaptcha: 14\ncaptcha_key: dafe6187cacc45b395d17da2c4365c76\nremember: true\nlogin_type: PC端','127.0.0.1','内网IP','Windows','Chrome',200,'{\"code\":0,\"msg\":\"登录成功\",\"data\":{\"access_token\":\"eyJhbGciOiJIUzI1NiIsInR5cCI6IkpXVCJ9.eyJzdWIiOiJ7XCJuYW1lXCI6XCJcdThkODVcdTdlYTdcdTdiYTFcdTc0MDZcdTU0NThcIixcInNlc3Npb25faWRcIjpcIjUwM2ZmZGM5LTEzNDAtNDU0Ni04OTQ4LWFlZjIyMjg3YTIyZVwiLFwidXNlcl9pZFwiOjEsXCJ1c2VyX25hbWVcIjpcImFkbWluXCIsXCJpcGFkZHJcIjpcIjEyNy4wLjAuMVwiLFwibG9naW5fbG9jYXRpb25cIjpcIlx1NTE4NVx1N2Y1MUlQXCIsXCJvc1wiOlwiV2luZG93c1wiLFwiYnJvd3NlclwiOlwiQ2hyb21lXCIsXCJsb2dpbl90aW1lXCI6XCIyMDI2LTA0LTA5IDExOjE4OjUwXCIsXCJsb2dpbl90eXBlXCI6XCJQQ1x1N2FlZlwifSIsImlzX3JlZnJlc2giOmZhbHNlLCJleHAiOjE3NzU3MzUzMzB9.YRww1aHa8EURyW3p2wP1ZzPwai1Df-uaa9KKcEt3Lp4\",\"refresh_token\":\"eyJhbGciOiJIUzI1NiIsInR5cCI6IkpXVCJ9.eyJzdWIiOiJ7XCJuYW1lXCI6XCJcdThkODVcdTdlYTdcdTdiYTFcdTc0MDZcdTU0NThcIixcInNlc3Npb25faWRcIjpcIjUwM2ZmZGM5LTEzNDAtNDU0Ni04OTQ4LWFlZjIyMjg3YTIyZVwiLFwidXNlcl9pZFwiOjEsXCJ1c2VyX25hbWVcIjpcImFkbWluXCIsXCJpcGFkZHJcIjpcIjEyNy4wLjAuMVwiLFwibG9naW5fbG9jYXRpb25cIjpcIlx1NTE4NVx1N2Y1MUlQXCIsXCJvc1wiOlwiV2luZG93c1wiLFwiYnJvd3NlclwiOlwiQ2hyb21lXCIsXCJsb2dpbl90aW1lXCI6XCIyMDI2LTA0LTA5IDExOjE4OjUwXCIsXCJsb2dpbl90eXBlXCI6XCJQQ1x1N2FlZlwifSIsImlzX3JlZnJlc2giOnRydWUsImV4cCI6MTc3NTczNTMzMH0.Cs8b3i_opbuWjHAeDWkF2x5CKSmboCWf1pD9UiyjLRs\",\"token_type\":\"bearer\",\"expires_in\":1800},\"status_code\":200,\"success\":true}','0.30s',115,'be6ac268-2657-47e4-9ec3-906449b4a694','0','登录','2026-04-09 11:18:50','2026-04-09 11:18:50',NULL,NULL),(1,'/api/v1/system/auth/login','POST','username: admin\npassword: 123456\ncaptcha: 4\ncaptcha_key: f6685d090dff400ea6d4e217ba8d83e5\nremember: true\nlogin_type: PC端','127.0.0.1','内网IP','Windows','Edge',200,'{\"code\":0,\"msg\":\"登录成功\",\"data\":{\"access_token\":\"eyJhbGciOiJIUzI1NiIsInR5cCI6IkpXVCJ9.eyJzdWIiOiJ7XCJuYW1lXCI6XCJcdThkODVcdTdlYTdcdTdiYTFcdTc0MDZcdTU0NThcIixcInNlc3Npb25faWRcIjpcImM1MThiOWRiLWRiOWMtNGM4Mi05OGRhLTU3YzQzZDI2Njk0MVwiLFwidXNlcl9pZFwiOjEsXCJ1c2VyX25hbWVcIjpcImFkbWluXCIsXCJpcGFkZHJcIjpcIjEyNy4wLjAuMVwiLFwibG9naW5fbG9jYXRpb25cIjpcIlx1NTE4NVx1N2Y1MUlQXCIsXCJvc1wiOlwiV2luZG93c1wiLFwiYnJvd3NlclwiOlwiRWRnZVwiLFwibG9naW5fdGltZVwiOlwiMjAyNi0wNC0wOSAxMToxOTowOFwiLFwibG9naW5fdHlwZVwiOlwiUENcdTdhZWZcIn0iLCJpc19yZWZyZXNoIjpmYWxzZSwiZXhwIjoxNzc1NzM1MzQ4fQ.qo5ZfKLsVbi3n2yvhemwVhoYgynXA6tYDoVNUV9G1yQ\",\"refresh_token\":\"eyJhbGciOiJIUzI1NiIsInR5cCI6IkpXVCJ9.eyJzdWIiOiJ7XCJuYW1lXCI6XCJcdThkODVcdTdlYTdcdTdiYTFcdTc0MDZcdTU0NThcIixcInNlc3Npb25faWRcIjpcImM1MThiOWRiLWRiOWMtNGM4Mi05OGRhLTU3YzQzZDI2Njk0MVwiLFwidXNlcl9pZFwiOjEsXCJ1c2VyX25hbWVcIjpcImFkbWluXCIsXCJpcGFkZHJcIjpcIjEyNy4wLjAuMVwiLFwibG9naW5fbG9jYXRpb25cIjpcIlx1NTE4NVx1N2Y1MUlQXCIsXCJvc1wiOlwiV2luZG93c1wiLFwiYnJvd3NlclwiOlwiRWRnZVwiLFwibG9naW5fdGltZVwiOlwiMjAyNi0wNC0wOSAxMToxOTowOFwiLFwibG9naW5fdHlwZVwiOlwiUENcdTdhZWZcIn0iLCJpc19yZWZyZXNoIjp0cnVlLCJleHAiOjE3NzU3MzUzNDh9.QPp_z3cgk075Z3mSKGvIaqFbr8ONWOO_CYUssYShodg\",\"token_type\":\"bearer\",\"expires_in\":1800},\"status_code\":200,\"success\":true}','0.27s',116,'fbcaad06-a2c2-45bc-872a-34b7ce16d60e','0','登录','2026-04-09 11:19:08','2026-04-09 11:19:08',NULL,NULL),(1,'/api/v1/system/auth/login','POST','username: admin\npassword: 123456\ncaptcha: 6\ncaptcha_key: cc224d9821e749f28cfcf0a4c9222c32\nremember: true\nlogin_type: PC端','127.0.0.1','内网IP','Windows','Edge',200,'{\"code\":0,\"msg\":\"登录成功\",\"data\":{\"access_token\":\"eyJhbGciOiJIUzI1NiIsInR5cCI6IkpXVCJ9.eyJzdWIiOiJ7XCJuYW1lXCI6XCJcdThkODVcdTdlYTdcdTdiYTFcdTc0MDZcdTU0NThcIixcInNlc3Npb25faWRcIjpcIjRlNmI3MTg3LTRiNDktNDIwOC04ZWVhLTMwOTMxMmM4ZjNiY1wiLFwidXNlcl9pZFwiOjEsXCJ1c2VyX25hbWVcIjpcImFkbWluXCIsXCJpcGFkZHJcIjpcIjEyNy4wLjAuMVwiLFwibG9naW5fbG9jYXRpb25cIjpcIlx1NTE4NVx1N2Y1MUlQXCIsXCJvc1wiOlwiV2luZG93c1wiLFwiYnJvd3NlclwiOlwiRWRnZVwiLFwibG9naW5fdGltZVwiOlwiMjAyNi0wNC0wOSAxMToyMDozM1wiLFwibG9naW5fdHlwZVwiOlwiUENcdTdhZWZcIn0iLCJpc19yZWZyZXNoIjpmYWxzZSwiZXhwIjoxNzc1NzM1NDMyfQ.9JoGVQ1T_Rm4UUnFTDs2S3undzSAEnDcQvhMzyRgKaw\",\"refresh_token\":\"eyJhbGciOiJIUzI1NiIsInR5cCI6IkpXVCJ9.eyJzdWIiOiJ7XCJuYW1lXCI6XCJcdThkODVcdTdlYTdcdTdiYTFcdTc0MDZcdTU0NThcIixcInNlc3Npb25faWRcIjpcIjRlNmI3MTg3LTRiNDktNDIwOC04ZWVhLTMwOTMxMmM4ZjNiY1wiLFwidXNlcl9pZFwiOjEsXCJ1c2VyX25hbWVcIjpcImFkbWluXCIsXCJpcGFkZHJcIjpcIjEyNy4wLjAuMVwiLFwibG9naW5fbG9jYXRpb25cIjpcIlx1NTE4NVx1N2Y1MUlQXCIsXCJvc1wiOlwiV2luZG93c1wiLFwiYnJvd3NlclwiOlwiRWRnZVwiLFwibG9naW5fdGltZVwiOlwiMjAyNi0wNC0wOSAxMToyMDozM1wiLFwibG9naW5fdHlwZVwiOlwiUENcdTdhZWZcIn0iLCJpc19yZWZyZXNoIjp0cnVlLCJleHAiOjE3NzU3MzU0MzJ9.-zFyJw5raCu0-vXTqRFo3bk7WkxUN8yaUq2QbWb7jwA\",\"token_type\":\"bearer\",\"expires_in\":1800},\"status_code\":200,\"success\":true}','0.27s',117,'7390149e-d12f-4d53-8fba-76e8ad01d5bd','0','登录','2026-04-09 11:20:33','2026-04-09 11:20:33',NULL,NULL),(1,'/api/v1/system/auth/login','POST','username: admin\npassword: 123456\ncaptcha: 6\ncaptcha_key: 989c8b98d5ca4ed69530774082ac7ddd\nremember: true\nlogin_type: PC端','127.0.0.1','内网IP','Windows','Edge',200,'{\"code\":0,\"msg\":\"登录成功\",\"data\":{\"access_token\":\"eyJhbGciOiJIUzI1NiIsInR5cCI6IkpXVCJ9.eyJzdWIiOiJ7XCJuYW1lXCI6XCJcdThkODVcdTdlYTdcdTdiYTFcdTc0MDZcdTU0NThcIixcInNlc3Npb25faWRcIjpcIjgyMDY0ZjA0LWJhZmItNGY5Mi04Y2QwLTI2MGQzOWI1NGJlZFwiLFwidXNlcl9pZFwiOjEsXCJ1c2VyX25hbWVcIjpcImFkbWluXCIsXCJpcGFkZHJcIjpcIjEyNy4wLjAuMVwiLFwibG9naW5fbG9jYXRpb25cIjpcIlx1NTE4NVx1N2Y1MUlQXCIsXCJvc1wiOlwiV2luZG93c1wiLFwiYnJvd3NlclwiOlwiRWRnZVwiLFwibG9naW5fdGltZVwiOlwiMjAyNi0wNC0wOSAxMToyMTo1NVwiLFwibG9naW5fdHlwZVwiOlwiUENcdTdhZWZcIn0iLCJpc19yZWZyZXNoIjpmYWxzZSwiZXhwIjoxNzc1NzM1NTE1fQ.00PgZ7IS5LWq43IzkQfPnNHY6u5DCO0uBO_sVmE3vak\",\"refresh_token\":\"eyJhbGciOiJIUzI1NiIsInR5cCI6IkpXVCJ9.eyJzdWIiOiJ7XCJuYW1lXCI6XCJcdThkODVcdTdlYTdcdTdiYTFcdTc0MDZcdTU0NThcIixcInNlc3Npb25faWRcIjpcIjgyMDY0ZjA0LWJhZmItNGY5Mi04Y2QwLTI2MGQzOWI1NGJlZFwiLFwidXNlcl9pZFwiOjEsXCJ1c2VyX25hbWVcIjpcImFkbWluXCIsXCJpcGFkZHJcIjpcIjEyNy4wLjAuMVwiLFwibG9naW5fbG9jYXRpb25cIjpcIlx1NTE4NVx1N2Y1MUlQXCIsXCJvc1wiOlwiV2luZG93c1wiLFwiYnJvd3NlclwiOlwiRWRnZVwiLFwibG9naW5fdGltZVwiOlwiMjAyNi0wNC0wOSAxMToyMTo1NVwiLFwibG9naW5fdHlwZVwiOlwiUENcdTdhZWZcIn0iLCJpc19yZWZyZXNoIjp0cnVlLCJleHAiOjE3NzU3MzU1MTV9.NYjab-33ddDsGIlB7aB_jzTZfzBh1emKo5RuB5PxA3g\",\"token_type\":\"bearer\",\"expires_in\":1800},\"status_code\":200,\"success\":true}','0.28s',118,'4a9b7aea-eb35-45d1-a537-bed69bb58271','0','登录','2026-04-09 11:21:55','2026-04-09 11:21:55',NULL,NULL),(1,'/api/v1/system/auth/login','POST','username: admin\npassword: 123456\ncaptcha: 45\ncaptcha_key: 9b822c2f9759451988e6acdbde30fa0a\nremember: true\nlogin_type: PC端','127.0.0.1','内网IP','Windows','Edge',200,'{\"code\":0,\"msg\":\"登录成功\",\"data\":{\"access_token\":\"eyJhbGciOiJIUzI1NiIsInR5cCI6IkpXVCJ9.eyJzdWIiOiJ7XCJuYW1lXCI6XCJcdThkODVcdTdlYTdcdTdiYTFcdTc0MDZcdTU0NThcIixcInNlc3Npb25faWRcIjpcIjVmNDI3NWI5LTI5NDgtNDM1Mi1iYWE0LThkYmVhMTNhOGY5N1wiLFwidXNlcl9pZFwiOjEsXCJ1c2VyX25hbWVcIjpcImFkbWluXCIsXCJpcGFkZHJcIjpcIjEyNy4wLjAuMVwiLFwibG9naW5fbG9jYXRpb25cIjpcIlx1NTE4NVx1N2Y1MUlQXCIsXCJvc1wiOlwiV2luZG93c1wiLFwiYnJvd3NlclwiOlwiRWRnZVwiLFwibG9naW5fdGltZVwiOlwiMjAyNi0wNC0wOSAxMToyMjoxMVwiLFwibG9naW5fdHlwZVwiOlwiUENcdTdhZWZcIn0iLCJpc19yZWZyZXNoIjpmYWxzZSwiZXhwIjoxNzc1NzM1NTMwfQ.Rk4BAoVM5etrvIFKcTiXmygzKgVsy_zC_dqiAHDjbxg\",\"refresh_token\":\"eyJhbGciOiJIUzI1NiIsInR5cCI6IkpXVCJ9.eyJzdWIiOiJ7XCJuYW1lXCI6XCJcdThkODVcdTdlYTdcdTdiYTFcdTc0MDZcdTU0NThcIixcInNlc3Npb25faWRcIjpcIjVmNDI3NWI5LTI5NDgtNDM1Mi1iYWE0LThkYmVhMTNhOGY5N1wiLFwidXNlcl9pZFwiOjEsXCJ1c2VyX25hbWVcIjpcImFkbWluXCIsXCJpcGFkZHJcIjpcIjEyNy4wLjAuMVwiLFwibG9naW5fbG9jYXRpb25cIjpcIlx1NTE4NVx1N2Y1MUlQXCIsXCJvc1wiOlwiV2luZG93c1wiLFwiYnJvd3NlclwiOlwiRWRnZVwiLFwibG9naW5fdGltZVwiOlwiMjAyNi0wNC0wOSAxMToyMjoxMVwiLFwibG9naW5fdHlwZVwiOlwiUENcdTdhZWZcIn0iLCJpc19yZWZyZXNoIjp0cnVlLCJleHAiOjE3NzU3MzU1MzB9.uzNTu3BX5_lST6Vh-HPb01vvNfSmY5_01Tn9aEne6Xo\",\"token_type\":\"bearer\",\"expires_in\":1800},\"status_code\":200,\"success\":true}','0.27s',119,'74de4aff-a37a-468d-9582-033594d1387c','0','登录','2026-04-09 11:22:11','2026-04-09 11:22:11',NULL,NULL),(1,'/api/v1/system/auth/login','POST','username: admin\npassword: 123456\ncaptcha: 12\ncaptcha_key: 5a65504a2208421a999f3933ab00ae99\nremember: true\nlogin_type: PC端','127.0.0.1','内网IP','Windows','Edge',200,'{\"code\":0,\"msg\":\"登录成功\",\"data\":{\"access_token\":\"eyJhbGciOiJIUzI1NiIsInR5cCI6IkpXVCJ9.eyJzdWIiOiJ7XCJuYW1lXCI6XCJcdThkODVcdTdlYTdcdTdiYTFcdTc0MDZcdTU0NThcIixcInNlc3Npb25faWRcIjpcIjhhYzJmN2MxLWEyYzEtNDNiZS1hNjE1LTkwNTRlYzM4OGQ4NlwiLFwidXNlcl9pZFwiOjEsXCJ1c2VyX25hbWVcIjpcImFkbWluXCIsXCJpcGFkZHJcIjpcIjEyNy4wLjAuMVwiLFwibG9naW5fbG9jYXRpb25cIjpcIlx1NTE4NVx1N2Y1MUlQXCIsXCJvc1wiOlwiV2luZG93c1wiLFwiYnJvd3NlclwiOlwiRWRnZVwiLFwibG9naW5fdGltZVwiOlwiMjAyNi0wNC0wOSAxMToyNzoxMVwiLFwibG9naW5fdHlwZVwiOlwiUENcdTdhZWZcIn0iLCJpc19yZWZyZXNoIjpmYWxzZSwiZXhwIjoxNzc1NzM1ODMxfQ.xDmlFw86_sJI_CVLaoVNk44a5WhVsS57nvaj-hA1GPo\",\"refresh_token\":\"eyJhbGciOiJIUzI1NiIsInR5cCI6IkpXVCJ9.eyJzdWIiOiJ7XCJuYW1lXCI6XCJcdThkODVcdTdlYTdcdTdiYTFcdTc0MDZcdTU0NThcIixcInNlc3Npb25faWRcIjpcIjhhYzJmN2MxLWEyYzEtNDNiZS1hNjE1LTkwNTRlYzM4OGQ4NlwiLFwidXNlcl9pZFwiOjEsXCJ1c2VyX25hbWVcIjpcImFkbWluXCIsXCJpcGFkZHJcIjpcIjEyNy4wLjAuMVwiLFwibG9naW5fbG9jYXRpb25cIjpcIlx1NTE4NVx1N2Y1MUlQXCIsXCJvc1wiOlwiV2luZG93c1wiLFwiYnJvd3NlclwiOlwiRWRnZVwiLFwibG9naW5fdGltZVwiOlwiMjAyNi0wNC0wOSAxMToyNzoxMVwiLFwibG9naW5fdHlwZVwiOlwiUENcdTdhZWZcIn0iLCJpc19yZWZyZXNoIjp0cnVlLCJleHAiOjE3NzU3MzU4MzF9.Mo2Gql8kUdzXvix0N1IgvGI-urTwW7D1OO3t6f4FZrI\",\"token_type\":\"bearer\",\"expires_in\":1800},\"status_code\":200,\"success\":true}','0.31s',120,'a80c1958-f1bc-4021-a84c-f3b04b7f00b7','0','登录','2026-04-09 11:27:11','2026-04-09 11:27:11',NULL,NULL),(1,'/api/v1/system/auth/login','POST','username: admin\npassword: 123456\ncaptcha: 6\ncaptcha_key: 036dedb3d99749dcb9bf687ce8cc42c5\nremember: true\nlogin_type: PC端','127.0.0.1','内网IP','Windows','Edge',200,'{\"code\":0,\"msg\":\"登录成功\",\"data\":{\"access_token\":\"eyJhbGciOiJIUzI1NiIsInR5cCI6IkpXVCJ9.eyJzdWIiOiJ7XCJuYW1lXCI6XCJcdThkODVcdTdlYTdcdTdiYTFcdTc0MDZcdTU0NThcIixcInNlc3Npb25faWRcIjpcIjllYTJjODhhLTBhMGEtNDAxYi04ODI1LTk2OGY5OWIyMzliOVwiLFwidXNlcl9pZFwiOjEsXCJ1c2VyX25hbWVcIjpcImFkbWluXCIsXCJpcGFkZHJcIjpcIjEyNy4wLjAuMVwiLFwibG9naW5fbG9jYXRpb25cIjpcIlx1NTE4NVx1N2Y1MUlQXCIsXCJvc1wiOlwiV2luZG93c1wiLFwiYnJvd3NlclwiOlwiRWRnZVwiLFwibG9naW5fdGltZVwiOlwiMjAyNi0wNC0wOSAxMToyNzoyN1wiLFwibG9naW5fdHlwZVwiOlwiUENcdTdhZWZcIn0iLCJpc19yZWZyZXNoIjpmYWxzZSwiZXhwIjoxNzc1NzM1ODQ3fQ.zyKCg_fPZdZxAVAsHqEl-12fiLdFNdiYHYvC7YiYKxA\",\"refresh_token\":\"eyJhbGciOiJIUzI1NiIsInR5cCI6IkpXVCJ9.eyJzdWIiOiJ7XCJuYW1lXCI6XCJcdThkODVcdTdlYTdcdTdiYTFcdTc0MDZcdTU0NThcIixcInNlc3Npb25faWRcIjpcIjllYTJjODhhLTBhMGEtNDAxYi04ODI1LTk2OGY5OWIyMzliOVwiLFwidXNlcl9pZFwiOjEsXCJ1c2VyX25hbWVcIjpcImFkbWluXCIsXCJpcGFkZHJcIjpcIjEyNy4wLjAuMVwiLFwibG9naW5fbG9jYXRpb25cIjpcIlx1NTE4NVx1N2Y1MUlQXCIsXCJvc1wiOlwiV2luZG93c1wiLFwiYnJvd3NlclwiOlwiRWRnZVwiLFwibG9naW5fdGltZVwiOlwiMjAyNi0wNC0wOSAxMToyNzoyN1wiLFwibG9naW5fdHlwZVwiOlwiUENcdTdhZWZcIn0iLCJpc19yZWZyZXNoIjp0cnVlLCJleHAiOjE3NzU3MzU4NDd9.NKFe3K9SU8D2EfIIJfTlCgXDqDC_60vkgUD0g9PjPLk\",\"token_type\":\"bearer\",\"expires_in\":1800},\"status_code\":200,\"success\":true}','0.29s',121,'bb2daa34-fa92-4704-b3da-f95cceccb387','0','登录','2026-04-09 11:27:27','2026-04-09 11:27:27',NULL,NULL),(2,'/api/v1/system/auth/logout','POST','{\"body\": {\"token\": \"eyJhbGciOiJIUzI1NiIsInR5cCI6IkpXVCJ9.eyJzdWIiOiJ7XCJuYW1lXCI6XCJcdThkODVcdTdlYTdcdTdiYTFcdTc0MDZcdTU0NThcIixcInNlc3Npb25faWRcIjpcIjllYTJjODhhLTBhMGEtNDAxYi04ODI1LTk2OGY5OWIyMzliOVwiLFwidXNlcl9pZFwiOjEsXCJ1c2VyX25hbWVcIjpcImFkbWluXCIsXCJpcGFkZHJcIjpcIjEyNy4wLjAuMVwiLFwibG9naW5fbG9jYXRpb25cIjpcIlx1NTE4NVx1N2Y1MUlQXCIsXCJvc1wiOlwiV2luZG93c1wiLFwiYnJvd3NlclwiOlwiRWRnZVwiLFwibG9naW5fdGltZVwiOlwiMjAyNi0wNC0wOSAxMToyNzoyN1wiLFwibG9naW5fdHlwZVwiOlwiUENcdTdhZWZcIn0iLCJpc19yZWZyZXNoIjpmYWxzZSwiZXhwIjoxNzc1NzM1ODQ3fQ.zyKCg_fPZdZxAVAsHqEl-12fiLdFNdiYHYvC7YiYKxA\"}}','127.0.0.1','内网IP','Windows','Edge',200,'{\"code\":0,\"msg\":\"退出成功\",\"data\":null,\"status_code\":200,\"success\":true}','0.02s',122,'d68d0250-e628-41a8-9f51-a091d19d0577','0','退出登录','2026-04-09 11:29:52','2026-04-09 11:29:52',1,1),(1,'/api/v1/system/auth/login','POST','username: admin\npassword: 123456\ncaptcha: 7\ncaptcha_key: 8da5609c4663497dbe8856e9ae746d1b\nremember: true\nlogin_type: PC端','127.0.0.1','内网IP','Windows','Edge',200,'{\"code\":0,\"msg\":\"登录成功\",\"data\":{\"access_token\":\"eyJhbGciOiJIUzI1NiIsInR5cCI6IkpXVCJ9.eyJzdWIiOiJ7XCJuYW1lXCI6XCJcdThkODVcdTdlYTdcdTdiYTFcdTc0MDZcdTU0NThcIixcInNlc3Npb25faWRcIjpcIjRmMjk0MWY0LTI0YmYtNDA5MS05MTM4LTBiY2E3ZjdjNGNjY1wiLFwidXNlcl9pZFwiOjEsXCJ1c2VyX25hbWVcIjpcImFkbWluXCIsXCJpcGFkZHJcIjpcIjEyNy4wLjAuMVwiLFwibG9naW5fbG9jYXRpb25cIjpcIlx1NTE4NVx1N2Y1MUlQXCIsXCJvc1wiOlwiV2luZG93c1wiLFwiYnJvd3NlclwiOlwiRWRnZVwiLFwibG9naW5fdGltZVwiOlwiMjAyNi0wNC0wOSAxMToyOTo1NVwiLFwibG9naW5fdHlwZVwiOlwiUENcdTdhZWZcIn0iLCJpc19yZWZyZXNoIjpmYWxzZSwiZXhwIjoxNzc1NzM1OTk0fQ.i9eZUI9eAqVXTXnG-jYAso-TiKDPc09ZoQ3IvHQMVVc\",\"refresh_token\":\"eyJhbGciOiJIUzI1NiIsInR5cCI6IkpXVCJ9.eyJzdWIiOiJ7XCJuYW1lXCI6XCJcdThkODVcdTdlYTdcdTdiYTFcdTc0MDZcdTU0NThcIixcInNlc3Npb25faWRcIjpcIjRmMjk0MWY0LTI0YmYtNDA5MS05MTM4LTBiY2E3ZjdjNGNjY1wiLFwidXNlcl9pZFwiOjEsXCJ1c2VyX25hbWVcIjpcImFkbWluXCIsXCJpcGFkZHJcIjpcIjEyNy4wLjAuMVwiLFwibG9naW5fbG9jYXRpb25cIjpcIlx1NTE4NVx1N2Y1MUlQXCIsXCJvc1wiOlwiV2luZG93c1wiLFwiYnJvd3NlclwiOlwiRWRnZVwiLFwibG9naW5fdGltZVwiOlwiMjAyNi0wNC0wOSAxMToyOTo1NVwiLFwibG9naW5fdHlwZVwiOlwiUENcdTdhZWZcIn0iLCJpc19yZWZyZXNoIjp0cnVlLCJleHAiOjE3NzU3MzU5OTR9.uag9MQTBtnlpVtWJhNBR7ztDNcFUiQ-lF6OWhsLb_2M\",\"token_type\":\"bearer\",\"expires_in\":1800},\"status_code\":200,\"success\":true}','0.27s',123,'6f5a1da1-853a-4edb-a06b-0b33a32eeac9','0','登录','2026-04-09 11:29:55','2026-04-09 11:29:55',NULL,NULL),(1,'/api/v1/system/auth/login','POST','username: admin\npassword: 123456\ncaptcha: 2\ncaptcha_key: fb58cb4d7356427cbf2b27df2bb32bfe\nremember: true\nlogin_type: PC端','127.0.0.1','内网IP','Windows','Edge',200,'{\"code\":0,\"msg\":\"登录成功\",\"data\":{\"access_token\":\"eyJhbGciOiJIUzI1NiIsInR5cCI6IkpXVCJ9.eyJzdWIiOiJ7XCJuYW1lXCI6XCJcdThkODVcdTdlYTdcdTdiYTFcdTc0MDZcdTU0NThcIixcInNlc3Npb25faWRcIjpcImM5MDQxNGM1LWQwZDktNGE5YS04MDM1LTFlZjg5MjQzYWYzY1wiLFwidXNlcl9pZFwiOjEsXCJ1c2VyX25hbWVcIjpcImFkbWluXCIsXCJpcGFkZHJcIjpcIjEyNy4wLjAuMVwiLFwibG9naW5fbG9jYXRpb25cIjpcIlx1NTE4NVx1N2Y1MUlQXCIsXCJvc1wiOlwiV2luZG93c1wiLFwiYnJvd3NlclwiOlwiRWRnZVwiLFwibG9naW5fdGltZVwiOlwiMjAyNi0wNC0wOSAxMTozMDowNVwiLFwibG9naW5fdHlwZVwiOlwiUENcdTdhZWZcIn0iLCJpc19yZWZyZXNoIjpmYWxzZSwiZXhwIjoxNzc1NzM2MDA1fQ.W0i7TIrJQjZPiLGfCPmjIdw9U131b8xOU78TCUvljNY\",\"refresh_token\":\"eyJhbGciOiJIUzI1NiIsInR5cCI6IkpXVCJ9.eyJzdWIiOiJ7XCJuYW1lXCI6XCJcdThkODVcdTdlYTdcdTdiYTFcdTc0MDZcdTU0NThcIixcInNlc3Npb25faWRcIjpcImM5MDQxNGM1LWQwZDktNGE5YS04MDM1LTFlZjg5MjQzYWYzY1wiLFwidXNlcl9pZFwiOjEsXCJ1c2VyX25hbWVcIjpcImFkbWluXCIsXCJpcGFkZHJcIjpcIjEyNy4wLjAuMVwiLFwibG9naW5fbG9jYXRpb25cIjpcIlx1NTE4NVx1N2Y1MUlQXCIsXCJvc1wiOlwiV2luZG93c1wiLFwiYnJvd3NlclwiOlwiRWRnZVwiLFwibG9naW5fdGltZVwiOlwiMjAyNi0wNC0wOSAxMTozMDowNVwiLFwibG9naW5fdHlwZVwiOlwiUENcdTdhZWZcIn0iLCJpc19yZWZyZXNoIjp0cnVlLCJleHAiOjE3NzU3MzYwMDV9.nJg5mGwINKI25l7G_OvBwoQv2CMfIcT-J3y5by0fUSc\",\"token_type\":\"bearer\",\"expires_in\":1800},\"status_code\":200,\"success\":true}','0.28s',124,'b0ac1a92-eb1f-4dd8-ab8d-d02d5e9fbdb6','0','登录','2026-04-09 11:30:05','2026-04-09 11:30:05',NULL,NULL),(2,'/api/v1/system/auth/logout','POST','{\"body\": {\"token\": \"eyJhbGciOiJIUzI1NiIsInR5cCI6IkpXVCJ9.eyJzdWIiOiJ7XCJuYW1lXCI6XCJcdThkODVcdTdlYTdcdTdiYTFcdTc0MDZcdTU0NThcIixcInNlc3Npb25faWRcIjpcImM5MDQxNGM1LWQwZDktNGE5YS04MDM1LTFlZjg5MjQzYWYzY1wiLFwidXNlcl9pZFwiOjEsXCJ1c2VyX25hbWVcIjpcImFkbWluXCIsXCJpcGFkZHJcIjpcIjEyNy4wLjAuMVwiLFwibG9naW5fbG9jYXRpb25cIjpcIlx1NTE4NVx1N2Y1MUlQXCIsXCJvc1wiOlwiV2luZG93c1wiLFwiYnJvd3NlclwiOlwiRWRnZVwiLFwibG9naW5fdGltZVwiOlwiMjAyNi0wNC0wOSAxMTozMDowNVwiLFwibG9naW5fdHlwZVwiOlwiUENcdTdhZWZcIn0iLCJpc19yZWZyZXNoIjpmYWxzZSwiZXhwIjoxNzc1NzM2MDA1fQ.W0i7TIrJQjZPiLGfCPmjIdw9U131b8xOU78TCUvljNY\"}}','127.0.0.1','内网IP','Windows','Edge',200,'{\"code\":0,\"msg\":\"退出成功\",\"data\":null,\"status_code\":200,\"success\":true}','0.02s',125,'42318c86-1e9f-4195-9d3d-510f234e6d34','0','退出登录','2026-04-09 11:30:11','2026-04-09 11:30:11',1,1),(1,'/api/v1/system/auth/login','POST','username: admin\npassword: 123456\ncaptcha: 2\ncaptcha_key: ce882955971b4c71a895280311e10819\nremember: true\nlogin_type: PC端','127.0.0.1','内网IP','Windows','Edge',200,'{\"code\":0,\"msg\":\"登录成功\",\"data\":{\"access_token\":\"eyJhbGciOiJIUzI1NiIsInR5cCI6IkpXVCJ9.eyJzdWIiOiJ7XCJuYW1lXCI6XCJcdThkODVcdTdlYTdcdTdiYTFcdTc0MDZcdTU0NThcIixcInNlc3Npb25faWRcIjpcImU1MDgyNDFmLTMxNDItNGM0Zi04NzVlLTc5ZGIzM2YwNzI5M1wiLFwidXNlcl9pZFwiOjEsXCJ1c2VyX25hbWVcIjpcImFkbWluXCIsXCJpcGFkZHJcIjpcIjEyNy4wLjAuMVwiLFwibG9naW5fbG9jYXRpb25cIjpcIlx1NTE4NVx1N2Y1MUlQXCIsXCJvc1wiOlwiV2luZG93c1wiLFwiYnJvd3NlclwiOlwiRWRnZVwiLFwibG9naW5fdGltZVwiOlwiMjAyNi0wNC0wOSAxMTozMDoxN1wiLFwibG9naW5fdHlwZVwiOlwiUENcdTdhZWZcIn0iLCJpc19yZWZyZXNoIjpmYWxzZSwiZXhwIjoxNzc1NzM2MDE3fQ.Mr34LK1z_sKGQKnySZFr2d2KYqfezwqePLpcvItOys8\",\"refresh_token\":\"eyJhbGciOiJIUzI1NiIsInR5cCI6IkpXVCJ9.eyJzdWIiOiJ7XCJuYW1lXCI6XCJcdThkODVcdTdlYTdcdTdiYTFcdTc0MDZcdTU0NThcIixcInNlc3Npb25faWRcIjpcImU1MDgyNDFmLTMxNDItNGM0Zi04NzVlLTc5ZGIzM2YwNzI5M1wiLFwidXNlcl9pZFwiOjEsXCJ1c2VyX25hbWVcIjpcImFkbWluXCIsXCJpcGFkZHJcIjpcIjEyNy4wLjAuMVwiLFwibG9naW5fbG9jYXRpb25cIjpcIlx1NTE4NVx1N2Y1MUlQXCIsXCJvc1wiOlwiV2luZG93c1wiLFwiYnJvd3NlclwiOlwiRWRnZVwiLFwibG9naW5fdGltZVwiOlwiMjAyNi0wNC0wOSAxMTozMDoxN1wiLFwibG9naW5fdHlwZVwiOlwiUENcdTdhZWZcIn0iLCJpc19yZWZyZXNoIjp0cnVlLCJleHAiOjE3NzU3MzYwMTd9.FEMjWV71ixZ1Der94HSp6nvkkPz-uQMS8qbR-9qorkE\",\"token_type\":\"bearer\",\"expires_in\":1800},\"status_code\":200,\"success\":true}','0.27s',126,'4c0cec02-bf05-4c8a-b1c0-38f81b6ac6dd','0','登录','2026-04-09 11:30:17','2026-04-09 11:30:17',NULL,NULL),(1,'/api/v1/system/auth/login','POST','username: admin\npassword: 123456\ncaptcha: 5\ncaptcha_key: d472442ed2bf4797acde4eee896ef5e8\nremember: true\nlogin_type: PC端','127.0.0.1','内网IP','Windows','Edge',200,'{\"code\":0,\"msg\":\"登录成功\",\"data\":{\"access_token\":\"eyJhbGciOiJIUzI1NiIsInR5cCI6IkpXVCJ9.eyJzdWIiOiJ7XCJuYW1lXCI6XCJcdThkODVcdTdlYTdcdTdiYTFcdTc0MDZcdTU0NThcIixcInNlc3Npb25faWRcIjpcImQ2ODE4NGRjLTM4YTYtNDFmNy04ZTRlLWNmYmFkMDZkMWIyMFwiLFwidXNlcl9pZFwiOjEsXCJ1c2VyX25hbWVcIjpcImFkbWluXCIsXCJpcGFkZHJcIjpcIjEyNy4wLjAuMVwiLFwibG9naW5fbG9jYXRpb25cIjpcIlx1NTE4NVx1N2Y1MUlQXCIsXCJvc1wiOlwiV2luZG93c1wiLFwiYnJvd3NlclwiOlwiRWRnZVwiLFwibG9naW5fdGltZVwiOlwiMjAyNi0wNC0wOSAxMTozMDozMlwiLFwibG9naW5fdHlwZVwiOlwiUENcdTdhZWZcIn0iLCJpc19yZWZyZXNoIjpmYWxzZSwiZXhwIjoxNzc1NzM2MDMyfQ.-9biwuEY4LaJqcKWsU9JFgWzXGcwLSF83yoJIsuSjyI\",\"refresh_token\":\"eyJhbGciOiJIUzI1NiIsInR5cCI6IkpXVCJ9.eyJzdWIiOiJ7XCJuYW1lXCI6XCJcdThkODVcdTdlYTdcdTdiYTFcdTc0MDZcdTU0NThcIixcInNlc3Npb25faWRcIjpcImQ2ODE4NGRjLTM4YTYtNDFmNy04ZTRlLWNmYmFkMDZkMWIyMFwiLFwidXNlcl9pZFwiOjEsXCJ1c2VyX25hbWVcIjpcImFkbWluXCIsXCJpcGFkZHJcIjpcIjEyNy4wLjAuMVwiLFwibG9naW5fbG9jYXRpb25cIjpcIlx1NTE4NVx1N2Y1MUlQXCIsXCJvc1wiOlwiV2luZG93c1wiLFwiYnJvd3NlclwiOlwiRWRnZVwiLFwibG9naW5fdGltZVwiOlwiMjAyNi0wNC0wOSAxMTozMDozMlwiLFwibG9naW5fdHlwZVwiOlwiUENcdTdhZWZcIn0iLCJpc19yZWZyZXNoIjp0cnVlLCJleHAiOjE3NzU3MzYwMzJ9.CNYFEh0qDnRq7q3i0PSgz03AdVRMBqLDWw6iHfRWrvI\",\"token_type\":\"bearer\",\"expires_in\":1800},\"status_code\":200,\"success\":true}','0.28s',127,'2e1f5998-d38a-45ce-b4c0-03461e8a57e0','0','登录','2026-04-09 11:30:33','2026-04-09 11:30:33',NULL,NULL),(2,'/api/v1/system/auth/logout','POST','{\"body\": {\"token\": \"eyJhbGciOiJIUzI1NiIsInR5cCI6IkpXVCJ9.eyJzdWIiOiJ7XCJuYW1lXCI6XCJcdThkODVcdTdlYTdcdTdiYTFcdTc0MDZcdTU0NThcIixcInNlc3Npb25faWRcIjpcImQ2ODE4NGRjLTM4YTYtNDFmNy04ZTRlLWNmYmFkMDZkMWIyMFwiLFwidXNlcl9pZFwiOjEsXCJ1c2VyX25hbWVcIjpcImFkbWluXCIsXCJpcGFkZHJcIjpcIjEyNy4wLjAuMVwiLFwibG9naW5fbG9jYXRpb25cIjpcIlx1NTE4NVx1N2Y1MUlQXCIsXCJvc1wiOlwiV2luZG93c1wiLFwiYnJvd3NlclwiOlwiRWRnZVwiLFwibG9naW5fdGltZVwiOlwiMjAyNi0wNC0wOSAxMTozMDozMlwiLFwibG9naW5fdHlwZVwiOlwiUENcdTdhZWZcIn0iLCJpc19yZWZyZXNoIjpmYWxzZSwiZXhwIjoxNzc1NzM2MDMyfQ.-9biwuEY4LaJqcKWsU9JFgWzXGcwLSF83yoJIsuSjyI\"}}','127.0.0.1','内网IP','Windows','Edge',200,'{\"code\":0,\"msg\":\"退出成功\",\"data\":null,\"status_code\":200,\"success\":true}','0.02s',128,'9fcb2620-5e9c-4d58-b2b1-bcea4fddcac3','0','退出登录','2026-04-09 11:30:44','2026-04-09 11:30:44',1,1),(1,'/api/v1/system/auth/login','POST','username: admin\npassword: 123456\ncaptcha: 9\ncaptcha_key: 16f4bed4dbc84ba6a59ee62e964d29a3\nremember: true\nlogin_type: PC端','127.0.0.1','内网IP','Windows','Edge',200,'{\"code\":0,\"msg\":\"登录成功\",\"data\":{\"access_token\":\"eyJhbGciOiJIUzI1NiIsInR5cCI6IkpXVCJ9.eyJzdWIiOiJ7XCJuYW1lXCI6XCJcdThkODVcdTdlYTdcdTdiYTFcdTc0MDZcdTU0NThcIixcInNlc3Npb25faWRcIjpcIjA1MmUwMDQ1LWY3OGItNDRiZi04YjI1LThhMGI2ZGFlZDIzZlwiLFwidXNlcl9pZFwiOjEsXCJ1c2VyX25hbWVcIjpcImFkbWluXCIsXCJpcGFkZHJcIjpcIjEyNy4wLjAuMVwiLFwibG9naW5fbG9jYXRpb25cIjpcIlx1NTE4NVx1N2Y1MUlQXCIsXCJvc1wiOlwiV2luZG93c1wiLFwiYnJvd3NlclwiOlwiRWRnZVwiLFwibG9naW5fdGltZVwiOlwiMjAyNi0wNC0wOSAxMTozMDo0OFwiLFwibG9naW5fdHlwZVwiOlwiUENcdTdhZWZcIn0iLCJpc19yZWZyZXNoIjpmYWxzZSwiZXhwIjoxNzc1NzM2MDQ4fQ.E3m3ZeTIzvNJYAWp6huJB5G_jo0QSOU9S2634QGUTxE\",\"refresh_token\":\"eyJhbGciOiJIUzI1NiIsInR5cCI6IkpXVCJ9.eyJzdWIiOiJ7XCJuYW1lXCI6XCJcdThkODVcdTdlYTdcdTdiYTFcdTc0MDZcdTU0NThcIixcInNlc3Npb25faWRcIjpcIjA1MmUwMDQ1LWY3OGItNDRiZi04YjI1LThhMGI2ZGFlZDIzZlwiLFwidXNlcl9pZFwiOjEsXCJ1c2VyX25hbWVcIjpcImFkbWluXCIsXCJpcGFkZHJcIjpcIjEyNy4wLjAuMVwiLFwibG9naW5fbG9jYXRpb25cIjpcIlx1NTE4NVx1N2Y1MUlQXCIsXCJvc1wiOlwiV2luZG93c1wiLFwiYnJvd3NlclwiOlwiRWRnZVwiLFwibG9naW5fdGltZVwiOlwiMjAyNi0wNC0wOSAxMTozMDo0OFwiLFwibG9naW5fdHlwZVwiOlwiUENcdTdhZWZcIn0iLCJpc19yZWZyZXNoIjp0cnVlLCJleHAiOjE3NzU3MzYwNDh9.MB1EooyUmU6N3Dv_X2xqFx_g0MGmeLmRAMB-XbzkiQ4\",\"token_type\":\"bearer\",\"expires_in\":1800},\"status_code\":200,\"success\":true}','0.28s',129,'fcfd5021-fe7c-4e1d-8da9-217ed992a927','0','登录','2026-04-09 11:30:48','2026-04-09 11:30:48',NULL,NULL),(1,'/api/v1/system/auth/login','POST','username: admin\npassword: 123456\ncaptcha: 9\ncaptcha_key: a00e72fc386a4c95bf5acf45902d8eef\nremember: true\nlogin_type: PC端','127.0.0.1','内网IP','Windows','Edge',200,'{\"code\":0,\"msg\":\"登录成功\",\"data\":{\"access_token\":\"eyJhbGciOiJIUzI1NiIsInR5cCI6IkpXVCJ9.eyJzdWIiOiJ7XCJuYW1lXCI6XCJcdThkODVcdTdlYTdcdTdiYTFcdTc0MDZcdTU0NThcIixcInNlc3Npb25faWRcIjpcIjAxNzIxNTA3LTVhYmUtNDQ0NS1iYmUyLWM0MDQ4M2YyYzk5ZlwiLFwidXNlcl9pZFwiOjEsXCJ1c2VyX25hbWVcIjpcImFkbWluXCIsXCJpcGFkZHJcIjpcIjEyNy4wLjAuMVwiLFwibG9naW5fbG9jYXRpb25cIjpcIlx1NTE4NVx1N2Y1MUlQXCIsXCJvc1wiOlwiV2luZG93c1wiLFwiYnJvd3NlclwiOlwiRWRnZVwiLFwibG9naW5fdGltZVwiOlwiMjAyNi0wNC0wOSAxMTozMjozNFwiLFwibG9naW5fdHlwZVwiOlwiUENcdTdhZWZcIn0iLCJpc19yZWZyZXNoIjpmYWxzZSwiZXhwIjoxNzc1NzM2MTU0fQ.BWTMlCvt9SuQzq91Y61SnQkCKvVU54SUrSOLwpGBUHQ\",\"refresh_token\":\"eyJhbGciOiJIUzI1NiIsInR5cCI6IkpXVCJ9.eyJzdWIiOiJ7XCJuYW1lXCI6XCJcdThkODVcdTdlYTdcdTdiYTFcdTc0MDZcdTU0NThcIixcInNlc3Npb25faWRcIjpcIjAxNzIxNTA3LTVhYmUtNDQ0NS1iYmUyLWM0MDQ4M2YyYzk5ZlwiLFwidXNlcl9pZFwiOjEsXCJ1c2VyX25hbWVcIjpcImFkbWluXCIsXCJpcGFkZHJcIjpcIjEyNy4wLjAuMVwiLFwibG9naW5fbG9jYXRpb25cIjpcIlx1NTE4NVx1N2Y1MUlQXCIsXCJvc1wiOlwiV2luZG93c1wiLFwiYnJvd3NlclwiOlwiRWRnZVwiLFwibG9naW5fdGltZVwiOlwiMjAyNi0wNC0wOSAxMTozMjozNFwiLFwibG9naW5fdHlwZVwiOlwiUENcdTdhZWZcIn0iLCJpc19yZWZyZXNoIjp0cnVlLCJleHAiOjE3NzU3MzYxNTR9.2ieV3u0kOISgYlDi9_J_J8msK0jYbPVBGod6WdAd7qs\",\"token_type\":\"bearer\",\"expires_in\":1800},\"status_code\":200,\"success\":true}','0.29s',130,'3e844be6-fff5-475a-8ca9-b88199d08345','0','登录','2026-04-09 11:32:34','2026-04-09 11:32:34',NULL,NULL),(1,'/api/v1/system/auth/login','POST','username: admin\npassword: 123456\ncaptcha: 45\ncaptcha_key: 95ad1c71965b4565b45a727cd7c526bd\nremember: true\nlogin_type: PC端','127.0.0.1','内网IP','Windows','Edge',200,'{\"code\":0,\"msg\":\"登录成功\",\"data\":{\"access_token\":\"eyJhbGciOiJIUzI1NiIsInR5cCI6IkpXVCJ9.eyJzdWIiOiJ7XCJuYW1lXCI6XCJcdThkODVcdTdlYTdcdTdiYTFcdTc0MDZcdTU0NThcIixcInNlc3Npb25faWRcIjpcImYyYTBmZjk3LTE4N2ItNDVlMy04MTI1LTIwMzhlYjk0Zjk5ZlwiLFwidXNlcl9pZFwiOjEsXCJ1c2VyX25hbWVcIjpcImFkbWluXCIsXCJpcGFkZHJcIjpcIjEyNy4wLjAuMVwiLFwibG9naW5fbG9jYXRpb25cIjpcIlx1NTE4NVx1N2Y1MUlQXCIsXCJvc1wiOlwiV2luZG93c1wiLFwiYnJvd3NlclwiOlwiRWRnZVwiLFwibG9naW5fdGltZVwiOlwiMjAyNi0wNC0wOSAxMTozMjo0OVwiLFwibG9naW5fdHlwZVwiOlwiUENcdTdhZWZcIn0iLCJpc19yZWZyZXNoIjpmYWxzZSwiZXhwIjoxNzc1NzM2MTY5fQ.jUk9gDL_5c2Ie9JZILMQtYR1QMXL0H_fhQGGH1C289I\",\"refresh_token\":\"eyJhbGciOiJIUzI1NiIsInR5cCI6IkpXVCJ9.eyJzdWIiOiJ7XCJuYW1lXCI6XCJcdThkODVcdTdlYTdcdTdiYTFcdTc0MDZcdTU0NThcIixcInNlc3Npb25faWRcIjpcImYyYTBmZjk3LTE4N2ItNDVlMy04MTI1LTIwMzhlYjk0Zjk5ZlwiLFwidXNlcl9pZFwiOjEsXCJ1c2VyX25hbWVcIjpcImFkbWluXCIsXCJpcGFkZHJcIjpcIjEyNy4wLjAuMVwiLFwibG9naW5fbG9jYXRpb25cIjpcIlx1NTE4NVx1N2Y1MUlQXCIsXCJvc1wiOlwiV2luZG93c1wiLFwiYnJvd3NlclwiOlwiRWRnZVwiLFwibG9naW5fdGltZVwiOlwiMjAyNi0wNC0wOSAxMTozMjo0OVwiLFwibG9naW5fdHlwZVwiOlwiUENcdTdhZWZcIn0iLCJpc19yZWZyZXNoIjp0cnVlLCJleHAiOjE3NzU3MzYxNjl9.0jtpeJaLbpJj60yv8lyPVzxN8aZ4Rdp1P-C6nJHXLz0\",\"token_type\":\"bearer\",\"expires_in\":1800},\"status_code\":200,\"success\":true}','0.27s',131,'141b9356-a353-4d93-b5a3-ca046067508e','0','登录','2026-04-09 11:32:49','2026-04-09 11:32:49',NULL,NULL),(1,'/api/v1/system/auth/login','POST','username: admin\npassword: 123456\ncaptcha: 14\ncaptcha_key: 123fe98a20724a21ab770b745facef5f\nremember: true\nlogin_type: PC端','127.0.0.1','内网IP','Windows','Edge',200,'{\"code\":0,\"msg\":\"登录成功\",\"data\":{\"access_token\":\"eyJhbGciOiJIUzI1NiIsInR5cCI6IkpXVCJ9.eyJzdWIiOiJ7XCJuYW1lXCI6XCJcdThkODVcdTdlYTdcdTdiYTFcdTc0MDZcdTU0NThcIixcInNlc3Npb25faWRcIjpcImNhNmEyNDg5LTBmMTktNDIyMS1iOGMzLWZjNTE2MzFmZTJiMlwiLFwidXNlcl9pZFwiOjEsXCJ1c2VyX25hbWVcIjpcImFkbWluXCIsXCJpcGFkZHJcIjpcIjEyNy4wLjAuMVwiLFwibG9naW5fbG9jYXRpb25cIjpcIlx1NTE4NVx1N2Y1MUlQXCIsXCJvc1wiOlwiV2luZG93c1wiLFwiYnJvd3NlclwiOlwiRWRnZVwiLFwibG9naW5fdGltZVwiOlwiMjAyNi0wNC0wOSAxMTozMjo1OVwiLFwibG9naW5fdHlwZVwiOlwiUENcdTdhZWZcIn0iLCJpc19yZWZyZXNoIjpmYWxzZSwiZXhwIjoxNzc1NzM2MTc4fQ.8eJJUmjioGojt54ByKB54h7EY59f4exp0KiLxv84FWU\",\"refresh_token\":\"eyJhbGciOiJIUzI1NiIsInR5cCI6IkpXVCJ9.eyJzdWIiOiJ7XCJuYW1lXCI6XCJcdThkODVcdTdlYTdcdTdiYTFcdTc0MDZcdTU0NThcIixcInNlc3Npb25faWRcIjpcImNhNmEyNDg5LTBmMTktNDIyMS1iOGMzLWZjNTE2MzFmZTJiMlwiLFwidXNlcl9pZFwiOjEsXCJ1c2VyX25hbWVcIjpcImFkbWluXCIsXCJpcGFkZHJcIjpcIjEyNy4wLjAuMVwiLFwibG9naW5fbG9jYXRpb25cIjpcIlx1NTE4NVx1N2Y1MUlQXCIsXCJvc1wiOlwiV2luZG93c1wiLFwiYnJvd3NlclwiOlwiRWRnZVwiLFwibG9naW5fdGltZVwiOlwiMjAyNi0wNC0wOSAxMTozMjo1OVwiLFwibG9naW5fdHlwZVwiOlwiUENcdTdhZWZcIn0iLCJpc19yZWZyZXNoIjp0cnVlLCJleHAiOjE3NzU3MzYxNzh9.W3Z8qCjYD9z54Ea668D1qcLCtcxySs0sXEFvMJYzEbc\",\"token_type\":\"bearer\",\"expires_in\":1800},\"status_code\":200,\"success\":true}','0.27s',132,'b5685a12-2b17-4cee-b9c5-110aa0971103','0','登录','2026-04-09 11:32:59','2026-04-09 11:32:59',NULL,NULL),(1,'/api/v1/system/auth/login','POST','username: admin\npassword: 123456\ncaptcha: 6\ncaptcha_key: d7cdf78f5c3647cc965b7815d1c0e266\nremember: true\nlogin_type: PC端','127.0.0.1','内网IP','Windows','Edge',200,'{\"code\":0,\"msg\":\"登录成功\",\"data\":{\"access_token\":\"eyJhbGciOiJIUzI1NiIsInR5cCI6IkpXVCJ9.eyJzdWIiOiJ7XCJuYW1lXCI6XCJcdThkODVcdTdlYTdcdTdiYTFcdTc0MDZcdTU0NThcIixcInNlc3Npb25faWRcIjpcIjM0ZDMwMjQyLTRhMzQtNGFhYS1hNzhhLTk0YjA4YzRlMjQ0Y1wiLFwidXNlcl9pZFwiOjEsXCJ1c2VyX25hbWVcIjpcImFkbWluXCIsXCJpcGFkZHJcIjpcIjEyNy4wLjAuMVwiLFwibG9naW5fbG9jYXRpb25cIjpcIlx1NTE4NVx1N2Y1MUlQXCIsXCJvc1wiOlwiV2luZG93c1wiLFwiYnJvd3NlclwiOlwiRWRnZVwiLFwibG9naW5fdGltZVwiOlwiMjAyNi0wNC0wOSAxMTozOToxM1wiLFwibG9naW5fdHlwZVwiOlwiUENcdTdhZWZcIn0iLCJpc19yZWZyZXNoIjpmYWxzZSwiZXhwIjoxNzc1NzM2NTUzfQ.DFkUHucBpE2xPePvdg9Pc-ud8lNpVaNutpsniueJllY\",\"refresh_token\":\"eyJhbGciOiJIUzI1NiIsInR5cCI6IkpXVCJ9.eyJzdWIiOiJ7XCJuYW1lXCI6XCJcdThkODVcdTdlYTdcdTdiYTFcdTc0MDZcdTU0NThcIixcInNlc3Npb25faWRcIjpcIjM0ZDMwMjQyLTRhMzQtNGFhYS1hNzhhLTk0YjA4YzRlMjQ0Y1wiLFwidXNlcl9pZFwiOjEsXCJ1c2VyX25hbWVcIjpcImFkbWluXCIsXCJpcGFkZHJcIjpcIjEyNy4wLjAuMVwiLFwibG9naW5fbG9jYXRpb25cIjpcIlx1NTE4NVx1N2Y1MUlQXCIsXCJvc1wiOlwiV2luZG93c1wiLFwiYnJvd3NlclwiOlwiRWRnZVwiLFwibG9naW5fdGltZVwiOlwiMjAyNi0wNC0wOSAxMTozOToxM1wiLFwibG9naW5fdHlwZVwiOlwiUENcdTdhZWZcIn0iLCJpc19yZWZyZXNoIjp0cnVlLCJleHAiOjE3NzU3MzY1NTN9.qPziSk9fQUvY-VY21NbLbEPjBKPurOuWkyrWygw7lpg\",\"token_type\":\"bearer\",\"expires_in\":1800},\"status_code\":200,\"success\":true}','0.30s',133,'045b74b8-1b61-4f23-85cf-f14816b31434','0','登录','2026-04-09 11:39:13','2026-04-09 11:39:13',NULL,NULL),(1,'/api/v1/system/auth/login','POST','username: admin\npassword: 123456\ncaptcha: 12\ncaptcha_key: e69106bb66724a328414961d545af1f3\nremember: true\nlogin_type: PC端','127.0.0.1','内网IP','Windows','Edge',200,'{\"code\":0,\"msg\":\"登录成功\",\"data\":{\"access_token\":\"eyJhbGciOiJIUzI1NiIsInR5cCI6IkpXVCJ9.eyJzdWIiOiJ7XCJuYW1lXCI6XCJcdThkODVcdTdlYTdcdTdiYTFcdTc0MDZcdTU0NThcIixcInNlc3Npb25faWRcIjpcIjQ3Njg5ZWJmLWY2Y2ItNDEwMC1iMTg4LTVhZjk1ZmZlZGQyOFwiLFwidXNlcl9pZFwiOjEsXCJ1c2VyX25hbWVcIjpcImFkbWluXCIsXCJpcGFkZHJcIjpcIjEyNy4wLjAuMVwiLFwibG9naW5fbG9jYXRpb25cIjpcIlx1NTE4NVx1N2Y1MUlQXCIsXCJvc1wiOlwiV2luZG93c1wiLFwiYnJvd3NlclwiOlwiRWRnZVwiLFwibG9naW5fdGltZVwiOlwiMjAyNi0wNC0wOSAxMTo0NTo0OFwiLFwibG9naW5fdHlwZVwiOlwiUENcdTdhZWZcIn0iLCJpc19yZWZyZXNoIjpmYWxzZSwiZXhwIjoxNzc1NzM2OTQ3fQ.pqB0X5HkDOsJwi_XWuv2RsyNUMuVQ2W3mdAs9J0dIsM\",\"refresh_token\":\"eyJhbGciOiJIUzI1NiIsInR5cCI6IkpXVCJ9.eyJzdWIiOiJ7XCJuYW1lXCI6XCJcdThkODVcdTdlYTdcdTdiYTFcdTc0MDZcdTU0NThcIixcInNlc3Npb25faWRcIjpcIjQ3Njg5ZWJmLWY2Y2ItNDEwMC1iMTg4LTVhZjk1ZmZlZGQyOFwiLFwidXNlcl9pZFwiOjEsXCJ1c2VyX25hbWVcIjpcImFkbWluXCIsXCJpcGFkZHJcIjpcIjEyNy4wLjAuMVwiLFwibG9naW5fbG9jYXRpb25cIjpcIlx1NTE4NVx1N2Y1MUlQXCIsXCJvc1wiOlwiV2luZG93c1wiLFwiYnJvd3NlclwiOlwiRWRnZVwiLFwibG9naW5fdGltZVwiOlwiMjAyNi0wNC0wOSAxMTo0NTo0OFwiLFwibG9naW5fdHlwZVwiOlwiUENcdTdhZWZcIn0iLCJpc19yZWZyZXNoIjp0cnVlLCJleHAiOjE3NzU3MzY5NDd9.9_e6VIpzW_2rvsH0UuGrq3w6nbHQ1PUcFOJW_G8-Zl0\",\"token_type\":\"bearer\",\"expires_in\":1800},\"status_code\":200,\"success\":true}','0.28s',134,'eb0893a9-888a-4653-8b2d-a0bd8f4f513e','0','登录','2026-04-09 11:45:48','2026-04-09 11:45:48',NULL,NULL),(1,'/api/v1/system/auth/login','POST','username: admin\npassword: 123456\ncaptcha: 8\ncaptcha_key: 3c4ee605059b424199345d4504f71381\nremember: true\nlogin_type: PC端','127.0.0.1','内网IP','Windows','Edge',200,'{\"code\":0,\"msg\":\"登录成功\",\"data\":{\"access_token\":\"eyJhbGciOiJIUzI1NiIsInR5cCI6IkpXVCJ9.eyJzdWIiOiJ7XCJuYW1lXCI6XCJcdThkODVcdTdlYTdcdTdiYTFcdTc0MDZcdTU0NThcIixcInNlc3Npb25faWRcIjpcIjkzMWQ1ZmU5LTY0MTYtNGIzOC1iNmEzLTMzOGMyNGQ4NjlhMVwiLFwidXNlcl9pZFwiOjEsXCJ1c2VyX25hbWVcIjpcImFkbWluXCIsXCJpcGFkZHJcIjpcIjEyNy4wLjAuMVwiLFwibG9naW5fbG9jYXRpb25cIjpcIlx1NTE4NVx1N2Y1MUlQXCIsXCJvc1wiOlwiV2luZG93c1wiLFwiYnJvd3NlclwiOlwiRWRnZVwiLFwibG9naW5fdGltZVwiOlwiMjAyNi0wNC0wOSAxMTo0ODozOVwiLFwibG9naW5fdHlwZVwiOlwiUENcdTdhZWZcIn0iLCJpc19yZWZyZXNoIjpmYWxzZSwiZXhwIjoxNzc1NzM3MTE4fQ.F65GSKmN_NCxNBjLjR2mhKfcwM57-tXYuyyM0t2ohvM\",\"refresh_token\":\"eyJhbGciOiJIUzI1NiIsInR5cCI6IkpXVCJ9.eyJzdWIiOiJ7XCJuYW1lXCI6XCJcdThkODVcdTdlYTdcdTdiYTFcdTc0MDZcdTU0NThcIixcInNlc3Npb25faWRcIjpcIjkzMWQ1ZmU5LTY0MTYtNGIzOC1iNmEzLTMzOGMyNGQ4NjlhMVwiLFwidXNlcl9pZFwiOjEsXCJ1c2VyX25hbWVcIjpcImFkbWluXCIsXCJpcGFkZHJcIjpcIjEyNy4wLjAuMVwiLFwibG9naW5fbG9jYXRpb25cIjpcIlx1NTE4NVx1N2Y1MUlQXCIsXCJvc1wiOlwiV2luZG93c1wiLFwiYnJvd3NlclwiOlwiRWRnZVwiLFwibG9naW5fdGltZVwiOlwiMjAyNi0wNC0wOSAxMTo0ODozOVwiLFwibG9naW5fdHlwZVwiOlwiUENcdTdhZWZcIn0iLCJpc19yZWZyZXNoIjp0cnVlLCJleHAiOjE3NzU3MzcxMTh9.edIONv1V-4N95B7pSQs04S9o6kJjZiVnvgQ-p9a0lQk\",\"token_type\":\"bearer\",\"expires_in\":1800},\"status_code\":200,\"success\":true}','0.28s',135,'ec1da4bc-e595-4f22-be36-cb8814d14095','0','登录','2026-04-09 11:48:39','2026-04-09 11:48:39',NULL,NULL),(2,'/api/v1/system/auth/logout','POST','{\"body\": {\"token\": \"eyJhbGciOiJIUzI1NiIsInR5cCI6IkpXVCJ9.eyJzdWIiOiJ7XCJuYW1lXCI6XCJcdThkODVcdTdlYTdcdTdiYTFcdTc0MDZcdTU0NThcIixcInNlc3Npb25faWRcIjpcIjkzMWQ1ZmU5LTY0MTYtNGIzOC1iNmEzLTMzOGMyNGQ4NjlhMVwiLFwidXNlcl9pZFwiOjEsXCJ1c2VyX25hbWVcIjpcImFkbWluXCIsXCJpcGFkZHJcIjpcIjEyNy4wLjAuMVwiLFwibG9naW5fbG9jYXRpb25cIjpcIlx1NTE4NVx1N2Y1MUlQXCIsXCJvc1wiOlwiV2luZG93c1wiLFwiYnJvd3NlclwiOlwiRWRnZVwiLFwibG9naW5fdGltZVwiOlwiMjAyNi0wNC0wOSAxMTo0ODozOVwiLFwibG9naW5fdHlwZVwiOlwiUENcdTdhZWZcIn0iLCJpc19yZWZyZXNoIjpmYWxzZSwiZXhwIjoxNzc1NzM3MTE4fQ.F65GSKmN_NCxNBjLjR2mhKfcwM57-tXYuyyM0t2ohvM\"}}','127.0.0.1','内网IP','Windows','Edge',200,'{\"code\":0,\"msg\":\"退出成功\",\"data\":null,\"status_code\":200,\"success\":true}','0.02s',136,'3299b8ab-884a-4b13-9ed3-9a729c01cc40','0','退出登录','2026-04-09 11:51:09','2026-04-09 11:51:09',1,1),(1,'/api/v1/system/auth/login','POST','username: admin\npassword: 123456\ncaptcha: 5\ncaptcha_key: bf0e04b786424b8f99203818efd947f3\nremember: true\nlogin_type: PC端','127.0.0.1','内网IP','Windows','Edge',200,'{\"code\":0,\"msg\":\"登录成功\",\"data\":{\"access_token\":\"eyJhbGciOiJIUzI1NiIsInR5cCI6IkpXVCJ9.eyJzdWIiOiJ7XCJuYW1lXCI6XCJcdThkODVcdTdlYTdcdTdiYTFcdTc0MDZcdTU0NThcIixcInNlc3Npb25faWRcIjpcImM3YWQxODkwLTNmYjktNDg4Ni1hODlmLTI0NmYyYjUxMTk0N1wiLFwidXNlcl9pZFwiOjEsXCJ1c2VyX25hbWVcIjpcImFkbWluXCIsXCJpcGFkZHJcIjpcIjEyNy4wLjAuMVwiLFwibG9naW5fbG9jYXRpb25cIjpcIlx1NTE4NVx1N2Y1MUlQXCIsXCJvc1wiOlwiV2luZG93c1wiLFwiYnJvd3NlclwiOlwiRWRnZVwiLFwibG9naW5fdGltZVwiOlwiMjAyNi0wNC0wOSAxMTo1MToxMlwiLFwibG9naW5fdHlwZVwiOlwiUENcdTdhZWZcIn0iLCJpc19yZWZyZXNoIjpmYWxzZSwiZXhwIjoxNzc1NzM3MjcyfQ.rqGTHYciEkBUy5TcLP33kbB6ae4p9JknRL4Rv_0cfkc\",\"refresh_token\":\"eyJhbGciOiJIUzI1NiIsInR5cCI6IkpXVCJ9.eyJzdWIiOiJ7XCJuYW1lXCI6XCJcdThkODVcdTdlYTdcdTdiYTFcdTc0MDZcdTU0NThcIixcInNlc3Npb25faWRcIjpcImM3YWQxODkwLTNmYjktNDg4Ni1hODlmLTI0NmYyYjUxMTk0N1wiLFwidXNlcl9pZFwiOjEsXCJ1c2VyX25hbWVcIjpcImFkbWluXCIsXCJpcGFkZHJcIjpcIjEyNy4wLjAuMVwiLFwibG9naW5fbG9jYXRpb25cIjpcIlx1NTE4NVx1N2Y1MUlQXCIsXCJvc1wiOlwiV2luZG93c1wiLFwiYnJvd3NlclwiOlwiRWRnZVwiLFwibG9naW5fdGltZVwiOlwiMjAyNi0wNC0wOSAxMTo1MToxMlwiLFwibG9naW5fdHlwZVwiOlwiUENcdTdhZWZcIn0iLCJpc19yZWZyZXNoIjp0cnVlLCJleHAiOjE3NzU3MzcyNzJ9.h7RFH_GBx1vQdJMubJjuZyS8PM_80m_7-FIH3hrf0ug\",\"token_type\":\"bearer\",\"expires_in\":1800},\"status_code\":200,\"success\":true}','0.27s',137,'d064662e-6c3a-429e-9aa0-b056bcfb8491','0','登录','2026-04-09 11:51:12','2026-04-09 11:51:12',NULL,NULL),(1,'/api/v1/system/auth/login','POST','username: admin\npassword: 123456\ncaptcha: 9\ncaptcha_key: f1a447230f604b1ea57bb156b5dc933e\nremember: true\nlogin_type: PC端','127.0.0.1','内网IP','Windows','Edge',200,'{\"code\":0,\"msg\":\"登录成功\",\"data\":{\"access_token\":\"eyJhbGciOiJIUzI1NiIsInR5cCI6IkpXVCJ9.eyJzdWIiOiJ7XCJuYW1lXCI6XCJcdThkODVcdTdlYTdcdTdiYTFcdTc0MDZcdTU0NThcIixcInNlc3Npb25faWRcIjpcIjRjNWNiYmYwLTUyMGItNDM4OS1iNWNhLTliM2NmNzE4NzlhNFwiLFwidXNlcl9pZFwiOjEsXCJ1c2VyX25hbWVcIjpcImFkbWluXCIsXCJpcGFkZHJcIjpcIjEyNy4wLjAuMVwiLFwibG9naW5fbG9jYXRpb25cIjpcIlx1NTE4NVx1N2Y1MUlQXCIsXCJvc1wiOlwiV2luZG93c1wiLFwiYnJvd3NlclwiOlwiRWRnZVwiLFwibG9naW5fdGltZVwiOlwiMjAyNi0wNC0wOSAxMzoyMjowNlwiLFwibG9naW5fdHlwZVwiOlwiUENcdTdhZWZcIn0iLCJpc19yZWZyZXNoIjpmYWxzZSwiZXhwIjoxNzc1NzQyNzI2fQ.y9PhiveCnjB7ADrdBZIDDjoKaf5MJcoGfzOBzwO0x4I\",\"refresh_token\":\"eyJhbGciOiJIUzI1NiIsInR5cCI6IkpXVCJ9.eyJzdWIiOiJ7XCJuYW1lXCI6XCJcdThkODVcdTdlYTdcdTdiYTFcdTc0MDZcdTU0NThcIixcInNlc3Npb25faWRcIjpcIjRjNWNiYmYwLTUyMGItNDM4OS1iNWNhLTliM2NmNzE4NzlhNFwiLFwidXNlcl9pZFwiOjEsXCJ1c2VyX25hbWVcIjpcImFkbWluXCIsXCJpcGFkZHJcIjpcIjEyNy4wLjAuMVwiLFwibG9naW5fbG9jYXRpb25cIjpcIlx1NTE4NVx1N2Y1MUlQXCIsXCJvc1wiOlwiV2luZG93c1wiLFwiYnJvd3NlclwiOlwiRWRnZVwiLFwibG9naW5fdGltZVwiOlwiMjAyNi0wNC0wOSAxMzoyMjowNlwiLFwibG9naW5fdHlwZVwiOlwiUENcdTdhZWZcIn0iLCJpc19yZWZyZXNoIjp0cnVlLCJleHAiOjE3NzU3NDI3MjZ9.-9aqBmuA7-CMy62GA6IT86K-SsxgC0ev_7c2REHtIUM\",\"token_type\":\"bearer\",\"expires_in\":1800},\"status_code\":200,\"success\":true}','0.30s',138,'4330f013-7742-4902-972d-e606333e8314','0','登录','2026-04-09 13:22:06','2026-04-09 13:22:06',NULL,NULL),(1,'/api/v1/system/auth/login','POST','username: admin\npassword: 123456\ncaptcha: 10\ncaptcha_key: 189681069e2e47118048d07332074421\nremember: true\nlogin_type: PC端','127.0.0.1','内网IP','Windows','Edge',200,'{\"code\":0,\"msg\":\"登录成功\",\"data\":{\"access_token\":\"eyJhbGciOiJIUzI1NiIsInR5cCI6IkpXVCJ9.eyJzdWIiOiJ7XCJuYW1lXCI6XCJcdThkODVcdTdlYTdcdTdiYTFcdTc0MDZcdTU0NThcIixcInNlc3Npb25faWRcIjpcIjM3ZjMyZTVmLTBmNWUtNGNlMC05ODJhLTVmZDJiYzFhNjVhN1wiLFwidXNlcl9pZFwiOjEsXCJ1c2VyX25hbWVcIjpcImFkbWluXCIsXCJpcGFkZHJcIjpcIjEyNy4wLjAuMVwiLFwibG9naW5fbG9jYXRpb25cIjpcIlx1NTE4NVx1N2Y1MUlQXCIsXCJvc1wiOlwiV2luZG93c1wiLFwiYnJvd3NlclwiOlwiRWRnZVwiLFwibG9naW5fdGltZVwiOlwiMjAyNi0wNC0xMCAwODozNzo1NlwiLFwibG9naW5fdHlwZVwiOlwiUENcdTdhZWZcIn0iLCJpc19yZWZyZXNoIjpmYWxzZSwiZXhwIjoxNzc1ODEyMDc2fQ.cr4c0JPWFSEawhTocfzk0Rw19f2Dbn2N9wcmLOwP8nM\",\"refresh_token\":\"eyJhbGciOiJIUzI1NiIsInR5cCI6IkpXVCJ9.eyJzdWIiOiJ7XCJuYW1lXCI6XCJcdThkODVcdTdlYTdcdTdiYTFcdTc0MDZcdTU0NThcIixcInNlc3Npb25faWRcIjpcIjM3ZjMyZTVmLTBmNWUtNGNlMC05ODJhLTVmZDJiYzFhNjVhN1wiLFwidXNlcl9pZFwiOjEsXCJ1c2VyX25hbWVcIjpcImFkbWluXCIsXCJpcGFkZHJcIjpcIjEyNy4wLjAuMVwiLFwibG9naW5fbG9jYXRpb25cIjpcIlx1NTE4NVx1N2Y1MUlQXCIsXCJvc1wiOlwiV2luZG93c1wiLFwiYnJvd3NlclwiOlwiRWRnZVwiLFwibG9naW5fdGltZVwiOlwiMjAyNi0wNC0xMCAwODozNzo1NlwiLFwibG9naW5fdHlwZVwiOlwiUENcdTdhZWZcIn0iLCJpc19yZWZyZXNoIjp0cnVlLCJleHAiOjE3NzU4MTIwNzZ9.YM6qW5JxWoHOhjR00Sesvp6Udkm8SU7hwpDqrwrH_Q0\",\"token_type\":\"bearer\",\"expires_in\":1800},\"status_code\":200,\"success\":true}','0.35s',139,'210143fe-af53-4e97-8b36-b28acd585226','0','登录','2026-04-10 08:37:56','2026-04-10 08:37:56',NULL,NULL),(2,'/api/v1/system/dept/create','POST','{\"body\": {\"name\": \"制造部\", \"code\": \"PRODUCE\", \"order\": 1, \"parent_id\": 1, \"status\": \"0\"}}','127.0.0.1','内网IP','Windows','Edge',200,'{\"code\":0,\"msg\":\"创建部门成功\",\"data\":{\"id\":2,\"uuid\":\"bbea1449-dfb0-4348-9bf2-f18d57eb2a00\",\"status\":\"0\",\"description\":null,\"created_time\":\"2026-04-10 10:19:40\",\"updated_time\":\"2026-04-10 10:19:40\",\"name\":\"制造部\",\"order\":1,\"code\":\"PRODUCE\",\"leader\":null,\"phone\":null,\"email\":null,\"parent_id\":1,\"parent_name\":null},\"status_code\":200,\"success\":true}','0.05s',140,'5751581e-fd35-4c81-bdb9-c168e23f2bb5','0','创建部门','2026-04-10 10:19:40','2026-04-10 10:19:40',1,1),(2,'/api/v1/system/position/create','POST','{\"body\": {\"name\": \"审计师\", \"order\": 1, \"status\": \"0\", \"description\": \"设计图纸及表格数据的审计、存储、管理\"}}','127.0.0.1','内网IP','Windows','Edge',200,'{\"code\":0,\"msg\":\"创建岗位成功\",\"data\":{\"created_id\":1,\"created_by\":{\"id\":1,\"name\":\"超级管理员\"},\"updated_id\":1,\"updated_by\":{\"id\":1,\"name\":\"超级管理员\"},\"id\":1,\"uuid\":\"0d6b4505-a2ad-4d86-bfc0-83d9a0dd8090\",\"status\":\"0\",\"description\":\"设计图纸及表格数据的审计、存储、管理\",\"created_time\":\"2026-04-10 10:32:20\",\"updated_time\":\"2026-04-10 10:32:20\",\"name\":\"审计师\",\"order\":1},\"status_code\":200,\"success\":true}','0.06s',141,'bcb2cbf0-7daf-4846-a61d-79a047d984ab','0','创建岗位','2026-04-10 10:32:20','2026-04-10 10:32:20',1,1),(2,'/api/v1/system/position/create','POST','{\"body\": {\"name\": \"工艺师\", \"order\": 1, \"status\": \"0\", \"description\": \"工艺路线选择及工艺工时核算\"}}','127.0.0.1','内网IP','Windows','Edge',200,'{\"code\":0,\"msg\":\"创建岗位成功\",\"data\":{\"created_id\":1,\"created_by\":{\"id\":1,\"name\":\"超级管理员\"},\"updated_id\":1,\"updated_by\":{\"id\":1,\"name\":\"超级管理员\"},\"id\":2,\"uuid\":\"cb0e6aa1-5048-429a-8bb1-f49da836f3ef\",\"status\":\"0\",\"description\":\"工艺路线选择及工艺工时核算\",\"created_time\":\"2026-04-10 10:33:36\",\"updated_time\":\"2026-04-10 10:33:36\",\"name\":\"工艺师\",\"order\":1},\"status_code\":200,\"success\":true}','0.03s',142,'5ab7c4d6-a88b-4e4a-966e-d1ad9fd50d89','0','创建岗位','2026-04-10 10:33:36','2026-04-10 10:33:36',1,1),(2,'/api/v1/system/position/update/1','PUT','{\"body\": {\"id\": 1, \"name\": \"审计师\", \"order\": 2, \"status\": \"0\", \"description\": \"设计图纸及表格数据的审计、存储、管理\", \"created_id\": 1, \"created_by\": {\"id\": 1, \"name\": \"超级管理员\"}, \"updated_id\": 1, \"updated_by\": {\"id\": 1, \"name\": \"超级管理员\"}, \"uuid\": \"0d6b4505-a2ad-4d86-bfc0-83d9a0dd8090\", \"created_time\": \"2026-04-10 10:32:20\", \"updated_time\": \"2026-04-10 10:32:20\"}, \"path_params\": {\"id\": \"1\"}}','127.0.0.1','内网IP','Windows','Edge',200,'{\"code\":0,\"msg\":\"修改岗位成功\",\"data\":{\"created_id\":1,\"created_by\":{\"id\":1,\"name\":\"超级管理员\"},\"updated_id\":1,\"updated_by\":{\"id\":1,\"name\":\"超级管理员\"},\"id\":1,\"uuid\":\"0d6b4505-a2ad-4d86-bfc0-83d9a0dd8090\",\"status\":\"0\",\"description\":\"设计图纸及表格数据的审计、存储、管理\",\"created_time\":\"2026-04-10 10:32:20\",\"updated_time\":\"2026-04-10 10:33:53\",\"name\":\"审计师\",\"order\":2},\"status_code\":200,\"success\":true}','0.12s',143,'1626c923-4cde-475b-8a2a-df9af55beaa1','0','修改岗位','2026-04-10 10:33:53','2026-04-10 10:33:53',1,1),(2,'/api/v1/system/position/create','POST','{\"body\": {\"name\": \"制造经理\", \"order\": 3, \"status\": \"0\", \"description\": \"创建工单、生成制造全流程管理\", \"created_id\": 1, \"created_by\": {\"id\": 1, \"name\": \"超级管理员\"}, \"updated_id\": 1, \"updated_by\": {\"id\": 1, \"name\": \"超级管理员\"}, \"uuid\": \"0d6b4505-a2ad-4d86-bfc0-83d9a0dd8090\", \"created_time\": \"2026-04-10 10:32:20\", \"updated_time\": \"2026-04-10 10:32:20\"}}','127.0.0.1','内网IP','Windows','Edge',200,'{\"code\":0,\"msg\":\"创建岗位成功\",\"data\":{\"created_id\":1,\"created_by\":{\"id\":1,\"name\":\"超级管理员\"},\"updated_id\":1,\"updated_by\":{\"id\":1,\"name\":\"超级管理员\"},\"id\":3,\"uuid\":\"caf82eef-7327-43e9-ae98-7f59e11625d1\",\"status\":\"0\",\"description\":\"创建工单、生成制造全流程管理\",\"created_time\":\"2026-04-10 10:35:16\",\"updated_time\":\"2026-04-10 10:35:16\",\"name\":\"制造经理\",\"order\":3},\"status_code\":200,\"success\":true}','0.03s',144,'d6b775d0-0c10-4c1c-9a25-eff66876a02a','0','创建岗位','2026-04-10 10:35:16','2026-04-10 10:35:16',1,1),(2,'/api/v1/system/position/update/3','PUT','{\"body\": {\"id\": 3, \"name\": \"排产专员\", \"order\": 3, \"status\": \"0\", \"description\": \"安排生产任务、创建工单\", \"created_id\": 1, \"created_by\": {\"id\": 1, \"name\": \"超级管理员\"}, \"updated_id\": 1, \"updated_by\": {\"id\": 1, \"name\": \"超级管理员\"}, \"uuid\": \"caf82eef-7327-43e9-ae98-7f59e11625d1\", \"created_time\": \"2026-04-10 10:35:16\", \"updated_time\": \"2026-04-10 10:35:16\"}, \"path_params\": {\"id\": \"3\"}}','127.0.0.1','内网IP','Windows','Edge',200,'{\"code\":0,\"msg\":\"修改岗位成功\",\"data\":{\"created_id\":1,\"created_by\":{\"id\":1,\"name\":\"超级管理员\"},\"updated_id\":1,\"updated_by\":{\"id\":1,\"name\":\"超级管理员\"},\"id\":3,\"uuid\":\"caf82eef-7327-43e9-ae98-7f59e11625d1\",\"status\":\"0\",\"description\":\"安排生产任务、创建工单\",\"created_time\":\"2026-04-10 10:35:16\",\"updated_time\":\"2026-04-10 10:52:27\",\"name\":\"排产专员\",\"order\":3},\"status_code\":200,\"success\":true}','0.09s',145,'f981bfde-87e0-408b-8205-107ba5599054','0','修改岗位','2026-04-10 10:52:27','2026-04-10 10:52:27',1,1),(2,'/api/v1/system/position/create','POST','{\"body\": {\"name\": \"下料班长\", \"order\": 4, \"status\": \"0\", \"created_id\": 1, \"created_by\": {\"id\": 1, \"name\": \"超级管理员\"}, \"updated_id\": 1, \"updated_by\": {\"id\": 1, \"name\": \"超级管理员\"}, \"uuid\": \"caf82eef-7327-43e9-ae98-7f59e11625d1\", \"created_time\": \"2026-04-10 10:35:16\", \"updated_time\": \"2026-04-10 10:35:16\"}}','127.0.0.1','内网IP','Windows','Edge',200,'{\"code\":0,\"msg\":\"创建岗位成功\",\"data\":{\"created_id\":1,\"created_by\":{\"id\":1,\"name\":\"超级管理员\"},\"updated_id\":1,\"updated_by\":{\"id\":1,\"name\":\"超级管理员\"},\"id\":4,\"uuid\":\"f5421f35-60cd-4529-b2a4-44f672b9f20f\",\"status\":\"0\",\"description\":null,\"created_time\":\"2026-04-10 10:53:30\",\"updated_time\":\"2026-04-10 10:53:30\",\"name\":\"下料班长\",\"order\":4},\"status_code\":200,\"success\":true}','0.03s',146,'e1caff39-4ca0-41ab-99c1-6980aa6612a0','0','创建岗位','2026-04-10 10:53:30','2026-04-10 10:53:30',1,1),(2,'/api/v1/system/position/create','POST','{\"body\": {\"name\": \"铆焊班长\", \"order\": 5, \"status\": \"0\", \"created_id\": 1, \"created_by\": {\"id\": 1, \"name\": \"超级管理员\"}, \"updated_id\": 1, \"updated_by\": {\"id\": 1, \"name\": \"超级管理员\"}, \"uuid\": \"caf82eef-7327-43e9-ae98-7f59e11625d1\", \"created_time\": \"2026-04-10 10:35:16\", \"updated_time\": \"2026-04-10 10:35:16\"}}','127.0.0.1','内网IP','Windows','Edge',200,'{\"code\":0,\"msg\":\"创建岗位成功\",\"data\":{\"created_id\":1,\"created_by\":{\"id\":1,\"name\":\"超级管理员\"},\"updated_id\":1,\"updated_by\":{\"id\":1,\"name\":\"超级管理员\"},\"id\":5,\"uuid\":\"bb192c63-81e4-42f7-bec1-f502b894e593\",\"status\":\"0\",\"description\":null,\"created_time\":\"2026-04-10 10:53:46\",\"updated_time\":\"2026-04-10 10:53:46\",\"name\":\"铆焊班长\",\"order\":5},\"status_code\":200,\"success\":true}','0.03s',147,'368abbe9-9478-46b6-89b9-be4621da093b','0','创建岗位','2026-04-10 10:53:46','2026-04-10 10:53:46',1,1),(2,'/api/v1/system/position/create','POST','{\"body\": {\"name\": \"机加班长\", \"order\": 6, \"status\": \"0\", \"created_id\": 1, \"created_by\": {\"id\": 1, \"name\": \"超级管理员\"}, \"updated_id\": 1, \"updated_by\": {\"id\": 1, \"name\": \"超级管理员\"}, \"uuid\": \"caf82eef-7327-43e9-ae98-7f59e11625d1\", \"created_time\": \"2026-04-10 10:35:16\", \"updated_time\": \"2026-04-10 10:35:16\"}}','127.0.0.1','内网IP','Windows','Edge',200,'{\"code\":0,\"msg\":\"创建岗位成功\",\"data\":{\"created_id\":1,\"created_by\":{\"id\":1,\"name\":\"超级管理员\"},\"updated_id\":1,\"updated_by\":{\"id\":1,\"name\":\"超级管理员\"},\"id\":6,\"uuid\":\"66860183-eb3c-42bc-87a5-d924001432ed\",\"status\":\"0\",\"description\":null,\"created_time\":\"2026-04-10 10:54:05\",\"updated_time\":\"2026-04-10 10:54:05\",\"name\":\"机加班长\",\"order\":6},\"status_code\":200,\"success\":true}','0.03s',148,'c24ed67e-4012-47b6-937d-ca527dfbf169','0','创建岗位','2026-04-10 10:54:05','2026-04-10 10:54:05',1,1),(2,'/api/v1/system/position/create','POST','{\"body\": {\"name\": \"喷漆班长\", \"order\": 7, \"status\": \"0\", \"created_id\": 1, \"created_by\": {\"id\": 1, \"name\": \"超级管理员\"}, \"updated_id\": 1, \"updated_by\": {\"id\": 1, \"name\": \"超级管理员\"}, \"uuid\": \"caf82eef-7327-43e9-ae98-7f59e11625d1\", \"created_time\": \"2026-04-10 10:35:16\", \"updated_time\": \"2026-04-10 10:35:16\"}}','127.0.0.1','内网IP','Windows','Edge',200,'{\"code\":0,\"msg\":\"创建岗位成功\",\"data\":{\"created_id\":1,\"created_by\":{\"id\":1,\"name\":\"超级管理员\"},\"updated_id\":1,\"updated_by\":{\"id\":1,\"name\":\"超级管理员\"},\"id\":7,\"uuid\":\"5d04ed13-52fd-4a98-b852-2ce2c8591e95\",\"status\":\"0\",\"description\":null,\"created_time\":\"2026-04-10 10:54:43\",\"updated_time\":\"2026-04-10 10:54:43\",\"name\":\"喷漆班长\",\"order\":7},\"status_code\":200,\"success\":true}','0.03s',149,'6891ebf2-097e-4ec8-9589-7458a7c11c3e','0','创建岗位','2026-04-10 10:54:43','2026-04-10 10:54:43',1,1),(2,'/api/v1/system/position/create','POST','{\"body\": {\"name\": \"装配班长\", \"order\": 8, \"status\": \"0\", \"created_id\": 1, \"created_by\": {\"id\": 1, \"name\": \"超级管理员\"}, \"updated_id\": 1, \"updated_by\": {\"id\": 1, \"name\": \"超级管理员\"}, \"uuid\": \"caf82eef-7327-43e9-ae98-7f59e11625d1\", \"created_time\": \"2026-04-10 10:35:16\", \"updated_time\": \"2026-04-10 10:35:16\"}}','127.0.0.1','内网IP','Windows','Edge',200,'{\"code\":0,\"msg\":\"创建岗位成功\",\"data\":{\"created_id\":1,\"created_by\":{\"id\":1,\"name\":\"超级管理员\"},\"updated_id\":1,\"updated_by\":{\"id\":1,\"name\":\"超级管理员\"},\"id\":8,\"uuid\":\"b11ab3a8-2267-43e9-8762-3f7eba28adaf\",\"status\":\"0\",\"description\":null,\"created_time\":\"2026-04-10 10:54:56\",\"updated_time\":\"2026-04-10 10:54:56\",\"name\":\"装配班长\",\"order\":8},\"status_code\":200,\"success\":true}','0.03s',150,'1dcd92ea-fbe6-4e69-a1d4-815f200ea931','0','创建岗位','2026-04-10 10:54:56','2026-04-10 10:54:56',1,1),(2,'/api/v1/system/position/update/3','PUT','{\"body\": {\"id\": 3, \"name\": \"生产调度\", \"order\": 3, \"status\": \"0\", \"description\": \"安排生产任务、创建工单\", \"created_id\": 1, \"created_by\": {\"id\": 1, \"name\": \"超级管理员\"}, \"updated_id\": 1, \"updated_by\": {\"id\": 1, \"name\": \"超级管理员\"}, \"uuid\": \"caf82eef-7327-43e9-ae98-7f59e11625d1\", \"created_time\": \"2026-04-10 10:35:16\", \"updated_time\": \"2026-04-10 10:52:27\"}, \"path_params\": {\"id\": \"3\"}}','127.0.0.1','内网IP','Windows','Edge',200,'{\"code\":0,\"msg\":\"修改岗位成功\",\"data\":{\"created_id\":1,\"created_by\":{\"id\":1,\"name\":\"超级管理员\"},\"updated_id\":1,\"updated_by\":{\"id\":1,\"name\":\"超级管理员\"},\"id\":3,\"uuid\":\"caf82eef-7327-43e9-ae98-7f59e11625d1\",\"status\":\"0\",\"description\":\"安排生产任务、创建工单\",\"created_time\":\"2026-04-10 10:35:16\",\"updated_time\":\"2026-04-10 11:00:29\",\"name\":\"生产调度\",\"order\":3},\"status_code\":200,\"success\":true}','0.08s',151,'61635c43-9a07-4534-8218-d8ecdf37d035','0','修改岗位','2026-04-10 11:00:29','2026-04-10 11:00:29',1,1),(2,'/api/v1/system/position/update/3','PUT','{\"body\": {\"id\": 3, \"name\": \"生产经理\", \"order\": 3, \"status\": \"0\", \"description\": \"安排生产任务、创建工单\", \"created_id\": 1, \"created_by\": {\"id\": 1, \"name\": \"超级管理员\"}, \"updated_id\": 1, \"updated_by\": {\"id\": 1, \"name\": \"超级管理员\"}, \"uuid\": \"caf82eef-7327-43e9-ae98-7f59e11625d1\", \"created_time\": \"2026-04-10 10:35:16\", \"updated_time\": \"2026-04-10 11:00:29\"}, \"path_params\": {\"id\": \"3\"}}','127.0.0.1','内网IP','Windows','Edge',200,'{\"code\":0,\"msg\":\"修改岗位成功\",\"data\":{\"created_id\":1,\"created_by\":{\"id\":1,\"name\":\"超级管理员\"},\"updated_id\":1,\"updated_by\":{\"id\":1,\"name\":\"超级管理员\"},\"id\":3,\"uuid\":\"caf82eef-7327-43e9-ae98-7f59e11625d1\",\"status\":\"0\",\"description\":\"安排生产任务、创建工单\",\"created_time\":\"2026-04-10 10:35:16\",\"updated_time\":\"2026-04-10 11:01:50\",\"name\":\"生产经理\",\"order\":3},\"status_code\":200,\"success\":true}','0.08s',152,'56898319-fc44-4929-87ea-6386e99ed0a9','0','修改岗位','2026-04-10 11:01:50','2026-04-10 11:01:50',1,1),(1,'/api/v1/system/auth/login','POST','username: admin\npassword: 123456\ncaptcha: 8\ncaptcha_key: ce773ffa8c914e7f8177cc13c39b10bb\nremember: true\nlogin_type: PC端','127.0.0.1','内网IP','Windows','Edge',200,'{\"code\":0,\"msg\":\"登录成功\",\"data\":{\"access_token\":\"eyJhbGciOiJIUzI1NiIsInR5cCI6IkpXVCJ9.eyJzdWIiOiJ7XCJuYW1lXCI6XCJcdThkODVcdTdlYTdcdTdiYTFcdTc0MDZcdTU0NThcIixcInNlc3Npb25faWRcIjpcImJiNzUzODM5LWUzNjItNDI0NS1iN2EzLWJkNzE0ZTFlNDU1N1wiLFwidXNlcl9pZFwiOjEsXCJ1c2VyX25hbWVcIjpcImFkbWluXCIsXCJpcGFkZHJcIjpcIjEyNy4wLjAuMVwiLFwibG9naW5fbG9jYXRpb25cIjpcIlx1NTE4NVx1N2Y1MUlQXCIsXCJvc1wiOlwiV2luZG93c1wiLFwiYnJvd3NlclwiOlwiRWRnZVwiLFwibG9naW5fdGltZVwiOlwiMjAyNi0wNC0xMCAxNDoyMTowNFwiLFwibG9naW5fdHlwZVwiOlwiUENcdTdhZWZcIn0iLCJpc19yZWZyZXNoIjpmYWxzZSwiZXhwIjoxNzc1ODMyNjY0fQ.wFPgGZGyKuQF5bPfpz8utxdfwIPNxrXBHuwxa97mWlQ\",\"refresh_token\":\"eyJhbGciOiJIUzI1NiIsInR5cCI6IkpXVCJ9.eyJzdWIiOiJ7XCJuYW1lXCI6XCJcdThkODVcdTdlYTdcdTdiYTFcdTc0MDZcdTU0NThcIixcInNlc3Npb25faWRcIjpcImJiNzUzODM5LWUzNjItNDI0NS1iN2EzLWJkNzE0ZTFlNDU1N1wiLFwidXNlcl9pZFwiOjEsXCJ1c2VyX25hbWVcIjpcImFkbWluXCIsXCJpcGFkZHJcIjpcIjEyNy4wLjAuMVwiLFwibG9naW5fbG9jYXRpb25cIjpcIlx1NTE4NVx1N2Y1MUlQXCIsXCJvc1wiOlwiV2luZG93c1wiLFwiYnJvd3NlclwiOlwiRWRnZVwiLFwibG9naW5fdGltZVwiOlwiMjAyNi0wNC0xMCAxNDoyMTowNFwiLFwibG9naW5fdHlwZVwiOlwiUENcdTdhZWZcIn0iLCJpc19yZWZyZXNoIjp0cnVlLCJleHAiOjE3NzU4MzI2NjR9.yH_cBL1oDyq5mzEGWmyi1_by838kAlWQVek4SfakRRA\",\"token_type\":\"bearer\",\"expires_in\":1800},\"status_code\":200,\"success\":true}','0.29s',153,'102b266e-32d8-4848-bcaa-eea9e986ef05','0','登录','2026-04-10 14:21:04','2026-04-10 14:21:04',NULL,NULL),(2,'/api/v1/system/role/create','POST','{\"body\": {\"name\": \"数据管理员\", \"order\": 2, \"code\": \"DATA\", \"status\": \"0\"}}','127.0.0.1','内网IP','Windows','Edge',200,'{\"code\":0,\"msg\":\"创建角色成功\",\"data\":{\"id\":2,\"uuid\":\"9eb40639-e062-47fb-a387-1a9cb29dc44a\",\"status\":\"0\",\"description\":null,\"created_time\":\"2026-04-10 14:22:57\",\"updated_time\":\"2026-04-10 14:22:57\",\"name\":\"数据管理员\",\"code\":\"DATA\",\"order\":2,\"data_scope\":1,\"menus\":[],\"depts\":[]},\"status_code\":200,\"success\":true}','0.04s',154,'a99454ad-2c1d-4d92-9333-aa2f11e331d6','0','创建角色','2026-04-10 14:22:57','2026-04-10 14:22:57',1,1),(2,'/api/v1/system/role/create','POST','{\"body\": {\"name\": \"文件管理员\", \"order\": 3, \"code\": \"FILE\", \"status\": \"0\"}}','127.0.0.1','内网IP','Windows','Edge',200,'{\"code\":0,\"msg\":\"创建角色成功\",\"data\":{\"id\":3,\"uuid\":\"e26405b0-9715-4cbb-b918-d9339459f616\",\"status\":\"0\",\"description\":null,\"created_time\":\"2026-04-10 14:23:25\",\"updated_time\":\"2026-04-10 14:23:25\",\"name\":\"文件管理员\",\"code\":\"FILE\",\"order\":3,\"data_scope\":1,\"menus\":[],\"depts\":[]},\"status_code\":200,\"success\":true}','0.03s',155,'956dfcea-96fa-421f-a767-ead4c5a44891','0','创建角色','2026-04-10 14:23:25','2026-04-10 14:23:25',1,1),(2,'/api/v1/system/role/create','POST','{\"body\": {\"name\": \"工艺管理员\", \"order\": 1, \"code\": \"CRAFT\", \"status\": \"0\", \"uuid\": \"e26405b0-9715-4cbb-b918-d9339459f616\", \"created_time\": \"2026-04-10 14:23:25\", \"updated_time\": \"2026-04-10 14:23:25\", \"data_scope\": 1, \"menus\": [], \"depts\": []}}','127.0.0.1','内网IP','Windows','Edge',200,'{\"code\":0,\"msg\":\"创建角色成功\",\"data\":{\"id\":4,\"uuid\":\"b13eb2d8-be80-4634-91b1-8b001f44280c\",\"status\":\"0\",\"description\":null,\"created_time\":\"2026-04-10 14:25:39\",\"updated_time\":\"2026-04-10 14:25:39\",\"name\":\"工艺管理员\",\"code\":\"CRAFT\",\"order\":1,\"data_scope\":1,\"menus\":[],\"depts\":[]},\"status_code\":200,\"success\":true}','0.03s',156,'41e0d1f6-b381-4faa-ae06-bb8ca8f98326','0','创建角色','2026-04-10 14:25:39','2026-04-10 14:25:39',1,1),(2,'/api/v1/system/role/update/4','PUT','{\"body\": {\"id\": 4, \"name\": \"工艺管理员\", \"order\": 4, \"code\": \"CRAFT\", \"status\": \"0\", \"description\": null, \"uuid\": \"b13eb2d8-be80-4634-91b1-8b001f44280c\", \"created_time\": \"2026-04-10 14:25:39\", \"updated_time\": \"2026-04-10 14:25:39\", \"data_scope\": 1, \"menus\": [], \"depts\": []}, \"path_params\": {\"id\": \"4\"}}','127.0.0.1','内网IP','Windows','Edge',200,'{\"code\":0,\"msg\":\"修改角色成功\",\"data\":{\"id\":4,\"uuid\":\"b13eb2d8-be80-4634-91b1-8b001f44280c\",\"status\":\"0\",\"description\":null,\"created_time\":\"2026-04-10 14:25:39\",\"updated_time\":\"2026-04-10 14:25:48\",\"name\":\"工艺管理员\",\"code\":\"CRAFT\",\"order\":4,\"data_scope\":1,\"menus\":[],\"depts\":[]},\"status_code\":200,\"success\":true}','0.07s',157,'b18d13f2-cb3d-4895-b812-69aff28d49f8','0','修改角色','2026-04-10 14:25:49','2026-04-10 14:25:49',1,1),(2,'/api/v1/system/role/create','POST','{\"body\": {\"name\": \"工时管理员\", \"order\": 5, \"code\": \"manhour\", \"status\": \"0\", \"uuid\": \"b13eb2d8-be80-4634-91b1-8b001f44280c\", \"created_time\": \"2026-04-10 14:25:39\", \"updated_time\": \"2026-04-10 14:25:39\", \"data_scope\": 1, \"menus\": [], \"depts\": []}}','127.0.0.1','内网IP','Windows','Edge',200,'{\"code\":0,\"msg\":\"创建角色成功\",\"data\":{\"id\":5,\"uuid\":\"9a612b88-6f0d-4d3a-9a2f-cdca6ba89948\",\"status\":\"0\",\"description\":null,\"created_time\":\"2026-04-10 14:26:40\",\"updated_time\":\"2026-04-10 14:26:40\",\"name\":\"工时管理员\",\"code\":\"manhour\",\"order\":5,\"data_scope\":1,\"menus\":[],\"depts\":[]},\"status_code\":200,\"success\":true}','0.03s',158,'1cf1474a-ca9f-40d0-8de6-2742cf05d069','0','创建角色','2026-04-10 14:26:40','2026-04-10 14:26:40',1,1),(2,'/api/v1/system/role/update/5','PUT','{\"body\": {\"id\": 5, \"name\": \"工时管理员\", \"order\": 5, \"code\": \"MANHOUR\", \"status\": \"0\", \"description\": null, \"uuid\": \"9a612b88-6f0d-4d3a-9a2f-cdca6ba89948\", \"created_time\": \"2026-04-10 14:26:40\", \"updated_time\": \"2026-04-10 14:26:40\", \"data_scope\": 1, \"menus\": [], \"depts\": []}, \"path_params\": {\"id\": \"5\"}}','127.0.0.1','内网IP','Windows','Edge',200,'{\"code\":0,\"msg\":\"修改角色成功\",\"data\":{\"id\":5,\"uuid\":\"9a612b88-6f0d-4d3a-9a2f-cdca6ba89948\",\"status\":\"0\",\"description\":null,\"created_time\":\"2026-04-10 14:26:40\",\"updated_time\":\"2026-04-10 14:26:52\",\"name\":\"工时管理员\",\"code\":\"MANHOUR\",\"order\":5,\"data_scope\":1,\"menus\":[],\"depts\":[]},\"status_code\":200,\"success\":true}','0.05s',159,'53e4d091-6cd9-4078-8827-d8a03052b2fe','0','修改角色','2026-04-10 14:26:52','2026-04-10 14:26:52',1,1),(2,'/api/v1/system/role/create','POST','{\"body\": {\"name\": \"生产调度员\", \"order\": 6, \"code\": \"ORDER\", \"status\": \"0\", \"uuid\": \"9a612b88-6f0d-4d3a-9a2f-cdca6ba89948\", \"created_time\": \"2026-04-10 14:26:40\", \"updated_time\": \"2026-04-10 14:26:40\", \"data_scope\": 1, \"menus\": [], \"depts\": []}}','127.0.0.1','内网IP','Windows','Edge',200,'{\"code\":0,\"msg\":\"创建角色成功\",\"data\":{\"id\":6,\"uuid\":\"73ec8035-fcb8-4299-a7a6-6ea148ec4879\",\"status\":\"0\",\"description\":null,\"created_time\":\"2026-04-10 14:28:12\",\"updated_time\":\"2026-04-10 14:28:12\",\"name\":\"生产调度员\",\"code\":\"ORDER\",\"order\":6,\"data_scope\":1,\"menus\":[],\"depts\":[]},\"status_code\":200,\"success\":true}','0.03s',160,'a98d9c03-1a67-448c-b0da-83654d8b96b6','0','创建角色','2026-04-10 14:28:12','2026-04-10 14:28:12',1,1),(2,'/api/v1/system/role/permission/setting','PATCH','{\"body\": {\"role_ids\": [6], \"menu_ids\": [161], \"data_scope\": 1, \"dept_ids\": []}}','127.0.0.1','内网IP','Windows','Edge',200,'{\"code\":0,\"msg\":\"授权角色成功\",\"data\":null,\"status_code\":200,\"success\":true}','0.07s',161,'a9ec58e6-834e-4d40-a184-dfd65d479758','0','角色授权','2026-04-10 14:28:43','2026-04-10 14:28:43',1,1),(2,'/api/v1/system/role/permission/setting','PATCH','{\"body\": {\"role_ids\": [5], \"menu_ids\": [164], \"data_scope\": 1, \"dept_ids\": []}}','127.0.0.1','内网IP','Windows','Edge',200,'{\"code\":0,\"msg\":\"授权角色成功\",\"data\":null,\"status_code\":200,\"success\":true}','0.07s',162,'ce7a8e09-2322-49c5-b26a-1ecb679f3259','0','角色授权','2026-04-10 14:29:02','2026-04-10 14:29:02',1,1),(2,'/api/v1/system/role/permission/setting','PATCH','{\"body\": {\"role_ids\": [4], \"menu_ids\": [162, 163, 165], \"data_scope\": 1, \"dept_ids\": []}}','127.0.0.1','内网IP','Windows','Edge',200,'{\"code\":0,\"msg\":\"授权角色成功\",\"data\":null,\"status_code\":200,\"success\":true}','0.06s',163,'65f34ce1-a123-424c-8363-afff902bc51d','0','角色授权','2026-04-10 14:29:18','2026-04-10 14:29:18',1,1),(2,'/api/v1/system/role/permission/setting','PATCH','{\"body\": {\"role_ids\": [5], \"menu_ids\": [162, 163, 164], \"data_scope\": 1, \"dept_ids\": []}}','127.0.0.1','内网IP','Windows','Edge',200,'{\"code\":0,\"msg\":\"授权角色成功\",\"data\":null,\"status_code\":200,\"success\":true}','-1.69s',164,'6b431736-7e42-4311-a1bc-14328d6fb3eb','0','角色授权','2026-04-10 14:29:42','2026-04-10 14:29:42',1,1),(2,'/api/v1/system/role/permission/setting','PATCH','{\"body\": {\"role_ids\": [3], \"menu_ids\": [159], \"data_scope\": 1, \"dept_ids\": []}}','127.0.0.1','内网IP','Windows','Edge',200,'{\"code\":0,\"msg\":\"授权角色成功\",\"data\":null,\"status_code\":200,\"success\":true}','0.06s',165,'3de6e4ab-39ee-4a45-bd10-dc7167c892ee','0','角色授权','2026-04-10 14:29:55','2026-04-10 14:29:55',1,1),(2,'/api/v1/system/role/permission/setting','PATCH','{\"body\": {\"role_ids\": [2], \"menu_ids\": [157, 158], \"data_scope\": 1, \"dept_ids\": []}}','127.0.0.1','内网IP','Windows','Edge',200,'{\"code\":0,\"msg\":\"授权角色成功\",\"data\":null,\"status_code\":200,\"success\":true}','0.06s',166,'a90866b4-12f8-4290-9e87-099a62bdc7a0','0','角色授权','2026-04-10 14:30:21','2026-04-10 14:30:21',1,1);
/*!40000 ALTER TABLE `sys_log` ENABLE KEYS */;

--
-- Table structure for table `sys_menu`
--

DROP TABLE IF EXISTS `sys_menu`;
/*!40101 SET @saved_cs_client     = @@character_set_client */;
/*!50503 SET character_set_client = utf8mb4 */;
CREATE TABLE `sys_menu` (
  `name` varchar(50) COLLATE utf8mb4_unicode_ci NOT NULL COMMENT '菜单名称',
  `type` int NOT NULL COMMENT '菜单类型(1:目录 2:菜单 3:按钮/权限 4:链接)',
  `order` int NOT NULL COMMENT '显示排序',
  `permission` varchar(100) COLLATE utf8mb4_unicode_ci DEFAULT NULL COMMENT '权限标识(如:module_system:user:query)',
  `icon` varchar(50) COLLATE utf8mb4_unicode_ci DEFAULT NULL COMMENT '菜单图标',
  `route_name` varchar(100) COLLATE utf8mb4_unicode_ci DEFAULT NULL COMMENT '路由名称',
  `route_path` varchar(200) COLLATE utf8mb4_unicode_ci DEFAULT NULL COMMENT '路由路径',
  `component_path` varchar(200) COLLATE utf8mb4_unicode_ci DEFAULT NULL COMMENT '组件路径',
  `redirect` varchar(200) COLLATE utf8mb4_unicode_ci DEFAULT NULL COMMENT '重定向地址',
  `hidden` tinyint(1) NOT NULL COMMENT '是否隐藏(True:隐藏 False:显示)',
  `keep_alive` tinyint(1) NOT NULL COMMENT '是否缓存(True:是 False:否)',
  `always_show` tinyint(1) NOT NULL COMMENT '是否始终显示(True:是 False:否)',
  `title` varchar(50) COLLATE utf8mb4_unicode_ci DEFAULT NULL COMMENT '菜单标题',
  `params` json DEFAULT NULL COMMENT '路由参数(JSON对象)',
  `affix` tinyint(1) NOT NULL COMMENT '是否固定标签页(True:是 False:否)',
  `parent_id` int DEFAULT NULL COMMENT '父菜单ID',
  `id` int NOT NULL AUTO_INCREMENT COMMENT '主键ID',
  `uuid` varchar(64) COLLATE utf8mb4_unicode_ci NOT NULL COMMENT 'UUID全局唯一标识',
  `status` varchar(10) COLLATE utf8mb4_unicode_ci NOT NULL COMMENT '是否启用(0:启用 1:禁用)',
  `description` text COLLATE utf8mb4_unicode_ci COMMENT '备注/描述',
  `created_time` datetime NOT NULL COMMENT '创建时间',
  `updated_time` datetime NOT NULL COMMENT '更新时间',
  PRIMARY KEY (`id`),
  UNIQUE KEY `ix_sys_menu_uuid` (`uuid`),
  KEY `ix_sys_menu_updated_time` (`updated_time`),
  KEY `ix_sys_menu_parent_id` (`parent_id`),
  KEY `ix_sys_menu_id` (`id`),
  KEY `ix_sys_menu_created_time` (`created_time`),
  KEY `ix_sys_menu_status` (`status`),
  CONSTRAINT `sys_menu_ibfk_1` FOREIGN KEY (`parent_id`) REFERENCES `sys_menu` (`id`) ON DELETE SET NULL
) ENGINE=InnoDB AUTO_INCREMENT=176 DEFAULT CHARSET=utf8mb4 COLLATE=utf8mb4_unicode_ci COMMENT='菜单表';
/*!40101 SET character_set_client = @saved_cs_client */;

--
-- Dumping data for table `sys_menu`
--

/*!40000 ALTER TABLE `sys_menu` DISABLE KEYS */;
INSERT INTO `sys_menu` VALUES ('仪表盘',1,300,NULL,'client','Dashboard','/dashboard',NULL,'/dashboard/workplace',0,1,1,'仪表盘','null',0,NULL,1,'41d6e7bb-48db-4489-940a-818c02f5f772','1','初始化数据','2026-03-17 10:31:18','2026-03-17 14:36:09'),('系统管理',1,310,NULL,'system','System','/system',NULL,'/system/menu',0,1,0,'系统管理','null',0,NULL,2,'605536d8-6aa4-4028-8ff2-20f9543a7e76','0','初始化数据','2026-03-17 10:31:18','2026-03-17 14:36:38'),('监控管理',1,320,NULL,'monitor','Monitor','/monitor',NULL,'/monitor/online',0,1,0,'监控管理','null',0,NULL,3,'148642ec-a391-4175-9054-93f2b14a7473','0','初始化数据','2026-03-17 10:31:18','2026-03-17 14:37:17'),('接口管理',1,330,NULL,'document','Common','/common',NULL,'/common/docs',0,1,0,'接口管理','null',0,NULL,4,'259a6f98-d449-4390-96a6-ae92f5536484','0','初始化数据','2026-03-17 10:31:18','2026-03-17 14:37:27'),('代码管理',1,340,NULL,'code','Generator','/generator',NULL,'/generator/gencode',0,1,0,'代码管理','null',0,NULL,5,'a3b16abc-c897-4e2c-be62-570568bed49e','0','代码管理','2026-03-17 10:31:18','2026-03-17 14:37:38'),('应用管理',1,350,NULL,'el-icon-ShoppingBag','Application','/application',NULL,'/application/myapp',0,1,0,'应用管理','null',0,NULL,6,'b60fe848-98fe-43b4-a643-79ba9a19e132','0','初始化数据','2026-03-17 10:31:18','2026-03-17 14:37:43'),('AI管理',1,360,NULL,'el-icon-ChatLineSquare','AI','/ai',NULL,'/ai/chat',0,1,0,'AI管理','null',0,NULL,7,'f0c03648-9973-4bc0-9f6d-a8b0330744d2','0','AI管理','2026-03-17 10:31:18','2026-03-17 14:38:00'),('任务管理',1,370,NULL,'el-icon-SetUp','Task','/task',NULL,'/task/job',0,1,0,'任务管理','null',0,NULL,8,'05c7b7af-681c-475e-a148-6fbbd82ac1d5','0','任务管理','2026-03-17 10:31:18','2026-03-17 14:38:11'),('案例管理',1,380,NULL,'menu','Example','/example',NULL,'/example/demo',0,1,0,'案例管理','null',0,NULL,9,'c0daf5eb-69f0-40fd-aa46-3a9283e414df','0','案例管理','2026-03-17 10:31:18','2026-03-17 14:38:18'),('工作台',2,1,'dashboard:workplace:query','el-icon-PieChart','Workplace','/dashboard/workplace','dashboard/workplace',NULL,0,1,0,'工作台','null',0,1,10,'4d6f6e2c-3a65-4929-8c1b-88d68ab9e9cf','1','初始化数据','2026-03-17 10:31:18','2026-03-17 14:36:09'),('菜单管理',2,1,'module_system:menu:query','menu','Menu','/system/menu','module_system/menu/index',NULL,0,1,0,'菜单管理','null',0,2,11,'c0e88680-acc4-427a-92ee-906787948f99','0','初始化数据','2026-03-17 10:31:18','2026-03-17 10:31:18'),('部门管理',2,2,'module_system:dept:query','tree','Dept','/system/dept','module_system/dept/index',NULL,0,1,0,'部门管理','null',0,2,12,'348e1300-d098-4906-9fba-786cbbbd3979','0','初始化数据','2026-03-17 10:31:18','2026-03-17 10:31:18'),('岗位管理',2,3,'module_system:position:query','el-icon-Coordinate','Position','/system/position','module_system/position/index',NULL,0,1,0,'岗位管理','null',0,2,13,'c50894ee-5cad-409d-bcef-22870ac1d82e','0','初始化数据','2026-03-17 10:31:18','2026-03-17 10:31:18'),('角色管理',2,4,'module_system:role:query','role','Role','/system/role','module_system/role/index',NULL,0,1,0,'角色管理','null',0,2,14,'c9c44091-8df2-4bc1-8b67-3bf5cc13457d','0','初始化数据','2026-03-17 10:31:18','2026-03-17 10:31:18'),('用户管理',2,5,'module_system:user:query','el-icon-User','User','/system/user','module_system/user/index',NULL,0,1,0,'用户管理','null',0,2,15,'b882250e-1c83-487d-97c5-7455ab97da13','0','初始化数据','2026-03-17 10:31:18','2026-03-17 10:31:18'),('日志管理',2,6,'module_system:log:query','el-icon-Aim','Log','/system/log','module_system/log/index',NULL,0,1,0,'日志管理','null',0,2,16,'fc47ac4f-e917-4944-adf1-48db1a834dd5','0','初始化数据','2026-03-17 10:31:18','2026-03-17 10:31:18'),('公告管理',2,7,'module_system:notice:query','bell','Notice','/system/notice','module_system/notice/index',NULL,0,1,0,'公告管理','null',0,2,17,'14bd87a4-9b86-4342-8426-7a6b7911213f','0','初始化数据','2026-03-17 10:31:18','2026-03-17 10:31:18'),('参数管理',2,8,'module_system:param:query','setting','Params','/system/param','module_system/param/index',NULL,0,1,0,'参数管理','null',0,2,18,'9d429445-8c82-4d96-865e-38ecc619f567','0','初始化数据','2026-03-17 10:31:18','2026-03-17 10:31:18'),('字典管理',2,9,'module_system:dict_type:query','dict','Dict','/system/dict','module_system/dict/index',NULL,0,1,0,'字典管理','null',0,2,19,'b3d7e744-bccd-470f-9042-5013b5b52bc0','0','初始化数据','2026-03-17 10:31:18','2026-03-17 10:31:18'),('在线用户',2,1,'module_monitor:online:query','el-icon-Headset','MonitorOnline','/monitor/online','module_monitor/online/index',NULL,0,1,0,'在线用户','null',0,3,20,'784e4866-ade1-4bb4-8a92-7f566a806680','0','初始化数据','2026-03-17 10:31:18','2026-03-17 10:31:18'),('服务器监控',2,2,'module_monitor:server:query','el-icon-Odometer','MonitorServer','/monitor/server','module_monitor/server/index',NULL,0,1,0,'服务器监控','null',0,3,21,'133068f3-8149-4c6d-9a5f-4ac7c08f419a','0','初始化数据','2026-03-17 10:31:18','2026-03-17 10:31:18'),('缓存监控',2,3,'module_monitor:cache:query','el-icon-Stopwatch','MonitorCache','/monitor/cache','module_monitor/cache/index',NULL,0,1,0,'缓存监控','null',0,3,22,'7e1016d0-0f68-4a55-99a7-536c8c45f8f0','0','初始化数据','2026-03-17 10:31:18','2026-03-17 10:31:18'),('文件管理',2,4,'module_monitor:resource:query','el-icon-Files','Resource','/monitor/resource','module_monitor/resource/index',NULL,0,1,0,'文件管理','null',0,3,23,'7971d2cb-d886-42cb-b246-73b366b88e88','0','初始化数据','2026-03-17 10:31:18','2026-03-17 10:31:18'),('Swagger文档',4,1,'module_common:docs:query','api','Docs','/common/docs','module_common/docs/index',NULL,0,1,0,'Swagger文档','null',0,4,24,'7e816328-040e-4913-ad25-2287469ab5ae','0','初始化数据','2026-03-17 10:31:18','2026-03-17 10:31:18'),('Redoc文档',4,2,'module_common:redoc:query','el-icon-Document','Redoc','/common/redoc','module_common/redoc/index',NULL,0,1,0,'Redoc文档','null',0,4,25,'b48eb657-0cca-46e0-badb-bd752d7d8d26','0','初始化数据','2026-03-17 10:31:18','2026-03-17 10:31:18'),('LangJin文档',4,3,'module_common:ljdoc:query','el-icon-Document','Ljdoc','/common/ljdoc','module_common/ljdoc/index',NULL,0,1,0,'LangJin文档','null',0,4,26,'ca209aa8-d3bc-42e9-bfef-1666b93b6664','0','初始化数据','2026-03-17 10:31:18','2026-03-17 10:31:18'),('代码生成',2,1,'module_generator:gencode:query','code','GenCode','/generator/gencode','module_generator/gencode/index',NULL,0,1,0,'代码生成','null',0,5,27,'79d79c89-e0ee-4af1-b63a-2a757334d743','0','代码生成','2026-03-17 10:31:18','2026-03-17 10:31:18'),('我的应用',2,1,'module_application:myapp:query','el-icon-ShoppingCartFull','MYAPP','/application/myapp','module_application/myapp/index',NULL,0,1,0,'我的应用','null',0,6,28,'f2f1aaf3-efdb-4d2a-85e2-919dd638cb00','0','初始化数据','2026-03-17 10:31:18','2026-03-17 10:31:18'),('AI智能助手',2,1,'module_ai:chat:query','el-icon-ChatDotRound','Chat','/ai/chat','module_ai/chat/index',NULL,0,1,0,'AI智能助手','null',0,7,29,'7bd62a24-e887-482a-9b0d-e3933de2bfbe','0','AI智能助手','2026-03-17 10:31:18','2026-03-17 10:31:18'),('会话记忆',2,2,'module_ai:chat:query','el-icon-ChatLineSquare','Memory','/ai/memory','module_ai/memory/index',NULL,0,1,0,'会话记忆','null',0,7,30,'27ec82c9-728f-4d7a-abc6-c907a28b0d10','0','会话记忆管理','2026-03-17 10:31:18','2026-03-17 10:31:18'),('调度器监控',2,1,'module_task:job:query','el-icon-DataLine','Job','/task/job','module_task/job/index',NULL,0,1,0,'调度器监控','null',0,8,31,'cd00c28c-c3f1-4b3c-87ef-875529ae9518','0','调度器监控','2026-03-17 10:31:18','2026-03-17 10:31:18'),('节点管理',2,2,'module_task:node:query','el-icon-Postcard','Node','/task/node','module_task/node/index',NULL,0,1,0,'节点管理','null',0,8,32,'8f5fb0f7-0fad-4d53-83eb-c41458593950','0','节点管理','2026-03-17 10:31:18','2026-03-17 10:31:18'),('示例管理',2,1,'module_example:demo:query','menu','Demo','/example/demo','module_example/demo/index',NULL,0,1,0,'示例管理','null',0,9,33,'9dec547e-fd74-4483-990e-22622c71283e','0','示例管理','2026-03-17 10:31:18','2026-03-17 10:31:18'),('创建菜单',3,1,'module_system:menu:create',NULL,NULL,NULL,NULL,NULL,0,1,0,'创建菜单','null',0,11,34,'5c41fcaa-cad6-4e75-aa43-0d88f6de43ad','0','初始化数据','2026-03-17 10:31:18','2026-03-17 10:31:18'),('修改菜单',3,2,'module_system:menu:update',NULL,NULL,NULL,NULL,NULL,0,1,0,'修改菜单','null',0,11,35,'bc6c38d5-111d-4e22-947f-4f542dbc4558','0','初始化数据','2026-03-17 10:31:18','2026-03-17 10:31:18'),('删除菜单',3,3,'module_system:menu:delete',NULL,NULL,NULL,NULL,NULL,0,1,0,'删除菜单','null',0,11,36,'c79f7343-2cb0-4ef6-b510-644b9b5e8dcf','0','初始化数据','2026-03-17 10:31:18','2026-03-17 10:31:18'),('批量修改菜单状态',3,4,'module_system:menu:patch',NULL,NULL,NULL,NULL,NULL,0,1,0,'批量修改菜单状态','null',0,11,37,'373b8592-9b79-4e7a-bb60-ca3ac3846f79','0','初始化数据','2026-03-17 10:31:18','2026-03-17 10:31:18'),('详情菜单',3,5,'module_system:menu:detail',NULL,NULL,NULL,NULL,NULL,0,1,0,'详情菜单','null',0,11,38,'684014f7-27e7-4639-9621-ba7b19d4c7cd','0','初始化数据','2026-03-17 10:31:18','2026-03-17 10:31:18'),('查询菜单',3,6,'module_system:menu:query',NULL,NULL,NULL,NULL,NULL,0,1,0,'查询菜单','null',0,11,39,'3f43f3fb-713b-4a27-81c3-216fd845709a','0','初始化数据','2026-03-17 10:31:18','2026-03-17 10:31:18'),('创建部门',3,1,'module_system:dept:create',NULL,NULL,NULL,NULL,NULL,0,1,0,'创建部门','null',0,12,40,'77f6db7d-57a7-4ba2-9f1e-0a3d58cd2bcb','0','初始化数据','2026-03-17 10:31:18','2026-03-17 10:31:18'),('修改部门',3,2,'module_system:dept:update',NULL,NULL,NULL,NULL,NULL,0,1,0,'修改部门','null',0,12,41,'6ce7f6a3-bc0e-4fb5-bcc1-70181d9e8593','0','初始化数据','2026-03-17 10:31:18','2026-03-17 10:31:18'),('删除部门',3,3,'module_system:dept:delete',NULL,NULL,NULL,NULL,NULL,0,1,0,'删除部门','null',0,12,42,'32cd271f-1e63-40a7-8518-2cc9232f1f3e','0','初始化数据','2026-03-17 10:31:18','2026-03-17 10:31:18'),('批量修改部门状态',3,4,'module_system:dept:patch',NULL,NULL,NULL,NULL,NULL,0,1,0,'批量修改部门状态','null',0,12,43,'cd475a45-fde6-40ab-b71e-860feaa19658','0','初始化数据','2026-03-17 10:31:18','2026-03-17 10:31:18'),('详情部门',3,5,'module_system:dept:detail',NULL,NULL,NULL,NULL,NULL,0,1,0,'详情部门','null',0,12,44,'e9be8ced-4c2a-4da5-9eb0-a032e8bec7d6','0','初始化数据','2026-03-17 10:31:18','2026-03-17 10:31:18'),('查询部门',3,6,'module_system:dept:query',NULL,NULL,NULL,NULL,NULL,0,1,0,'查询部门','null',0,12,45,'c97eca83-58ce-49c9-b353-b7557057b335','0','初始化数据','2026-03-17 10:31:18','2026-03-17 10:31:18'),('创建岗位',3,1,'module_system:position:create',NULL,NULL,NULL,NULL,NULL,0,1,0,'创建岗位','null',0,13,46,'8c5d7aca-7d29-40e1-a272-2c3cda34e1cf','0','初始化数据','2026-03-17 10:31:18','2026-03-17 10:31:18'),('修改岗位',3,2,'module_system:position:update',NULL,NULL,NULL,NULL,NULL,0,1,0,'修改岗位','null',0,13,47,'a2bfb06c-abe8-4434-9d19-27edc51ec72e','0','初始化数据','2026-03-17 10:31:18','2026-03-17 10:31:18'),('删除岗位',3,3,'module_system:position:delete',NULL,NULL,NULL,NULL,NULL,0,1,0,'修改岗位','null',0,13,48,'8410057b-0e5f-40f3-8ac3-96ffe6ccec2d','0','初始化数据','2026-03-17 10:31:18','2026-03-17 10:31:18'),('批量修改岗位状态',3,4,'module_system:position:patch',NULL,NULL,NULL,NULL,NULL,0,1,0,'批量修改岗位状态','null',0,13,49,'b1d65b44-1d6f-423a-b32f-899696e5f7b0','0','初始化数据','2026-03-17 10:31:18','2026-03-17 10:31:18'),('岗位导出',3,5,'module_system:position:export',NULL,NULL,NULL,NULL,NULL,0,1,0,'岗位导出','null',0,13,50,'6ccda0d9-a53e-4b4a-a654-bb672347112b','0','初始化数据','2026-03-17 10:31:18','2026-03-17 10:31:18'),('详情岗位',3,6,'module_system:position:detail',NULL,NULL,NULL,NULL,NULL,0,1,0,'详情岗位','null',0,13,51,'dfce4f80-9f81-4d94-97c9-ec54e68918c8','0','初始化数据','2026-03-17 10:31:18','2026-03-17 10:31:18'),('查询岗位',3,7,'module_system:position:query',NULL,NULL,NULL,NULL,NULL,0,1,0,'查询岗位','null',0,13,52,'7b4fc493-2721-48c7-a9f4-ac809978da2f','0','初始化数据','2026-03-17 10:31:18','2026-03-17 10:31:18'),('创建角色',3,1,'module_system:role:create',NULL,NULL,NULL,NULL,NULL,0,1,0,'创建角色','null',0,14,53,'1beb40ad-811a-491f-8fab-7819f9a3132d','0','初始化数据','2026-03-17 10:31:18','2026-03-17 10:31:18'),('修改角色',3,2,'module_system:role:update',NULL,NULL,NULL,NULL,NULL,0,1,0,'修改角色','null',0,14,54,'bb2fc200-a235-4309-860e-f39529aa33a4','0','初始化数据','2026-03-17 10:31:18','2026-03-17 10:31:18'),('删除角色',3,3,'module_system:role:delete',NULL,NULL,NULL,NULL,NULL,0,1,0,'删除角色','null',0,14,55,'d169c8e9-db1f-4da3-bc85-83f9628649ab','0','初始化数据','2026-03-17 10:31:18','2026-03-17 10:31:18'),('批量修改角色状态',3,4,'module_system:role:patch',NULL,NULL,NULL,NULL,NULL,0,1,0,'批量修改角色状态','null',0,14,56,'47715352-d4df-488d-ac05-ab535bfeb2dc','0','初始化数据','2026-03-17 10:31:18','2026-03-17 10:31:18'),('角色导出',3,5,'module_system:role:export',NULL,NULL,NULL,NULL,NULL,0,1,0,'角色导出','null',0,14,57,'d7433a8c-bb88-4659-a0da-4882cc39a5db','0','初始化数据','2026-03-17 10:31:18','2026-03-17 10:31:18'),('详情角色',3,6,'module_system:role:detail',NULL,NULL,NULL,NULL,NULL,0,1,0,'详情角色','null',0,14,58,'65b4d26b-dd2b-4b16-9fc3-6e88cae0c25d','0','初始化数据','2026-03-17 10:31:18','2026-03-17 10:31:18'),('查询角色',3,7,'module_system:role:query',NULL,NULL,NULL,NULL,NULL,0,1,0,'查询角色','null',0,14,59,'dd5556de-16da-4642-8386-eabb887508e6','0','初始化数据','2026-03-17 10:31:18','2026-03-17 10:31:18'),('分配权限',3,8,'module_system:role:permission',NULL,NULL,NULL,NULL,NULL,0,1,0,'分配权限','null',0,14,60,'70665e9d-e8c0-4a8c-8fe4-a2df1b003a4f','0','初始化数据','2026-03-17 10:31:18','2026-03-17 10:31:18'),('创建用户',3,1,'module_system:user:create',NULL,NULL,NULL,NULL,NULL,0,1,0,'创建用户','null',0,15,61,'c05e67ca-0780-49fc-9186-f65cda6e7996','0','初始化数据','2026-03-17 10:31:18','2026-03-17 10:31:18'),('修改用户',3,2,'module_system:user:update',NULL,NULL,NULL,NULL,NULL,0,1,0,'修改用户','null',0,15,62,'91fe01c3-7250-4bf5-b317-c7a6816361a1','0','初始化数据','2026-03-17 10:31:18','2026-03-17 10:31:18'),('删除用户',3,3,'module_system:user:delete',NULL,NULL,NULL,NULL,NULL,0,1,0,'删除用户','null',0,15,63,'305465e5-8d52-4eb4-8425-6758d927415b','0','初始化数据','2026-03-17 10:31:18','2026-03-17 10:31:18'),('批量修改用户状态',3,4,'module_system:user:patch',NULL,NULL,NULL,NULL,NULL,0,1,0,'批量修改用户状态','null',0,15,64,'2ef26f8a-6a95-4583-83eb-af7d1a054886','0','初始化数据','2026-03-17 10:31:18','2026-03-17 10:31:18'),('导出用户',3,5,'module_system:user:export',NULL,NULL,NULL,NULL,NULL,0,1,0,'导出用户','null',0,15,65,'8689c1be-7af1-4493-b7b1-8b5c91d45b3d','0','初始化数据','2026-03-17 10:31:18','2026-03-17 10:31:18'),('导入用户',3,6,'module_system:user:import',NULL,NULL,NULL,NULL,NULL,0,1,0,'导入用户','null',0,15,66,'cf7dcde2-bdd1-4dc2-aa94-fb199c77582a','0','初始化数据','2026-03-17 10:31:18','2026-03-17 10:31:18'),('下载用户导入模板',3,7,'module_system:user:download',NULL,NULL,NULL,NULL,NULL,0,1,0,'下载用户导入模板','null',0,15,67,'1f5aa480-4bc8-4f52-99eb-fc7d68f765c6','0','初始化数据','2026-03-17 10:31:18','2026-03-17 10:31:18'),('详情用户',3,8,'module_system:user:detail',NULL,NULL,NULL,NULL,NULL,0,1,0,'详情用户','null',0,15,68,'27c78207-4e95-40d1-b0f8-31ebe15cda19','0','初始化数据','2026-03-17 10:31:18','2026-03-17 10:31:18'),('查询用户',3,9,'module_system:user:query',NULL,NULL,NULL,NULL,NULL,0,1,0,'查询用户','null',0,15,69,'7d6c0200-9110-4b0c-9aaf-ee8952095945','0','初始化数据','2026-03-17 10:31:18','2026-03-17 10:31:18'),('日志删除',3,1,'module_system:log:delete',NULL,NULL,NULL,NULL,NULL,0,1,0,'日志删除','null',0,16,70,'c18ebf3f-a7e3-45fb-81a2-0e6b607be807','0','初始化数据','2026-03-17 10:31:18','2026-03-17 10:31:18'),('日志导出',3,2,'module_system:log:export',NULL,NULL,NULL,NULL,NULL,0,1,0,'日志导出','null',0,16,71,'c645597b-a076-4514-8bc5-3f183591a3d3','0','初始化数据','2026-03-17 10:31:18','2026-03-17 10:31:18'),('日志详情',3,3,'module_system:log:detail',NULL,NULL,NULL,NULL,NULL,0,1,0,'日志详情','null',0,16,72,'464c5200-9e7d-43bf-b314-f59ed78382a9','0','初始化数据','2026-03-17 10:31:18','2026-03-17 10:31:18'),('查询日志',3,4,'module_system:log:query',NULL,NULL,NULL,NULL,NULL,0,1,0,'查询日志','null',0,16,73,'971ba6de-a77b-4923-bbff-03bfd72e3e38','0','初始化数据','2026-03-17 10:31:18','2026-03-17 10:31:18'),('公告创建',3,1,'module_system:notice:create',NULL,NULL,NULL,NULL,NULL,0,1,0,'公告创建','null',0,17,74,'bbfce9ea-b2b5-484e-8931-7364f68294a4','0','初始化数据','2026-03-17 10:31:18','2026-03-17 10:31:18'),('公告修改',3,2,'module_system:notice:update',NULL,NULL,NULL,NULL,NULL,0,1,0,'修改用户','null',0,17,75,'2320c43b-d968-4a01-9c12-42bb1fe1860e','0','初始化数据','2026-03-17 10:31:18','2026-03-17 10:31:18'),('公告删除',3,3,'module_system:notice:delete',NULL,NULL,NULL,NULL,NULL,0,1,0,'公告删除','null',0,17,76,'7e696947-1953-4519-afca-11e4437de8eb','0','初始化数据','2026-03-17 10:31:18','2026-03-17 10:31:18'),('公告导出',3,4,'module_system:notice:export',NULL,NULL,NULL,NULL,NULL,0,1,0,'公告导出','null',0,17,77,'00c5e4de-f138-4fb6-b960-4df51b1f0c05','0','初始化数据','2026-03-17 10:31:18','2026-03-17 10:31:18'),('公告批量修改状态',3,5,'module_system:notice:patch',NULL,NULL,NULL,NULL,NULL,0,1,0,'公告批量修改状态','null',0,17,78,'f6f4d456-1b9c-48b2-b89e-7719461a4092','0','初始化数据','2026-03-17 10:31:18','2026-03-17 10:31:18'),('公告详情',3,6,'module_system:notice:detail',NULL,NULL,NULL,NULL,NULL,0,1,0,'公告详情','null',0,17,79,'4a1cb17c-e757-449f-9831-7bc25ff7b551','0','初始化数据','2026-03-17 10:31:18','2026-03-17 10:31:18'),('查询公告',3,5,'module_system:notice:query',NULL,NULL,NULL,NULL,NULL,0,1,0,'查询公告','null',0,17,80,'ae0504c2-ddff-4cb6-9a75-a530fdb340f6','0','初始化数据','2026-03-17 10:31:18','2026-03-17 10:31:18'),('创建参数',3,1,'module_system:param:create',NULL,NULL,NULL,NULL,NULL,0,1,0,'创建参数','null',0,18,81,'3003961b-20c4-4368-82b6-3aaf9480b30d','0','初始化数据','2026-03-17 10:31:18','2026-03-17 10:31:18'),('修改参数',3,2,'module_system:param:update',NULL,NULL,NULL,NULL,NULL,0,1,0,'修改参数','null',0,18,82,'3452b8ba-5668-4671-8828-25267fbb48ea','0','初始化数据','2026-03-17 10:31:18','2026-03-17 10:31:18'),('删除参数',3,3,'module_system:param:delete',NULL,NULL,NULL,NULL,NULL,0,1,0,'删除参数','null',0,18,83,'1742b81a-48ce-4d1a-a4c0-dc856addecba','0','初始化数据','2026-03-17 10:31:18','2026-03-17 10:31:18'),('导出参数',3,4,'module_system:param:export',NULL,NULL,NULL,NULL,NULL,0,1,0,'导出参数','null',0,18,84,'8b73d127-006a-4ac5-9ab4-fb4eb2d3a00c','0','初始化数据','2026-03-17 10:31:18','2026-03-17 10:31:18'),('参数上传',3,5,'module_system:param:upload',NULL,NULL,NULL,NULL,NULL,0,1,0,'参数上传','null',0,18,85,'ea4d447b-cf61-45ef-8f73-d8824a4fcfe5','0','初始化数据','2026-03-17 10:31:18','2026-03-17 10:31:18'),('参数详情',3,6,'module_system:param:detail',NULL,NULL,NULL,NULL,NULL,0,1,0,'参数详情','null',0,18,86,'0978cb2f-576d-4f2b-a84b-0d0082fec7f2','0','初始化数据','2026-03-17 10:31:18','2026-03-17 10:31:18'),('查询参数',3,7,'module_system:param:query',NULL,NULL,NULL,NULL,NULL,0,1,0,'查询参数','null',0,18,87,'9aced99d-5c04-4d8b-ac22-a1b91c99196d','0','初始化数据','2026-03-17 10:31:18','2026-03-17 10:31:18'),('创建字典类型',3,1,'module_system:dict_type:create',NULL,NULL,NULL,NULL,NULL,0,1,0,'创建字典类型','null',0,19,88,'ca5f8365-351c-40cc-9e1a-3ee4e49cf57c','0','初始化数据','2026-03-17 10:31:18','2026-03-17 10:31:18'),('修改字典类型',3,2,'module_system:dict_type:update',NULL,NULL,NULL,NULL,NULL,0,1,0,'修改字典类型','null',0,19,89,'15d2adc4-8be8-4c0c-a591-0f70116f7845','0','初始化数据','2026-03-17 10:31:18','2026-03-17 10:31:18'),('删除字典类型',3,3,'module_system:dict_type:delete',NULL,NULL,NULL,NULL,NULL,0,1,0,'删除字典类型','null',0,19,90,'79dbfced-a8e3-4d73-9b5c-4d97ab49c722','0','初始化数据','2026-03-17 10:31:18','2026-03-17 10:31:18'),('导出字典类型',3,4,'module_system:dict_type:export',NULL,NULL,NULL,NULL,NULL,0,1,0,'导出字典类型','null',0,19,91,'3cdbc2ac-883b-4fa1-8b7e-a1c14e5c7db3','0','初始化数据','2026-03-17 10:31:18','2026-03-17 10:31:18'),('批量修改字典状态',3,5,'module_system:dict_type:patch',NULL,NULL,NULL,NULL,NULL,0,1,0,'导出字典类型','null',0,19,92,'a6f2a050-ab95-4617-b1d1-ec78f4029a18','0','初始化数据','2026-03-17 10:31:18','2026-03-17 10:31:18'),('字典数据查询',3,6,'module_system:dict_data:query',NULL,NULL,NULL,NULL,NULL,0,1,0,'字典数据查询','null',0,19,93,'629304b2-6e14-4a16-a7cb-036ba0567cea','0','初始化数据','2026-03-17 10:31:18','2026-03-17 10:31:18'),('创建字典数据',3,7,'module_system:dict_data:create',NULL,NULL,NULL,NULL,NULL,0,1,0,'创建字典数据','null',0,19,94,'bc0af15d-4c38-4f46-87f4-513c0c9a4996','0','初始化数据','2026-03-17 10:31:18','2026-03-17 10:31:18'),('修改字典数据',3,8,'module_system:dict_data:update',NULL,NULL,NULL,NULL,NULL,0,1,0,'修改字典数据','null',0,19,95,'41450a47-cd33-4b9c-a937-7dfeca1d0b4f','0','初始化数据','2026-03-17 10:31:18','2026-03-17 10:31:18'),('删除字典数据',3,9,'module_system:dict_data:delete',NULL,NULL,NULL,NULL,NULL,0,1,0,'删除字典数据','null',0,19,96,'46c63e82-5622-4090-8f25-e33622b2f57c','0','初始化数据','2026-03-17 10:31:18','2026-03-17 10:31:18'),('导出字典数据',3,10,'module_system:dict_data:export',NULL,NULL,NULL,NULL,NULL,0,1,0,'导出字典数据','null',0,19,97,'60b62647-9a54-44ab-91d2-8661c43d61fb','0','初始化数据','2026-03-17 10:31:18','2026-03-17 10:31:18'),('批量修改字典数据状态',3,11,'module_system:dict_data:patch',NULL,NULL,NULL,NULL,NULL,0,1,0,'批量修改字典数据状态','null',0,19,98,'942d8086-40cb-4878-af9a-b50a8c07d05c','0','初始化数据','2026-03-17 10:31:18','2026-03-17 10:31:18'),('详情字典类型',3,12,'module_system:dict_type:detail',NULL,NULL,NULL,NULL,NULL,0,1,0,'详情字典类型','null',0,19,99,'9457ba83-ba30-4edf-9af3-087aa08c2967','0','初始化数据','2026-03-17 10:31:18','2026-03-17 10:31:18'),('查询字典类型',3,13,'module_system:dict_type:query',NULL,NULL,NULL,NULL,NULL,0,1,0,'查询字典类型','null',0,19,100,'75b9eb1c-83a7-4118-b2d1-ef277964ce3c','0','初始化数据','2026-03-17 10:31:18','2026-03-17 10:31:18'),('详情字典数据',3,14,'module_system:dict_data:detail',NULL,NULL,NULL,NULL,NULL,0,1,0,'详情字典数据','null',0,19,101,'f1f37520-09f6-4d27-a07c-7d226161bd5e','0','初始化数据','2026-03-17 10:31:18','2026-03-17 10:31:18'),('在线用户强制下线',3,1,'module_monitor:online:delete',NULL,NULL,NULL,NULL,NULL,0,1,0,'在线用户强制下线','null',0,20,102,'ef5a15e2-63d8-4e86-a2e3-ee73cd69f3d2','0','初始化数据','2026-03-17 10:31:18','2026-03-17 10:31:18'),('清除缓存',3,1,'module_monitor:cache:delete',NULL,NULL,NULL,NULL,NULL,0,1,0,'清除缓存','null',0,22,103,'2c355f54-61fd-4874-8aac-57416e23ad00','0','初始化数据','2026-03-17 10:31:18','2026-03-17 10:31:18'),('文件上传',3,1,'module_monitor:resource:upload',NULL,NULL,NULL,NULL,NULL,0,1,0,'文件上传','null',0,23,104,'17b64d94-59f3-4acc-aeb8-6858dca61773','0','初始化数据','2026-03-17 10:31:18','2026-03-17 10:31:18'),('文件下载',3,2,'module_monitor:resource:download',NULL,NULL,NULL,NULL,NULL,0,1,0,'文件下载','null',0,23,105,'39cc4139-de69-4454-8bfa-d9b0bbc7739b','0','初始化数据','2026-03-17 10:31:18','2026-03-17 10:31:18'),('文件删除',3,3,'module_monitor:resource:delete',NULL,NULL,NULL,NULL,NULL,0,1,0,'文件删除','null',0,23,106,'b74f9b64-32b9-436a-bf7d-25c166940370','0','初始化数据','2026-03-17 10:31:18','2026-03-17 10:31:18'),('文件移动',3,4,'module_monitor:resource:move',NULL,NULL,NULL,NULL,NULL,0,1,0,'文件移动','null',0,23,107,'bc9a2026-73f7-4e31-8a53-73b02ab5e332','0','初始化数据','2026-03-17 10:31:18','2026-03-17 10:31:18'),('文件复制',3,5,'module_monitor:resource:copy',NULL,NULL,NULL,NULL,NULL,0,1,0,'文件复制','null',0,23,108,'24e93360-8dc6-457b-b23f-48cbf5438f4b','0','初始化数据','2026-03-17 10:31:18','2026-03-17 10:31:18'),('文件重命名',3,6,'module_monitor:resource:rename',NULL,NULL,NULL,NULL,NULL,0,1,0,'文件重命名','null',0,23,109,'36a5c146-bba1-4727-a631-1a971ac78474','0','初始化数据','2026-03-17 10:31:18','2026-03-17 10:31:18'),('创建目录',3,7,'module_monitor:resource:create_dir',NULL,NULL,NULL,NULL,NULL,0,1,0,'创建目录','null',0,23,110,'5885fb6d-f7f2-4d71-8d40-59f4f8810fc6','0','初始化数据','2026-03-17 10:31:18','2026-03-17 10:31:18'),('导出文件列表',3,9,'module_monitor:resource:export',NULL,NULL,NULL,NULL,NULL,0,1,0,'导出文件列表','null',0,23,111,'f568a5d7-7c40-4968-b616-316e9fe94e19','0','初始化数据','2026-03-17 10:31:18','2026-03-17 10:31:18'),('查询代码生成业务表列表',3,1,'module_generator:gencode:query',NULL,NULL,NULL,NULL,NULL,0,1,0,'查询代码生成业务表列表','null',0,27,112,'105b03a6-22ab-48b1-a427-884ac5d11858','0','查询代码生成业务表列表','2026-03-17 10:31:18','2026-03-17 10:31:18'),('创建表结构',3,2,'module_generator:gencode:create',NULL,NULL,NULL,NULL,NULL,0,1,0,'创建表结构','null',0,27,113,'dd9eddc9-75e2-4dfd-a02d-f20d8376da56','0','创建表结构','2026-03-17 10:31:18','2026-03-17 10:31:18'),('编辑业务表信息',3,3,'module_generator:gencode:update',NULL,NULL,NULL,NULL,NULL,0,1,0,'编辑业务表信息','null',0,27,114,'db428ff8-7255-4e62-bebd-59b25190f397','0','编辑业务表信息','2026-03-17 10:31:18','2026-03-17 10:31:18'),('删除业务表信息',3,4,'module_generator:gencode:delete',NULL,NULL,NULL,NULL,NULL,0,1,0,'删除业务表信息','null',0,27,115,'feec3339-4672-4cfd-8254-fe6a372440d9','0','删除业务表信息','2026-03-17 10:31:18','2026-03-17 10:31:18'),('导入表结构',3,5,'module_generator:gencode:import',NULL,NULL,NULL,NULL,NULL,0,1,0,'导入表结构','null',0,27,116,'e76df24e-1475-4f9a-8137-72b383c6bcbf','0','导入表结构','2026-03-17 10:31:18','2026-03-17 10:31:18'),('批量生成代码',3,6,'module_generator:gencode:operate',NULL,NULL,NULL,NULL,NULL,0,1,0,'批量生成代码','null',0,27,117,'a01d83b4-0c1d-4c7c-9284-890e07e4d5e5','0','批量生成代码','2026-03-17 10:31:18','2026-03-17 10:31:18'),('生成代码到指定路径',3,7,'module_generator:gencode:code',NULL,NULL,NULL,NULL,NULL,0,1,0,'生成代码到指定路径','null',0,27,118,'6aa8e89f-3c29-4d68-bca4-d7fde4a48b4d','0','生成代码到指定路径','2026-03-17 10:31:18','2026-03-17 10:31:18'),('查询数据库表列表',3,8,'module_generator:dblist:query',NULL,NULL,NULL,NULL,NULL,0,1,0,'查询数据库表列表','null',0,27,119,'4ded7c79-9037-43df-af3c-96c79c1b2889','0','查询数据库表列表','2026-03-17 10:31:18','2026-03-17 10:31:18'),('同步数据库',3,9,'module_generator:db:sync',NULL,NULL,NULL,NULL,NULL,0,1,0,'同步数据库','null',0,27,120,'82289370-6bf5-479a-b9a5-4b88cc01cae5','0','同步数据库','2026-03-17 10:31:18','2026-03-17 10:31:18'),('创建应用',3,1,'module_application:myapp:create',NULL,NULL,NULL,NULL,NULL,0,1,0,'创建应用','null',0,28,121,'dae76d9f-6690-4501-880b-51183e6deb4f','0','初始化数据','2026-03-17 10:31:18','2026-03-17 10:31:18'),('修改应用',3,2,'module_application:myapp:update',NULL,NULL,NULL,NULL,NULL,0,1,0,'修改应用','null',0,28,122,'aeabf794-cd5c-4139-90ee-6cd895a52a75','0','初始化数据','2026-03-17 10:31:18','2026-03-17 10:31:18'),('删除应用',3,3,'module_application:myapp:delete',NULL,NULL,NULL,NULL,NULL,0,1,0,'删除应用','null',0,28,123,'2089773f-4f2b-4b3f-b3a8-e40306e272bf','0','初始化数据','2026-03-17 10:31:18','2026-03-17 10:31:18'),('批量修改应用状态',3,4,'module_application:myapp:patch',NULL,NULL,NULL,NULL,NULL,0,1,0,'批量修改应用状态','null',0,28,124,'e71a69cf-adb5-4c9c-a1d2-8c65d65e6e54','0','初始化数据','2026-03-17 10:31:18','2026-03-17 10:31:18'),('详情应用',3,5,'module_application:myapp:detail',NULL,NULL,NULL,NULL,NULL,0,1,0,'详情应用','null',0,28,125,'7a31175e-96d2-43a4-994f-d7003a990ad1','0','初始化数据','2026-03-17 10:31:18','2026-03-17 10:31:18'),('查询应用',3,6,'module_application:myapp:query',NULL,NULL,NULL,NULL,NULL,0,1,0,'查询应用','null',0,28,126,'c3a4cc7e-9bb9-4df4-90c9-457c13ff09a5','0','初始化数据','2026-03-17 10:31:18','2026-03-17 10:31:18'),('AI对话',3,1,'module_ai:chat:ws',NULL,NULL,NULL,NULL,NULL,0,1,0,'AI对话','null',0,29,127,'ce7d3cc2-fff1-4852-8e67-85ddba64722b','0','AI对话','2026-03-17 10:31:18','2026-03-17 10:31:18'),('查询会话',3,2,'module_ai:chat:query',NULL,NULL,NULL,NULL,NULL,0,1,0,'查询会话','null',0,29,128,'e5e0faff-600e-43f6-8259-0724a57c9d24','0','查询会话','2026-03-17 10:31:18','2026-03-17 10:31:18'),('会话详情',3,3,'module_ai:chat:detail',NULL,NULL,NULL,NULL,NULL,0,1,0,'会话详情','null',0,29,129,'3c6701c0-78d2-4bf3-b0ae-4bbc5adb3254','0','会话详情','2026-03-17 10:31:18','2026-03-17 10:31:18'),('创建会话',3,4,'module_ai:chat:create',NULL,NULL,NULL,NULL,NULL,0,1,0,'创建会话','null',0,29,130,'ac08ea18-d88a-458a-bd92-c015e1ed5e08','0','创建会话','2026-03-17 10:31:18','2026-03-17 10:31:18'),('更新会话',3,5,'module_ai:chat:update',NULL,NULL,NULL,NULL,NULL,0,1,0,'更新会话','null',0,29,131,'5b1d8406-5eab-4a9f-a892-d1a06397a94a','0','更新会话','2026-03-17 10:31:18','2026-03-17 10:31:18'),('删除会话',3,6,'module_ai:chat:delete',NULL,NULL,NULL,NULL,NULL,0,1,0,'删除会话','null',0,29,132,'b00bbeec-3e36-4a1a-95bc-17de5632d81b','0','删除会话','2026-03-17 10:31:18','2026-03-17 10:31:18'),('查询会话记忆',3,1,'module_ai:chat:query',NULL,NULL,NULL,NULL,NULL,0,1,0,'查询会话记忆','null',0,30,133,'552df985-0387-41ab-a726-1ed4da3cb965','0','查询会话记忆','2026-03-17 10:31:18','2026-03-17 10:31:18'),('会话记忆详情',3,2,'module_ai:chat:detail',NULL,NULL,NULL,NULL,NULL,0,1,0,'会话记忆详情','null',0,30,134,'a11943cd-c04e-4701-a4a8-b2d4b54fe9d1','0','会话记忆详情','2026-03-17 10:31:18','2026-03-17 10:31:18'),('删除会话记忆',3,3,'module_ai:chat:delete',NULL,NULL,NULL,NULL,NULL,0,1,0,'删除会话记忆','null',0,30,135,'0513f034-c722-48d6-86cc-eba2dbe606e7','0','删除会话记忆','2026-03-17 10:31:18','2026-03-17 10:31:18'),('查询调度器',3,1,'module_task:job:query',NULL,NULL,NULL,NULL,NULL,0,1,0,'查询调度器','null',0,31,136,'543ce9ac-d72c-476e-81ea-061b14ceacc4','0','查询调度器','2026-03-17 10:31:18','2026-03-17 10:31:18'),('控制调度器',3,2,'module_task:job:scheduler',NULL,NULL,NULL,NULL,NULL,0,1,0,'控制调度器','null',0,31,137,'87b41770-7307-4639-9547-5e3926e57d82','0','控制调度器','2026-03-17 10:31:18','2026-03-17 10:31:18'),('操作任务',3,3,'module_task:job:task',NULL,NULL,NULL,NULL,NULL,0,1,0,'操作任务','null',0,31,138,'70e815cc-07bd-45af-95c2-11378374ec75','0','操作任务','2026-03-17 10:31:18','2026-03-17 10:31:18'),('删除执行日志',3,4,'module_task:job:delete',NULL,NULL,NULL,NULL,NULL,0,1,0,'删除执行日志','null',0,31,139,'038ef36d-4773-419f-a919-17abbec69dcc','0','删除执行日志','2026-03-17 10:31:18','2026-03-17 10:31:18'),('详情执行日志',3,5,'module_task:job:detail',NULL,NULL,NULL,NULL,NULL,0,1,0,'详情执行日志','null',0,31,140,'cc43c396-ed2f-4339-b40b-789ca2aefc72','0','详情执行日志','2026-03-17 10:31:18','2026-03-17 10:31:18'),('创建节点',3,1,'module_task:node:create',NULL,NULL,NULL,NULL,NULL,0,1,0,'创建节点','null',0,32,141,'e3f50bff-d2f4-4a2e-b548-50c3e3c00be4','0','创建节点','2026-03-17 10:31:18','2026-03-17 10:31:18'),('调试节点',3,2,'module_task:node:execute',NULL,NULL,NULL,NULL,NULL,0,1,0,'调试节点','null',0,32,142,'770c38c0-74e1-465c-95a6-2877cb6f7c31','0','调试节点','2026-03-17 10:31:18','2026-03-17 10:31:18'),('修改节点',3,3,'module_task:node:update',NULL,NULL,NULL,NULL,NULL,0,1,0,'修改节点','null',0,32,143,'f98b38b9-33c5-4764-8308-24c411b5878b','0','修改节点','2026-03-17 10:31:18','2026-03-17 10:31:18'),('删除节点',3,4,'module_task:node:delete',NULL,NULL,NULL,NULL,NULL,0,1,0,'删除节点','null',0,32,144,'ba7f1f27-5f07-4a48-a91b-e453f922acf8','0','删除节点','2026-03-17 10:31:18','2026-03-17 10:31:18'),('详情节点',3,5,'module_task:node:detail',NULL,NULL,NULL,NULL,NULL,0,1,0,'详情节点','null',0,32,145,'feb37eaf-036d-4847-ae6e-b96c241262d8','0','详情节点','2026-03-17 10:31:18','2026-03-17 10:31:18'),('查询节点',3,6,'module_task:node:query',NULL,NULL,NULL,NULL,NULL,0,1,0,'查询节点','null',0,32,146,'b332d5d8-e3f4-412a-b9c2-6413734332c2','0','查询节点','2026-03-17 10:31:18','2026-03-17 10:31:18'),('创建示例',3,1,'module_example:demo:create',NULL,NULL,NULL,NULL,NULL,0,1,0,'创建示例','null',0,33,147,'f55b6e8d-29f0-4e84-b3c9-327479a6d8de','0','初始化数据','2026-03-17 10:31:18','2026-03-17 10:31:18'),('更新示例',3,2,'module_example:demo:update',NULL,NULL,NULL,NULL,NULL,0,1,0,'更新示例','null',0,33,148,'24d79c90-585a-4625-bf29-1539f9398b0e','0','初始化数据','2026-03-17 10:31:18','2026-03-17 10:31:18'),('删除示例',3,3,'module_example:demo:delete',NULL,NULL,NULL,NULL,NULL,0,1,0,'删除示例','null',0,33,149,'ba156447-29b9-4fbc-badb-a8e2f6bf7a5b','0','初始化数据','2026-03-17 10:31:18','2026-03-17 10:31:18'),('批量修改示例状态',3,4,'module_example:demo:patch',NULL,NULL,NULL,NULL,NULL,0,1,0,'批量修改示例状态','null',0,33,150,'2a40e645-db07-4335-a06c-835a2c6b4a2f','0','初始化数据','2026-03-17 10:31:18','2026-03-17 10:31:18'),('导出示例',3,5,'module_example:demo:export',NULL,NULL,NULL,NULL,NULL,0,1,0,'导出示例','null',0,33,151,'703e377e-c7b0-44ca-9a88-89c8777afea8','0','初始化数据','2026-03-17 10:31:18','2026-03-17 10:31:18'),('导入示例',3,6,'module_example:demo:import',NULL,NULL,NULL,NULL,NULL,0,1,0,'导入示例','null',0,33,152,'42eb9882-ea99-4904-bfb3-9c82179ce303','0','初始化数据','2026-03-17 10:31:18','2026-03-17 10:31:18'),('下载导入示例模版',3,7,'module_example:demo:download',NULL,NULL,NULL,NULL,NULL,0,1,0,'下载导入示例模版','null',0,33,153,'e667943b-1832-45aa-8844-7de1e3403c2c','0','初始化数据','2026-03-17 10:31:18','2026-03-17 10:31:18'),('详情示例',3,8,'module_example:demo:detail',NULL,NULL,NULL,NULL,NULL,0,1,0,'详情示例','null',0,33,154,'1bfc3053-87d3-4f47-998f-4442441b9bc4','0','初始化数据','2026-03-17 10:31:18','2026-03-17 10:31:18'),('查询示例',3,9,'module_example:demo:query',NULL,NULL,NULL,NULL,NULL,0,1,0,'查询示例','null',0,33,155,'cf8a5d2b-cc31-490e-89bf-6bb4b091fd6d','0','初始化数据','2026-03-17 10:31:18','2026-03-17 10:31:18'),('数据管理',1,10,NULL,'el-icon-Briefcase','Data','/data',NULL,NULL,0,0,0,'数据管理','[]',0,NULL,156,'5d429de9-0298-466d-bac2-6e3b9663887d','0',NULL,'2026-03-17 15:21:11','2026-03-18 08:58:50'),('项目清单',2,1,'module_data:project:query','el-icon-Box','Project','/data/project','module_data/project/index',NULL,0,0,0,'项目清单','[]',0,156,157,'5120a0b9-745f-44b4-9893-64d5c83bb65b','0',NULL,'2026-03-17 15:31:00','2026-03-18 08:57:29'),('BOM清单',2,2,'module_data:bom:query','el-icon-Document','Bom','/data/bom','module_data/bom/index',NULL,0,0,0,'BOM清单','[]',0,156,158,'ae97c8f1-3447-42bf-ac96-d2e85c612cdd','0',NULL,'2026-03-17 15:33:59','2026-03-18 08:57:52'),('文件导入',2,3,'module_data:file:create','el-icon-DocumentChecked','File','/data/file','module_data/file/index',NULL,0,0,0,'文件导入','[]',0,156,159,'141080ba-2bd1-40e5-ba16-98a31b08a47a','0',NULL,'2026-03-17 15:46:31','2026-03-18 08:58:50'),('生产管理',1,20,NULL,'el-icon-Menu','Produce','/produce',NULL,NULL,0,0,0,'生产管理','[]',0,NULL,160,'2f15a48b-22a3-4d16-a13f-e32667d097cd','0',NULL,'2026-03-21 10:20:32','2026-04-07 14:05:08'),('工单管理',2,1,'module_produce:order:query','el-icon-Memo','Order','/produce/order','module_produce/order/index',NULL,0,0,0,'工单管理','[]',0,160,161,'543e4d0f-eca9-4126-bdbc-f5190ed1e845','0',NULL,'2026-03-21 10:22:26','2026-03-21 10:22:26'),('工艺管理',2,2,'module_produce:craft:query','el-icon-Chicken','Craft','/produce/carft','module_produce/craft/index',NULL,0,0,0,'工艺管理','[]',0,160,162,'7b1b3424-f5d4-4b33-949e-14108c02a39a','0',NULL,'2026-03-21 13:57:28','2026-03-21 14:26:30'),('工艺路线',2,3,'module_produce:craft:query','el-icon-AddLocation','Craftroute','/produce/craftroute','module_produce/craftroute/index',NULL,0,0,0,'工艺路线','[]',0,160,163,'c955a625-983d-473b-b15b-0f96530e9020','0',NULL,'2026-03-21 14:02:12','2026-03-21 14:55:36'),('工时管理',2,5,'module_produce:bommanhour:query','el-icon-Clock','Bommanhour','/produce/bommanhour','module_produce/bommanhour/index',NULL,0,0,0,'工时管理','[]',0,160,164,'cbf6bebd-caae-4b07-bd80-317b89a18442','0',NULL,'2026-03-21 14:05:06','2026-04-07 14:05:08'),('工艺规划',2,4,'module_produce:craft:query','el-icon-Connection','Bomroute','/produce/bomroute','module_produce/bomroute/index',NULL,0,0,0,'工艺规划','[]',0,160,165,'e8d578ff-65a3-4139-8b3a-4b386b07380c','0',NULL,'2026-03-23 11:41:35','2026-03-23 14:58:33');
/*!40000 ALTER TABLE `sys_menu` ENABLE KEYS */;

--
-- Table structure for table `sys_notice`
--

DROP TABLE IF EXISTS `sys_notice`;
/*!40101 SET @saved_cs_client     = @@character_set_client */;
/*!50503 SET character_set_client = utf8mb4 */;
CREATE TABLE `sys_notice` (
  `notice_title` varchar(64) COLLATE utf8mb4_unicode_ci NOT NULL COMMENT '公告标题',
  `notice_type` varchar(1) COLLATE utf8mb4_unicode_ci NOT NULL COMMENT '公告类型(1通知 2公告)',
  `notice_content` text COLLATE utf8mb4_unicode_ci COMMENT '公告内容',
  `id` int NOT NULL AUTO_INCREMENT COMMENT '主键ID',
  `uuid` varchar(64) COLLATE utf8mb4_unicode_ci NOT NULL COMMENT 'UUID全局唯一标识',
  `status` varchar(10) COLLATE utf8mb4_unicode_ci NOT NULL COMMENT '是否启用(0:启用 1:禁用)',
  `description` text COLLATE utf8mb4_unicode_ci COMMENT '备注/描述',
  `created_time` datetime NOT NULL COMMENT '创建时间',
  `updated_time` datetime NOT NULL COMMENT '更新时间',
  `created_id` int DEFAULT NULL COMMENT '创建人ID',
  `updated_id` int DEFAULT NULL COMMENT '更新人ID',
  PRIMARY KEY (`id`),
  UNIQUE KEY `ix_sys_notice_uuid` (`uuid`),
  KEY `ix_sys_notice_updated_time` (`updated_time`),
  KEY `ix_sys_notice_id` (`id`),
  KEY `ix_sys_notice_created_id` (`created_id`),
  KEY `ix_sys_notice_status` (`status`),
  KEY `ix_sys_notice_created_time` (`created_time`),
  KEY `ix_sys_notice_updated_id` (`updated_id`),
  CONSTRAINT `sys_notice_ibfk_1` FOREIGN KEY (`created_id`) REFERENCES `sys_user` (`id`) ON DELETE SET NULL ON UPDATE CASCADE,
  CONSTRAINT `sys_notice_ibfk_2` FOREIGN KEY (`updated_id`) REFERENCES `sys_user` (`id`) ON DELETE SET NULL ON UPDATE CASCADE
) ENGINE=InnoDB DEFAULT CHARSET=utf8mb4 COLLATE=utf8mb4_unicode_ci COMMENT='通知公告表';
/*!40101 SET character_set_client = @saved_cs_client */;

--
-- Dumping data for table `sys_notice`
--

/*!40000 ALTER TABLE `sys_notice` DISABLE KEYS */;
/*!40000 ALTER TABLE `sys_notice` ENABLE KEYS */;

--
-- Table structure for table `sys_param`
--

DROP TABLE IF EXISTS `sys_param`;
/*!40101 SET @saved_cs_client     = @@character_set_client */;
/*!50503 SET character_set_client = utf8mb4 */;
CREATE TABLE `sys_param` (
  `config_name` varchar(64) COLLATE utf8mb4_unicode_ci NOT NULL COMMENT '参数名称',
  `config_key` varchar(500) COLLATE utf8mb4_unicode_ci NOT NULL COMMENT '参数键名',
  `config_value` varchar(500) COLLATE utf8mb4_unicode_ci DEFAULT NULL COMMENT '参数键值',
  `config_type` tinyint(1) DEFAULT NULL COMMENT '系统内置(True:是 False:否)',
  `id` int NOT NULL AUTO_INCREMENT COMMENT '主键ID',
  `uuid` varchar(64) COLLATE utf8mb4_unicode_ci NOT NULL COMMENT 'UUID全局唯一标识',
  `status` varchar(10) COLLATE utf8mb4_unicode_ci NOT NULL COMMENT '是否启用(0:启用 1:禁用)',
  `description` text COLLATE utf8mb4_unicode_ci COMMENT '备注/描述',
  `created_time` datetime NOT NULL COMMENT '创建时间',
  `updated_time` datetime NOT NULL COMMENT '更新时间',
  PRIMARY KEY (`id`),
  UNIQUE KEY `ix_sys_param_uuid` (`uuid`),
  KEY `ix_sys_param_status` (`status`),
  KEY `ix_sys_param_updated_time` (`updated_time`),
  KEY `ix_sys_param_id` (`id`),
  KEY `ix_sys_param_created_time` (`created_time`)
) ENGINE=InnoDB AUTO_INCREMENT=18 DEFAULT CHARSET=utf8mb4 COLLATE=utf8mb4_unicode_ci COMMENT='系统参数表';
/*!40101 SET character_set_client = @saved_cs_client */;

--
-- Dumping data for table `sys_param`
--

/*!40000 ALTER TABLE `sys_param` DISABLE KEYS */;
INSERT INTO `sys_param` VALUES ('网站名称','sys_web_title','FastApiAdmin',1,1,'29345dea-177e-4634-a90a-72cb33ed6891','0','初始化数据','2026-03-17 10:31:18','2026-03-17 10:31:18'),('网站描述','sys_web_description','FastApiAdmin 是完全开源的权限管理系统',1,2,'2fd29e09-2258-482c-ad23-bda3120360cf','0','初始化数据','2026-03-17 10:31:18','2026-03-17 10:31:18'),('网页图标','sys_web_favicon','https://service.fastapiadmin.com/api/v1/static/image/favicon.png',1,3,'36851a0d-b7eb-4216-93df-a5761ad89af0','0','初始化数据','2026-03-17 10:31:18','2026-03-17 10:31:18'),('网站Logo','sys_web_logo','https://service.fastapiadmin.com/api/v1/static/image/logo.png',1,4,'9561c755-a429-4764-b9ef-12fb90a65b24','0','初始化数据','2026-03-17 10:31:18','2026-03-17 10:31:18'),('登录背景','sys_login_background','https://service.fastapiadmin.com/api/v1/static/image/background.svg',1,5,'75c16099-dd8c-4315-8dde-4c2ffcdc6e6f','0','初始化数据','2026-03-17 10:31:18','2026-03-17 10:31:18'),('版权信息','sys_web_copyright','Copyright © 2025-2026 service.fastapiadmin.com 版权所有',1,6,'6b27853f-2047-44eb-be28-6239151e0907','0','初始化数据','2026-03-17 10:31:18','2026-03-17 10:31:18'),('备案信息','sys_keep_record','陕ICP备2025069493号-1',1,7,'6ae4da80-956f-4fd9-9706-df0adf817ee0','0','初始化数据','2026-03-17 10:31:18','2026-03-17 10:31:18'),('帮助文档','sys_help_doc','https://service.fastapiadmin.com',1,8,'92ca7eda-0b4b-4c65-b58d-9ded079e1996','0','初始化数据','2026-03-17 10:31:18','2026-03-17 10:31:18'),('隐私政策','sys_web_privacy','https://github.com/fastapiadmin/FastapiAdmin/blob/master/LICENSE',1,9,'f877e73e-ae79-4661-a425-54172c5d539a','0','初始化数据','2026-03-17 10:31:18','2026-03-17 10:31:18'),('用户协议','sys_web_clause','https://github.com/fastapiadmin/FastapiAdmin/blob/master/LICENSE',1,10,'25575848-d4a2-47ef-9598-cc19798b91d3','0','初始化数据','2026-03-17 10:31:18','2026-03-17 10:31:18'),('源码代码','sys_git_code','https://github.com/fastapiadmin/FastapiAdmin.git',1,11,'7a5abf3e-ba34-4886-b7ce-173f884393f8','0','初始化数据','2026-03-17 10:31:18','2026-03-17 10:31:18'),('项目版本','sys_web_version','2.0.0',1,12,'fa02f093-a6cc-4c61-b374-a6638b50bacd','0','初始化数据','2026-03-17 10:31:18','2026-03-17 10:31:18'),('演示模式启用','demo_enable','false',1,13,'8716c756-fd1d-46a7-9dcf-54ba4c062efd','0','初始化数据','2026-03-17 10:31:18','2026-03-17 10:31:18'),('演示访问IP白名单','ip_white_list','[\"127.0.0.1\"]',1,14,'1f0c9531-52ba-4d5a-8806-b13c64404c6c','0','初始化数据','2026-03-17 10:31:18','2026-03-17 10:31:18'),('接口白名单','white_api_list_path','[\"/api/v1/system/auth/login\", \"/api/v1/system/auth/token/refresh\", \"/api/v1/system/auth/captcha/get\", \"/api/v1/system/auth/logout\", \"/api/v1/system/config/info\", \"/api/v1/system/user/current/info\", \"/api/v1/system/notice/available\", \"/api/v1/system/auth/auto-login/users\", \"/api/v1/system/auth/auto-login/token\", \"/api/v1/system/auth/auto-login\"]',1,15,'dcfc1f97-2626-4ed7-a470-3640594a18da','0','初始化数据','2026-03-17 10:31:18','2026-03-17 10:31:18'),('访问IP黑名单','ip_black_list','[]',1,16,'a52b02b6-b15e-4af7-a623-99fa33ca6a6a','0','初始化数据','2026-03-17 10:31:18','2026-03-17 10:31:18'),('调度器状态','scheduler_status','stopped',1,17,'f009176e-372c-446c-9fb1-7a60e8545a84','0',NULL,'2026-03-18 09:09:27','2026-03-18 09:09:27');
/*!40000 ALTER TABLE `sys_param` ENABLE KEYS */;

--
-- Table structure for table `sys_position`
--

DROP TABLE IF EXISTS `sys_position`;
/*!40101 SET @saved_cs_client     = @@character_set_client */;
/*!50503 SET character_set_client = utf8mb4 */;
CREATE TABLE `sys_position` (
  `name` varchar(64) COLLATE utf8mb4_unicode_ci NOT NULL COMMENT '岗位名称',
  `order` int NOT NULL COMMENT '显示排序',
  `id` int NOT NULL AUTO_INCREMENT COMMENT '主键ID',
  `uuid` varchar(64) COLLATE utf8mb4_unicode_ci NOT NULL COMMENT 'UUID全局唯一标识',
  `status` varchar(10) COLLATE utf8mb4_unicode_ci NOT NULL COMMENT '是否启用(0:启用 1:禁用)',
  `description` text COLLATE utf8mb4_unicode_ci COMMENT '备注/描述',
  `created_time` datetime NOT NULL COMMENT '创建时间',
  `updated_time` datetime NOT NULL COMMENT '更新时间',
  `created_id` int DEFAULT NULL COMMENT '创建人ID',
  `updated_id` int DEFAULT NULL COMMENT '更新人ID',
  PRIMARY KEY (`id`),
  UNIQUE KEY `ix_sys_position_uuid` (`uuid`),
  KEY `ix_sys_position_id` (`id`),
  KEY `ix_sys_position_status` (`status`),
  KEY `ix_sys_position_updated_id` (`updated_id`),
  KEY `ix_sys_position_created_id` (`created_id`),
  KEY `ix_sys_position_created_time` (`created_time`),
  KEY `ix_sys_position_updated_time` (`updated_time`),
  CONSTRAINT `sys_position_ibfk_1` FOREIGN KEY (`created_id`) REFERENCES `sys_user` (`id`) ON DELETE SET NULL ON UPDATE CASCADE,
  CONSTRAINT `sys_position_ibfk_2` FOREIGN KEY (`updated_id`) REFERENCES `sys_user` (`id`) ON DELETE SET NULL ON UPDATE CASCADE
) ENGINE=InnoDB AUTO_INCREMENT=9 DEFAULT CHARSET=utf8mb4 COLLATE=utf8mb4_unicode_ci COMMENT='岗位表';
/*!40101 SET character_set_client = @saved_cs_client */;

--
-- Dumping data for table `sys_position`
--

/*!40000 ALTER TABLE `sys_position` DISABLE KEYS */;
INSERT INTO `sys_position` VALUES ('审计师',2,1,'0d6b4505-a2ad-4d86-bfc0-83d9a0dd8090','0','设计图纸及表格数据的审计、存储、管理','2026-04-10 10:32:20','2026-04-10 10:33:53',1,1),('工艺师',1,2,'cb0e6aa1-5048-429a-8bb1-f49da836f3ef','0','工艺路线选择及工艺工时核算','2026-04-10 10:33:36','2026-04-10 10:33:36',1,1),('生产经理',3,3,'caf82eef-7327-43e9-ae98-7f59e11625d1','0','安排生产任务、创建工单','2026-04-10 10:35:16','2026-04-10 11:01:50',1,1),('下料班长',4,4,'f5421f35-60cd-4529-b2a4-44f672b9f20f','0',NULL,'2026-04-10 10:53:30','2026-04-10 10:53:30',1,1),('铆焊班长',5,5,'bb192c63-81e4-42f7-bec1-f502b894e593','0',NULL,'2026-04-10 10:53:46','2026-04-10 10:53:46',1,1),('机加班长',6,6,'66860183-eb3c-42bc-87a5-d924001432ed','0',NULL,'2026-04-10 10:54:05','2026-04-10 10:54:05',1,1),('喷漆班长',7,7,'5d04ed13-52fd-4a98-b852-2ce2c8591e95','0',NULL,'2026-04-10 10:54:43','2026-04-10 10:54:43',1,1),('装配班长',8,8,'b11ab3a8-2267-43e9-8762-3f7eba28adaf','0',NULL,'2026-04-10 10:54:56','2026-04-10 10:54:56',1,1);
/*!40000 ALTER TABLE `sys_position` ENABLE KEYS */;

--
-- Table structure for table `sys_role`
--

DROP TABLE IF EXISTS `sys_role`;
/*!40101 SET @saved_cs_client     = @@character_set_client */;
/*!50503 SET character_set_client = utf8mb4 */;
CREATE TABLE `sys_role` (
  `name` varchar(64) COLLATE utf8mb4_unicode_ci NOT NULL COMMENT '角色名称',
  `code` varchar(16) COLLATE utf8mb4_unicode_ci DEFAULT NULL COMMENT '角色编码',
  `order` int NOT NULL COMMENT '显示排序',
  `data_scope` int NOT NULL COMMENT '数据权限范围(1:仅本人 2:本部门 3:本部门及以下 4:全部 5:自定义)',
  `id` int NOT NULL AUTO_INCREMENT COMMENT '主键ID',
  `uuid` varchar(64) COLLATE utf8mb4_unicode_ci NOT NULL COMMENT 'UUID全局唯一标识',
  `status` varchar(10) COLLATE utf8mb4_unicode_ci NOT NULL COMMENT '是否启用(0:启用 1:禁用)',
  `description` text COLLATE utf8mb4_unicode_ci COMMENT '备注/描述',
  `created_time` datetime NOT NULL COMMENT '创建时间',
  `updated_time` datetime NOT NULL COMMENT '更新时间',
  PRIMARY KEY (`id`),
  UNIQUE KEY `ix_sys_role_uuid` (`uuid`),
  KEY `ix_sys_role_updated_time` (`updated_time`),
  KEY `ix_sys_role_status` (`status`),
  KEY `ix_sys_role_code` (`code`),
  KEY `ix_sys_role_id` (`id`),
  KEY `ix_sys_role_created_time` (`created_time`)
) ENGINE=InnoDB AUTO_INCREMENT=7 DEFAULT CHARSET=utf8mb4 COLLATE=utf8mb4_unicode_ci COMMENT='角色表';
/*!40101 SET character_set_client = @saved_cs_client */;

--
-- Dumping data for table `sys_role`
--

/*!40000 ALTER TABLE `sys_role` DISABLE KEYS */;
INSERT INTO `sys_role` VALUES ('管理员角色','ADMIN',1,4,1,'f306770d-009b-4d80-af6b-a678259e9c81','0','初始化角色','2026-03-17 10:31:18','2026-03-17 10:31:18'),('数据管理员','DATA',2,1,2,'9eb40639-e062-47fb-a387-1a9cb29dc44a','0',NULL,'2026-04-10 14:22:57','2026-04-10 14:30:21'),('文件管理员','FILE',3,1,3,'e26405b0-9715-4cbb-b918-d9339459f616','0',NULL,'2026-04-10 14:23:25','2026-04-10 14:29:55'),('工艺管理员','CRAFT',4,1,4,'b13eb2d8-be80-4634-91b1-8b001f44280c','0',NULL,'2026-04-10 14:25:39','2026-04-10 14:29:18'),('工时管理员','MANHOUR',5,1,5,'9a612b88-6f0d-4d3a-9a2f-cdca6ba89948','0',NULL,'2026-04-10 14:26:40','2026-04-10 14:29:42'),('生产调度员','ORDER',6,1,6,'73ec8035-fcb8-4299-a7a6-6ea148ec4879','0',NULL,'2026-04-10 14:28:12','2026-04-10 14:28:43');
/*!40000 ALTER TABLE `sys_role` ENABLE KEYS */;

--
-- Table structure for table `sys_role_depts`
--

DROP TABLE IF EXISTS `sys_role_depts`;
/*!40101 SET @saved_cs_client     = @@character_set_client */;
/*!50503 SET character_set_client = utf8mb4 */;
CREATE TABLE `sys_role_depts` (
  `role_id` int NOT NULL COMMENT '角色ID',
  `dept_id` int NOT NULL COMMENT '部门ID',
  PRIMARY KEY (`role_id`,`dept_id`),
  KEY `dept_id` (`dept_id`),
  CONSTRAINT `sys_role_depts_ibfk_1` FOREIGN KEY (`role_id`) REFERENCES `sys_role` (`id`) ON DELETE CASCADE ON UPDATE CASCADE,
  CONSTRAINT `sys_role_depts_ibfk_2` FOREIGN KEY (`dept_id`) REFERENCES `sys_dept` (`id`) ON DELETE CASCADE ON UPDATE CASCADE
) ENGINE=InnoDB DEFAULT CHARSET=utf8mb4 COLLATE=utf8mb4_unicode_ci COMMENT='角色部门关联表';
/*!40101 SET character_set_client = @saved_cs_client */;

--
-- Dumping data for table `sys_role_depts`
--

/*!40000 ALTER TABLE `sys_role_depts` DISABLE KEYS */;
INSERT INTO `sys_role_depts` VALUES (2,1),(3,1),(4,1),(5,1),(6,1),(2,2),(3,2),(4,2),(5,2),(6,2);
/*!40000 ALTER TABLE `sys_role_depts` ENABLE KEYS */;

--
-- Table structure for table `sys_role_menus`
--

DROP TABLE IF EXISTS `sys_role_menus`;
/*!40101 SET @saved_cs_client     = @@character_set_client */;
/*!50503 SET character_set_client = utf8mb4 */;
CREATE TABLE `sys_role_menus` (
  `role_id` int NOT NULL COMMENT '角色ID',
  `menu_id` int NOT NULL COMMENT '菜单ID',
  PRIMARY KEY (`role_id`,`menu_id`),
  KEY `menu_id` (`menu_id`),
  CONSTRAINT `sys_role_menus_ibfk_1` FOREIGN KEY (`role_id`) REFERENCES `sys_role` (`id`) ON DELETE CASCADE ON UPDATE CASCADE,
  CONSTRAINT `sys_role_menus_ibfk_2` FOREIGN KEY (`menu_id`) REFERENCES `sys_menu` (`id`) ON DELETE CASCADE ON UPDATE CASCADE
) ENGINE=InnoDB DEFAULT CHARSET=utf8mb4 COLLATE=utf8mb4_unicode_ci COMMENT='角色菜单关联表';
/*!40101 SET character_set_client = @saved_cs_client */;

--
-- Dumping data for table `sys_role_menus`
--

/*!40000 ALTER TABLE `sys_role_menus` DISABLE KEYS */;
INSERT INTO `sys_role_menus` VALUES (2,157),(2,158),(3,159),(6,161),(4,162),(5,162),(4,163),(5,163),(5,164),(4,165);
/*!40000 ALTER TABLE `sys_role_menus` ENABLE KEYS */;

--
-- Table structure for table `sys_user`
--

DROP TABLE IF EXISTS `sys_user`;
/*!40101 SET @saved_cs_client     = @@character_set_client */;
/*!50503 SET character_set_client = utf8mb4 */;
CREATE TABLE `sys_user` (
  `username` varchar(64) COLLATE utf8mb4_unicode_ci NOT NULL COMMENT '用户名/登录账号',
  `password` varchar(255) COLLATE utf8mb4_unicode_ci NOT NULL COMMENT '密码哈希',
  `name` varchar(32) COLLATE utf8mb4_unicode_ci NOT NULL COMMENT '昵称',
  `mobile` varchar(11) COLLATE utf8mb4_unicode_ci DEFAULT NULL COMMENT '手机号',
  `email` varchar(64) COLLATE utf8mb4_unicode_ci DEFAULT NULL COMMENT '邮箱',
  `gender` varchar(1) COLLATE utf8mb4_unicode_ci DEFAULT NULL COMMENT '性别(0:男 1:女 2:未知)',
  `avatar` varchar(255) COLLATE utf8mb4_unicode_ci DEFAULT NULL COMMENT '头像URL地址',
  `is_superuser` tinyint(1) NOT NULL COMMENT '是否超管',
  `last_login` datetime DEFAULT NULL COMMENT '最后登录时间',
  `gitee_login` varchar(32) COLLATE utf8mb4_unicode_ci DEFAULT NULL COMMENT 'Gitee登录',
  `github_login` varchar(32) COLLATE utf8mb4_unicode_ci DEFAULT NULL COMMENT 'Github登录',
  `wx_login` varchar(32) COLLATE utf8mb4_unicode_ci DEFAULT NULL COMMENT '微信登录',
  `qq_login` varchar(32) COLLATE utf8mb4_unicode_ci DEFAULT NULL COMMENT 'QQ登录',
  `dept_id` int DEFAULT NULL COMMENT '部门ID',
  `id` int NOT NULL AUTO_INCREMENT COMMENT '主键ID',
  `uuid` varchar(64) COLLATE utf8mb4_unicode_ci NOT NULL COMMENT 'UUID全局唯一标识',
  `status` varchar(10) COLLATE utf8mb4_unicode_ci NOT NULL COMMENT '是否启用(0:启用 1:禁用)',
  `description` text COLLATE utf8mb4_unicode_ci COMMENT '备注/描述',
  `created_time` datetime NOT NULL COMMENT '创建时间',
  `updated_time` datetime NOT NULL COMMENT '更新时间',
  `created_id` int DEFAULT NULL COMMENT '创建人ID',
  `updated_id` int DEFAULT NULL COMMENT '更新人ID',
  PRIMARY KEY (`id`),
  UNIQUE KEY `username` (`username`),
  UNIQUE KEY `ix_sys_user_uuid` (`uuid`),
  UNIQUE KEY `mobile` (`mobile`),
  UNIQUE KEY `email` (`email`),
  KEY `ix_sys_user_updated_time` (`updated_time`),
  KEY `ix_sys_user_updated_id` (`updated_id`),
  KEY `ix_sys_user_id` (`id`),
  KEY `ix_sys_user_created_time` (`created_time`),
  KEY `ix_sys_user_status` (`status`),
  KEY `ix_sys_user_dept_id` (`dept_id`),
  KEY `ix_sys_user_created_id` (`created_id`),
  CONSTRAINT `sys_user_ibfk_1` FOREIGN KEY (`dept_id`) REFERENCES `sys_dept` (`id`) ON DELETE SET NULL ON UPDATE CASCADE,
  CONSTRAINT `sys_user_ibfk_2` FOREIGN KEY (`created_id`) REFERENCES `sys_user` (`id`) ON DELETE SET NULL ON UPDATE CASCADE,
  CONSTRAINT `sys_user_ibfk_3` FOREIGN KEY (`updated_id`) REFERENCES `sys_user` (`id`) ON DELETE SET NULL ON UPDATE CASCADE
) ENGINE=InnoDB AUTO_INCREMENT=2 DEFAULT CHARSET=utf8mb4 COLLATE=utf8mb4_unicode_ci COMMENT='用户表';
/*!40101 SET character_set_client = @saved_cs_client */;

--
-- Dumping data for table `sys_user`
--

/*!40000 ALTER TABLE `sys_user` DISABLE KEYS */;
INSERT INTO `sys_user` VALUES ('admin','$2b$12$e2IJgS/cvHgJ0H3G7Xa08OXoXnk6N/NX3IZRtubBDElA0VLZhkNOa','超级管理员',NULL,NULL,'0','https://service.fastapiadmin.com/api/v1/static/image/avatar.png',1,'2026-04-10 14:21:04',NULL,NULL,NULL,NULL,1,1,'24f4d172-587a-47f5-9ae3-916dfd8235c6','0','超级管理员','2026-03-17 10:31:19','2026-04-10 14:21:04',NULL,NULL);
/*!40000 ALTER TABLE `sys_user` ENABLE KEYS */;

--
-- Table structure for table `sys_user_positions`
--

DROP TABLE IF EXISTS `sys_user_positions`;
/*!40101 SET @saved_cs_client     = @@character_set_client */;
/*!50503 SET character_set_client = utf8mb4 */;
CREATE TABLE `sys_user_positions` (
  `user_id` int NOT NULL COMMENT '用户ID',
  `position_id` int NOT NULL COMMENT '岗位ID',
  PRIMARY KEY (`user_id`,`position_id`),
  KEY `position_id` (`position_id`),
  CONSTRAINT `sys_user_positions_ibfk_1` FOREIGN KEY (`user_id`) REFERENCES `sys_user` (`id`) ON DELETE CASCADE ON UPDATE CASCADE,
  CONSTRAINT `sys_user_positions_ibfk_2` FOREIGN KEY (`position_id`) REFERENCES `sys_position` (`id`) ON DELETE CASCADE ON UPDATE CASCADE
) ENGINE=InnoDB DEFAULT CHARSET=utf8mb4 COLLATE=utf8mb4_unicode_ci COMMENT='用户岗位关联表';
/*!40101 SET character_set_client = @saved_cs_client */;

--
-- Dumping data for table `sys_user_positions`
--

/*!40000 ALTER TABLE `sys_user_positions` DISABLE KEYS */;
/*!40000 ALTER TABLE `sys_user_positions` ENABLE KEYS */;

--
-- Table structure for table `sys_user_roles`
--

DROP TABLE IF EXISTS `sys_user_roles`;
/*!40101 SET @saved_cs_client     = @@character_set_client */;
/*!50503 SET character_set_client = utf8mb4 */;
CREATE TABLE `sys_user_roles` (
  `user_id` int NOT NULL COMMENT '用户ID',
  `role_id` int NOT NULL COMMENT '角色ID',
  PRIMARY KEY (`user_id`,`role_id`),
  KEY `role_id` (`role_id`),
  CONSTRAINT `sys_user_roles_ibfk_1` FOREIGN KEY (`user_id`) REFERENCES `sys_user` (`id`) ON DELETE CASCADE ON UPDATE CASCADE,
  CONSTRAINT `sys_user_roles_ibfk_2` FOREIGN KEY (`role_id`) REFERENCES `sys_role` (`id`) ON DELETE CASCADE ON UPDATE CASCADE
) ENGINE=InnoDB DEFAULT CHARSET=utf8mb4 COLLATE=utf8mb4_unicode_ci COMMENT='用户角色关联表';
/*!40101 SET character_set_client = @saved_cs_client */;

--
-- Dumping data for table `sys_user_roles`
--

/*!40000 ALTER TABLE `sys_user_roles` DISABLE KEYS */;
INSERT INTO `sys_user_roles` VALUES (1,1);
/*!40000 ALTER TABLE `sys_user_roles` ENABLE KEYS */;

--
-- Table structure for table `task_job`
--

DROP TABLE IF EXISTS `task_job`;
/*!40101 SET @saved_cs_client     = @@character_set_client */;
/*!50503 SET character_set_client = utf8mb4 */;
CREATE TABLE `task_job` (
  `job_id` varchar(64) COLLATE utf8mb4_unicode_ci NOT NULL COMMENT '任务ID',
  `job_name` varchar(128) COLLATE utf8mb4_unicode_ci DEFAULT NULL COMMENT '任务名称',
  `trigger_type` varchar(32) COLLATE utf8mb4_unicode_ci DEFAULT NULL COMMENT '触发方式: cron/interval/date/manual',
  `status` varchar(16) COLLATE utf8mb4_unicode_ci NOT NULL COMMENT '执行状态',
  `next_run_time` varchar(64) COLLATE utf8mb4_unicode_ci DEFAULT NULL COMMENT '下次执行时间',
  `job_state` text COLLATE utf8mb4_unicode_ci COMMENT '任务状态信息',
  `result` text COLLATE utf8mb4_unicode_ci COMMENT '执行结果',
  `error` text COLLATE utf8mb4_unicode_ci COMMENT '错误信息',
  `id` int NOT NULL AUTO_INCREMENT COMMENT '主键ID',
  `uuid` varchar(64) COLLATE utf8mb4_unicode_ci NOT NULL COMMENT 'UUID全局唯一标识',
  `description` text COLLATE utf8mb4_unicode_ci COMMENT '备注/描述',
  `created_time` datetime NOT NULL COMMENT '创建时间',
  `updated_time` datetime NOT NULL COMMENT '更新时间',
  PRIMARY KEY (`id`),
  UNIQUE KEY `ix_task_job_uuid` (`uuid`),
  KEY `ix_task_job_updated_time` (`updated_time`),
  KEY `ix_task_job_id` (`id`),
  KEY `ix_task_job_created_time` (`created_time`),
  KEY `ix_task_job_job_id` (`job_id`)
) ENGINE=InnoDB DEFAULT CHARSET=utf8mb4 COLLATE=utf8mb4_unicode_ci COMMENT='任务执行日志表';
/*!40101 SET character_set_client = @saved_cs_client */;

--
-- Dumping data for table `task_job`
--

/*!40000 ALTER TABLE `task_job` DISABLE KEYS */;
/*!40000 ALTER TABLE `task_job` ENABLE KEYS */;

--
-- Table structure for table `task_node`
--

DROP TABLE IF EXISTS `task_node`;
/*!40101 SET @saved_cs_client     = @@character_set_client */;
/*!50503 SET character_set_client = utf8mb4 */;
CREATE TABLE `task_node` (
  `name` varchar(64) COLLATE utf8mb4_unicode_ci NOT NULL COMMENT '节点名称',
  `code` varchar(32) COLLATE utf8mb4_unicode_ci NOT NULL COMMENT '节点编码',
  `jobstore` varchar(64) COLLATE utf8mb4_unicode_ci DEFAULT NULL COMMENT '存储器',
  `executor` varchar(64) COLLATE utf8mb4_unicode_ci DEFAULT NULL COMMENT '执行器',
  `trigger` varchar(64) COLLATE utf8mb4_unicode_ci DEFAULT NULL COMMENT '触发器',
  `trigger_args` text COLLATE utf8mb4_unicode_ci COMMENT '触发器参数',
  `func` text COLLATE utf8mb4_unicode_ci COMMENT '代码块',
  `args` text COLLATE utf8mb4_unicode_ci COMMENT '位置参数',
  `kwargs` text COLLATE utf8mb4_unicode_ci COMMENT '关键字参数',
  `coalesce` tinyint(1) DEFAULT NULL COMMENT '是否合并运行',
  `max_instances` int DEFAULT NULL COMMENT '最大实例数',
  `start_date` varchar(64) COLLATE utf8mb4_unicode_ci DEFAULT NULL COMMENT '开始时间',
  `end_date` varchar(64) COLLATE utf8mb4_unicode_ci DEFAULT NULL COMMENT '结束时间',
  `id` int NOT NULL AUTO_INCREMENT COMMENT '主键ID',
  `uuid` varchar(64) COLLATE utf8mb4_unicode_ci NOT NULL COMMENT 'UUID全局唯一标识',
  `status` varchar(10) COLLATE utf8mb4_unicode_ci NOT NULL COMMENT '是否启用(0:启用 1:禁用)',
  `description` text COLLATE utf8mb4_unicode_ci COMMENT '备注/描述',
  `created_time` datetime NOT NULL COMMENT '创建时间',
  `updated_time` datetime NOT NULL COMMENT '更新时间',
  `created_id` int DEFAULT NULL COMMENT '创建人ID',
  `updated_id` int DEFAULT NULL COMMENT '更新人ID',
  PRIMARY KEY (`id`),
  UNIQUE KEY `code` (`code`),
  UNIQUE KEY `ix_task_node_uuid` (`uuid`),
  KEY `ix_task_node_updated_time` (`updated_time`),
  KEY `ix_task_node_id` (`id`),
  KEY `ix_task_node_created_id` (`created_id`),
  KEY `ix_task_node_status` (`status`),
  KEY `ix_task_node_updated_id` (`updated_id`),
  KEY `ix_task_node_created_time` (`created_time`),
  CONSTRAINT `task_node_ibfk_1` FOREIGN KEY (`created_id`) REFERENCES `sys_user` (`id`) ON DELETE SET NULL ON UPDATE CASCADE,
  CONSTRAINT `task_node_ibfk_2` FOREIGN KEY (`updated_id`) REFERENCES `sys_user` (`id`) ON DELETE SET NULL ON UPDATE CASCADE
) ENGINE=InnoDB DEFAULT CHARSET=utf8mb4 COLLATE=utf8mb4_unicode_ci COMMENT='节点类型表';
/*!40101 SET character_set_client = @saved_cs_client */;

--
-- Dumping data for table `task_node`
--

/*!40000 ALTER TABLE `task_node` DISABLE KEYS */;
/*!40000 ALTER TABLE `task_node` ENABLE KEYS */;

--
-- Dumping routines for database 'wantong'
--
/*!40103 SET TIME_ZONE=@OLD_TIME_ZONE */;

/*!40101 SET SQL_MODE=@OLD_SQL_MODE */;
/*!40014 SET FOREIGN_KEY_CHECKS=@OLD_FOREIGN_KEY_CHECKS */;
/*!40014 SET UNIQUE_CHECKS=@OLD_UNIQUE_CHECKS */;
/*!40101 SET CHARACTER_SET_CLIENT=@OLD_CHARACTER_SET_CLIENT */;
/*!40101 SET CHARACTER_SET_RESULTS=@OLD_CHARACTER_SET_RESULTS */;
/*!40101 SET COLLATION_CONNECTION=@OLD_COLLATION_CONNECTION */;
/*!40111 SET SQL_NOTES=@OLD_SQL_NOTES */;

-- Dump completed on 2026-04-10 14:31:43
